id,seismic,seismoacoustic,shift,genergy,gpuls,gdenergy,gdpuls,ghazard,nbumps,nbumps2,nbumps3,nbumps4,nbumps5,nbumps6,nbumps7,nbumps89,energy,maxenergy,class,has_any_bump,has_high_energy_bump,high_energy_bumps,low_energy_bumps,high_energy_ratio,avg_energy_per_bump,energy_per_pulse,both_positive_dev,both_negative_dev,dev_magnitude,hazard_agreement,any_high_hazard
1,a,a,N,15180,48,-72,-72,a,0,0,0,0,0,0,0,0,0,0,0,0,0,0,0,0.0,0.0,309.7959183673469,0,1,101.82337649086284,True,0
2,a,a,N,14720,33,-70,-79,a,1,0,1,0,0,0,0,0,2000,2000,0,1,0,0,1,0.0,1000.0,432.94117647058823,0,1,105.55093557141026,True,0
3,a,a,N,8050,30,-81,-78,a,0,0,0,0,0,0,0,0,0,0,0,0,0,0,0,0.0,0.0,259.6774193548387,0,1,112.44998888394787,True,0
4,a,a,N,28820,171,-23,40,a,1,0,1,0,0,0,0,0,3000,3000,0,1,0,0,1,0.0,1500.0,167.5581395348837,0,0,46.14108798023731,True,0
5,a,a,N,12640,57,-63,-52,a,0,0,0,0,0,0,0,0,0,0,0,0,0,0,0,0.0,0.0,217.93103448275863,0,1,81.68843247363729,True,0
6,a,a,W,63760,195,-73,-65,a,0,0,0,0,0,0,0,0,0,0,0,0,0,0,0,0.0,0.0,325.3061224489796,0,1,97.74456506629922,True,0
7,a,a,W,207930,614,-6,18,a,2,2,0,0,0,0,0,0,1000,700,0,1,0,0,2,0.0,333.3333333333333,338.0975609756098,0,0,18.973665961010276,True,0
8,a,a,N,48990,194,-27,-3,a,1,0,1,0,0,0,0,0,4000,4000,0,1,0,0,1,0.0,2000.0,251.23076923076923,0,1,27.16615541441225,True,0
9,a,a,N,100190,303,54,52,a,0,0,0,0,0,0,0,0,0,0,0,0,0,0,0,0.0,0.0,329.57236842105266,1,0,74.96665925596525,True,0
10,a,a,W,247620,675,4,25,a,1,1,0,0,0,0,0,0,500,500,0,1,0,0,1,0.0,250.0,366.301775147929,1,0,25.317977802344327,True,0
11,a,a,N,41950,135,-39,-36,a,1,0,1,0,0,0,0,0,5000,5000,0,1,0,0,1,0.0,2500.0,308.45588235294116,0,1,53.075418038862395,True,0
12,a,a,N,53250,140,-19,-31,a,0,0,0,0,0,0,0,0,0,0,0,0,0,0,0,0.0,0.0,377.6595744680851,0,1,36.359317925395686,True,0
13,a,a,W,166180,448,-30,-19,a,1,1,0,0,0,0,0,0,400,400,0,1,0,0,1,0.0,200.0,370.1113585746102,0,1,35.510561809129406,True,0
14,a,a,N,64540,215,0,9,a,1,0,1,0,0,0,0,0,6000,6000,0,1,0,0,1,0.0,3000.0,298.7962962962963,0,0,9.0,True,0
15,a,a,N,75670,207,18,4,a,1,1,0,0,0,0,0,0,600,600,0,1,0,0,1,0.0,300.0,363.7980769230769,1,0,18.439088914585774,True,0
16,a,b,W,225040,575,-3,5,a,2,0,2,0,0,0,0,0,7000,6000,0,1,0,0,2,0.0,2333.3333333333335,390.69444444444446,0,0,5.830951894845301,False,0
17,a,b,N,31290,117,-52,-41,a,0,0,0,0,0,0,0,0,0,0,0,0,0,0,0,0.0,0.0,265.1694915254237,0,1,66.21933252457322,False,0
18,a,b,N,22890,81,-63,-58,a,0,0,0,0,0,0,0,0,0,0,0,0,0,0,0,0.0,0.0,279.1463414634146,0,1,85.63293758829018,False,0
19,a,b,N,13170,59,-77,-67,a,0,0,0,0,0,0,0,0,0,0,0,0,0,0,0,0.0,0.0,219.5,0,1,102.06860437960343,False,0
20,a,b,N,8900,38,-83,-77,a,0,0,0,0,0,0,0,0,0,0,0,0,0,0,0,0.0,0.0,228.2051282051282,0,1,113.21660655575224,False,0
21,a,a,N,13250,32,-71,-79,a,0,0,0,0,0,0,0,0,0,0,0,0,0,0,0,0.0,0.0,401.5151515151515,0,1,106.21675950620975,True,0
22,a,a,N,11710,70,-72,-47,a,1,0,1,0,0,0,0,0,4000,4000,0,1,0,0,1,0.0,2000.0,164.92957746478874,0,1,85.98255637046388,True,0
23,a,a,N,10640,62,-68,-43,a,0,0,0,0,0,0,0,0,0,0,0,0,0,0,0,0.0,0.0,168.88888888888889,0,1,80.45495634204272,True,0
24,a,a,N,45630,155,49,52,a,0,0,0,0,0,0,0,0,0,0,0,0,0,0,0,0.0,0.0,292.5,1,0,71.449282711585,True,0
25,a,a,W,424650,1069,1,7,a,2,0,2,0,0,0,0,0,6000,4000,0,1,0,0,2,0.0,2000.0,396.86915887850466,1,0,7.0710678118654755,True,0
26,a,a,N,38820,213,-82,-57,a,1,0,1,0,0,0,0,0,4000,4000,0,1,0,0,1,0.0,2000.0,181.4018691588785,0,1,99.86490875177326,True,0
27,a,a,N,56960,200,-70,-58,a,0,0,0,0,0,0,0,0,0,0,0,0,0,0,0,0.0,0.0,283.3830845771144,0,1,90.9065454189081,True,0
28,a,a,W,212260,729,-50,-28,a,2,1,1,0,0,0,0,0,1400,1000,0,1,0,0,2,0.0,466.6666666666667,290.7671232876712,0,1,57.30619512757761,True,0
29,a,a,N,42950,172,-76,-61,a,1,0,1,0,0,0,0,0,6000,6000,0,1,0,0,1,0.0,3000.0,248.26589595375722,0,1,97.45255255764212,True,0
30,a,a,W,172290,437,-57,-55,a,1,1,0,0,0,0,0,0,600,600,0,1,0,0,1,0.0,300.0,393.35616438356163,0,1,79.20858539325141,True,0
31,a,a,W,395110,1043,46,40,a,3,0,3,0,0,0,0,0,6000,2000,0,1,0,0,3,0.0,1500.0,378.45785440613025,1,0,60.959002616512684,True,0
32,a,a,N,51320,239,11,23,a,1,0,1,0,0,0,0,0,6000,6000,0,1,0,0,1,0.0,3000.0,213.83333333333334,1,0,25.495097567963924,True,0
33,a,a,W,144880,361,-46,-52,a,1,0,1,0,0,0,0,0,2000,2000,0,1,0,0,1,0.0,1000.0,400.2209944751381,0,1,69.42621983083913,True,0
34,a,a,W,477750,1132,86,60,a,3,3,0,0,0,0,0,0,1500,600,0,1,0,0,3,0.0,375.0,421.66813768755515,1,0,104.86181383134664,True,0
35,a,a,N,71840,255,54,28,a,1,0,1,0,0,0,0,0,6000,6000,0,1,0,0,1,0.0,3000.0,280.625,1,0,60.8276253029822,True,0
36,a,a,W,127360,351,-54,-53,a,1,1,0,0,0,0,0,0,700,700,1,1,0,0,1,0.0,350.0,361.8181818181818,0,1,75.66372975210778,True,0
37,a,a,W,514800,1369,95,94,a,7,4,2,1,0,0,0,0,15700,10000,0,1,0,1,6,0.125,1962.5,375.7664233576642,1,0,133.64505228402584,True,0
38,a,a,N,69440,266,41,30,a,0,0,0,0,0,0,0,0,0,0,0,0,0,0,0,0.0,0.0,260.0749063670412,1,0,50.80354318352215,True,0
39,a,a,N,28460,117,-45,-45,a,0,0,0,0,0,0,0,0,0,0,0,0,0,0,0,0.0,0.0,241.1864406779661,0,1,63.63961030678928,True,0
40,a,a,N,23220,112,-53,-45,a,0,0,0,0,0,0,0,0,0,0,0,0,0,0,0,0.0,0.0,205.4867256637168,0,1,69.52697318307479,True,0
41,a,a,N,16630,81,-65,-59,a,0,0,0,0,0,0,0,0,0,0,0,0,0,0,0,0.0,0.0,202.8048780487805,0,1,87.78382538941898,True,0
42,a,a,N,8750,47,-80,-75,a,0,0,0,0,0,0,0,0,0,0,0,0,0,0,0,0.0,0.0,182.29166666666666,0,1,109.65856099730654,True,0
43,a,a,N,20150,64,-51,-62,a,1,0,1,0,0,0,0,0,5000,5000,0,1,0,0,1,0.0,2500.0,310.0,0,1,80.2807573457052,True,0
44,a,a,N,15590,82,-59,-48,a,0,0,0,0,0,0,0,0,0,0,0,0,0,0,0,0.0,0.0,187.83132530120483,0,1,76.05918747922567,True,0
45,a,a,W,102720,265,-64,-66,a,2,1,1,0,0,0,0,0,2700,2000,0,1,0,0,2,0.0,900.0,386.16541353383457,0,1,91.93475947648963,True,0
46,a,a,W,250030,687,-8,-5,a,0,0,0,0,0,0,0,0,0,0,0,0,0,0,0,0.0,0.0,363.4156976744186,0,1,9.433981132056603,True,0
47,a,a,N,39510,204,12,40,a,1,0,1,0,0,0,0,0,5000,5000,0,1,0,0,1,0.0,2500.0,192.73170731707316,1,0,41.7612260356422,True,0
48,a,b,N,64200,198,86,35,a,1,1,0,0,0,0,0,0,500,500,0,1,0,0,1,0.0,250.0,322.61306532663315,1,0,92.84934033152847,False,0
49,a,b,W,309010,983,15,38,b,2,1,1,0,0,0,0,0,1800,1000,0,1,0,0,2,0.0,600.0,314.0345528455285,1,0,40.85339643163099,False,0
50,a,b,N,59060,264,65,85,b,1,0,1,0,0,0,0,0,6000,6000,0,1,0,0,1,0.0,3000.0,222.8679245283019,1,0,107.00467279516349,False,0
51,a,b,N,66510,215,93,50,b,1,1,0,0,0,0,0,0,300,300,0,1,0,0,1,0.0,150.0,307.9166666666667,1,0,105.58882516630251,False,0
52,a,b,W,248900,739,-9,0,b,1,1,0,0,0,0,0,0,400,400,0,1,0,0,1,0.0,200.0,336.35135135135135,0,0,9.0,False,0
53,a,b,N,51620,186,51,34,a,1,0,1,0,0,0,0,0,7000,7000,0,1,0,0,1,0.0,3500.0,276.0427807486631,1,0,61.29437168288782,False,0
54,a,b,N,45150,140,24,-4,a,0,0,0,0,0,0,0,0,0,0,0,0,0,0,0,0.0,0.0,320.21276595744683,0,0,24.331050121192877,False,0
55,a,b,N,60460,191,56,29,a,0,0,0,0,0,0,0,0,0,0,0,0,0,0,0,0.0,0.0,314.8958333333333,1,0,63.06346010171025,False,0
56,a,a,N,18330,91,-57,-43,a,1,0,1,0,0,0,0,0,4000,4000,0,1,0,0,1,0.0,2000.0,199.2391304347826,0,1,71.40028011149536,True,0
57,a,a,N,50580,134,15,-18,a,0,0,0,0,0,0,0,0,0,0,0,0,0,0,0,0.0,0.0,374.6666666666667,0,0,23.430749027719962,True,0
58,a,a,W,269070,767,-1,4,a,2,2,0,0,0,0,0,0,800,400,0,1,0,0,2,0.0,266.6666666666667,350.3515625,0,0,4.123105625617661,True,0
59,a,a,N,37360,171,-21,0,a,1,0,1,0,0,0,0,0,4000,4000,0,1,0,0,1,0.0,2000.0,217.2093023255814,0,0,21.0,True,0
60,a,a,W,372770,975,37,32,a,3,3,0,0,0,0,0,0,1400,700,0,1,0,0,3,0.0,350.0,381.9364754098361,1,0,48.91829923454004,True,0
61,a,a,N,44180,203,-10,13,a,0,0,0,0,0,0,0,0,0,0,0,0,0,0,0,0.0,0.0,216.5686274509804,0,0,16.401219466856727,True,0
62,a,a,N,32070,138,-36,-23,a,0,0,0,0,0,0,0,0,0,0,0,0,0,0,0,0.0,0.0,230.71942446043167,0,1,42.720018726587654,True,0
63,a,a,N,31540,121,-32,-30,a,0,0,0,0,0,0,0,0,0,0,0,0,0,0,0,0.0,0.0,258.5245901639344,0,1,43.86342439892262,True,0
64,a,a,N,46380,133,6,-16,a,1,0,1,0,0,0,0,0,5000,5000,0,1,0,0,1,0.0,2500.0,346.1194029850746,0,0,17.08800749063506,True,0
65,a,a,N,18160,78,-57,-48,a,0,0,0,0,0,0,0,0,0,0,0,0,0,0,0,0.0,0.0,229.873417721519,0,1,74.51845409024533,True,0
66,a,a,N,147520,472,-2,-6,a,0,0,0,0,0,0,0,0,0,0,0,0,0,0,0,0.0,0.0,311.8816067653277,0,1,6.324555320336759,True,0
67,a,a,W,202640,588,-33,-41,a,2,1,1,0,0,0,0,0,4300,4000,0,1,0,0,2,0.0,1433.3333333333333,344.0407470288625,0,1,52.630789467763066,True,0
68,a,a,W,259110,1409,-11,46,a,1,1,0,0,0,0,0,0,900,900,0,1,0,0,1,0.0,450.0,183.7659574468085,0,0,47.29693436154187,True,0
69,a,a,N,40210,193,-71,-59,a,1,0,1,0,0,0,0,0,5000,5000,0,1,0,0,1,0.0,2500.0,207.2680412371134,0,1,92.31467922275417,True,0
70,a,a,N,59210,175,-54,-61,a,0,0,0,0,0,0,0,0,0,0,0,0,0,0,0,0.0,0.0,336.42045454545456,0,1,81.46778504415104,True,0
71,a,a,W,590510,1780,23,-6,a,1,1,0,0,0,0,0,0,800,800,0,1,0,0,1,0.0,400.0,331.56092083099384,0,0,23.769728648009426,True,0
72,a,a,N,75930,305,-38,-27,a,1,0,1,0,0,0,0,0,6000,6000,0,1,0,0,1,0.0,3000.0,248.13725490196077,0,1,46.61544808322666,True,0
73,a,a,N,73030,240,25,7,a,0,0,0,0,0,0,0,0,0,0,0,0,0,0,0,0.0,0.0,303.02904564315355,1,0,25.96150997149434,True,0
74,a,a,W,317360,1068,-36,-44,a,0,0,0,0,0,0,0,0,0,0,0,0,0,0,0,0.0,0.0,296.8755846585594,0,1,56.85068161420758,True,0
75,a,a,W,227990,734,-52,-59,a,2,1,1,0,0,0,0,0,4300,4000,0,1,0,0,2,0.0,1433.3333333333333,310.1904761904762,0,1,78.64477096412705,True,0
76,a,a,N,96080,433,60,92,a,0,0,0,0,0,0,0,0,0,0,0,0,0,0,0,0.0,0.0,221.38248847926266,1,0,109.83624174196785,True,0
77,a,a,W,210960,773,-44,-35,a,1,0,1,0,0,0,0,0,5000,5000,0,1,0,0,1,0.0,2500.0,272.5581395348837,0,1,56.22277118748239,True,0
78,a,a,N,24900,159,-57,-29,a,0,0,0,0,0,0,0,0,0,0,0,0,0,0,0,0.0,0.0,155.625,0,1,63.953107821277925,True,0
79,a,a,W,302440,1250,-16,9,a,2,2,0,0,0,0,0,0,600,300,0,1,0,0,2,0.0,200.0,241.7585931254996,0,0,18.35755975068582,True,0
80,a,a,N,46160,250,-16,15,a,1,0,1,0,0,0,0,0,6000,6000,0,1,0,0,1,0.0,3000.0,183.90438247011951,0,0,21.93171219946131,True,0
81,a,b,W,436650,1232,23,6,a,0,0,0,0,0,0,0,0,0,0,0,0,0,0,0,0.0,0.0,354.1362530413625,1,0,23.769728648009426,False,0
82,a,b,N,58230,279,8,27,a,0,0,0,0,0,0,0,0,0,0,0,0,0,0,0,0.0,0.0,207.96428571428572,1,0,28.160255680657446,False,0
83,a,b,N,36380,222,-32,-2,a,1,0,1,0,0,0,0,0,4000,4000,0,1,0,0,1,0.0,2000.0,163.1390134529148,0,1,32.0624390837628,False,0
84,a,b,W,169370,644,-53,-45,a,0,0,0,0,0,0,0,0,0,0,0,0,0,0,0,0.0,0.0,262.5891472868217,0,1,69.52697318307479,False,0
85,a,b,N,96600,383,87,70,a,0,0,0,0,0,0,0,0,0,0,0,0,0,0,0,0.0,0.0,251.5625,1,0,111.66467659918243,False,0
86,a,a,W,233810,839,-31,-24,a,0,0,0,0,0,0,0,0,0,0,0,0,0,0,0,0.0,0.0,278.3452380952381,0,1,39.20459156782532,True,0
87,a,a,W,149050,697,-54,-35,a,1,0,1,0,0,0,0,0,6000,6000,0,1,0,0,1,0.0,3000.0,213.53868194842406,0,1,64.35060217278468,True,0
88,a,a,N,63550,325,15,35,a,0,0,0,0,0,0,0,0,0,0,0,0,0,0,0,0.0,0.0,194.93865030674846,1,0,38.07886552931954,True,0
89,a,a,W,194580,697,-35,-32,a,0,0,0,0,0,0,0,0,0,0,0,0,0,0,0,0.0,0.0,278.7679083094556,0,1,47.4236228055175,True,0
90,a,a,N,63550,325,15,35,a,0,0,0,0,0,0,0,0,0,0,0,0,0,0,0,0.0,0.0,194.93865030674846,1,0,38.07886552931954,True,0
91,a,a,W,194580,697,-35,-32,a,0,0,0,0,0,0,0,0,0,0,0,0,0,0,0,0.0,0.0,278.7679083094556,0,1,47.4236228055175,True,0
92,a,a,N,46020,267,-18,6,a,1,0,1,0,0,0,0,0,5000,5000,0,1,0,0,1,0.0,2500.0,171.71641791044777,0,0,18.973665961010276,True,0
93,a,a,N,104390,331,91,29,a,0,0,0,0,0,0,0,0,0,0,0,0,0,0,0,0.0,0.0,314.4277108433735,1,0,95.50916186418976,True,0
94,a,a,W,285750,791,1,-19,a,0,0,0,0,0,0,0,0,0,0,0,0,0,0,0,0.0,0.0,360.79545454545456,0,0,19.026297590440446,True,0
95,a,a,N,26510,106,-55,-60,a,0,0,0,0,0,0,0,0,0,0,0,0,0,0,0,0.0,0.0,247.7570093457944,0,1,81.39410298049853,True,0
96,a,a,N,25580,120,-54,-53,a,1,0,1,0,0,0,0,0,6000,6000,0,1,0,0,1,0.0,3000.0,211.40495867768595,0,1,75.66372975210778,True,0
97,a,a,W,298230,916,9,-2,a,0,0,0,0,0,0,0,0,0,0,0,0,0,0,0,0.0,0.0,325.2235550708833,0,0,9.219544457292887,True,0
98,a,a,N,39040,231,-26,-5,a,1,0,1,0,0,0,0,0,5000,5000,0,1,0,0,1,0.0,2500.0,168.27586206896552,0,1,26.476404589747453,True,0
99,a,a,N,54990,182,1,-28,a,0,0,0,0,0,0,0,0,0,0,0,0,0,0,0,0.0,0.0,300.4918032786885,0,0,28.0178514522438,True,0
100,a,a,W,172120,537,-35,-41,a,0,0,0,0,0,0,0,0,0,0,0,0,0,0,0,0.0,0.0,319.9256505576208,0,1,53.907327887774215,True,0
101,a,a,N,25280,158,-54,-35,a,1,0,1,0,0,0,0,0,4000,4000,0,1,0,0,1,0.0,2000.0,158.9937106918239,0,1,64.35060217278468,True,0
102,a,a,W,270040,717,10,-14,a,2,2,0,0,0,0,0,0,800,500,0,1,0,0,2,0.0,266.6666666666667,376.100278551532,0,0,17.204650534085253,True,0
103,a,a,N,41120,132,-21,-43,a,0,0,0,0,0,0,0,0,0,0,0,0,0,0,0,0.0,0.0,309.17293233082705,0,1,47.853944456021594,True,0
104,a,a,N,22710,68,-57,-70,a,0,0,0,0,0,0,0,0,0,0,0,0,0,0,0,0.0,0.0,329.1304347826087,0,1,90.27181176868004,True,0
105,a,a,N,13160,46,-71,-76,a,0,0,0,0,0,0,0,0,0,0,0,0,0,0,0,0.0,0.0,280.0,0,1,104.00480758118829,True,0
106,a,a,N,19500,80,-51,-51,a,1,0,1,0,0,0,0,0,4000,4000,0,1,0,0,1,0.0,2000.0,240.74074074074073,0,1,72.12489168102785,True,0
107,a,a,N,12970,53,-65,-64,a,0,0,0,0,0,0,0,0,0,0,0,0,0,0,0,0.0,0.0,240.1851851851852,0,1,91.21951545584969,True,0
108,a,a,W,166700,363,-34,-56,a,0,0,0,0,0,0,0,0,0,0,0,0,0,0,0,0.0,0.0,457.967032967033,0,1,65.5133574166368,True,0
109,a,a,W,274170,997,15,34,a,0,0,0,0,0,0,0,0,0,0,0,0,0,0,0,0.0,0.0,274.7194388777555,1,0,37.16180835212409,True,0
110,a,b,N,56120,222,100,89,a,1,0,1,0,0,0,0,0,5000,5000,0,1,0,0,1,0.0,2500.0,251.65919282511211,1,0,133.86933928274988,False,0
111,a,b,W,226790,717,2,0,a,0,0,0,0,0,0,0,0,0,0,0,0,0,0,0,0.0,0.0,315.8635097493036,0,0,2.0,False,0
112,a,b,W,134640,611,-41,-16,a,0,0,0,0,0,0,0,0,0,0,0,0,0,0,0,0.0,0.0,220.0,0,1,44.01136216933077,False,0
113,a,b,N,49910,208,61,61,a,1,0,1,0,0,0,0,0,3000,3000,0,1,0,0,1,0.0,1500.0,238.80382775119617,1,0,86.2670273047588,False,0
114,a,b,W,328050,707,51,0,a,1,1,0,0,0,0,0,0,200,200,0,1,0,0,1,0.0,100.0,463.3474576271187,0,0,51.0,False,0
115,a,b,W,140090,380,-40,-46,a,0,0,0,0,0,0,0,0,0,0,0,0,0,0,0,0.0,0.0,367.6902887139108,0,1,60.959002616512684,False,0
116,a,a,N,42820,150,28,9,a,1,0,1,0,0,0,0,0,3000,3000,0,1,0,0,1,0.0,1500.0,283.57615894039736,1,0,29.410882339705484,True,0
117,a,a,W,157740,440,-31,-35,a,0,0,0,0,0,0,0,0,0,0,0,0,0,0,0,0.0,0.0,357.687074829932,0,1,46.75467891024384,True,0
118,a,a,W,325750,1068,50,67,a,1,0,1,0,0,0,0,0,3000,3000,0,1,0,0,1,0.0,1500.0,304.7240411599626,1,0,83.60023923410746,True,0
119,a,a,W,300520,894,37,37,a,0,0,0,0,0,0,0,0,0,0,0,0,0,0,0,0.0,0.0,335.77653631284915,1,0,52.32590180780452,True,0
120,a,a,W,465730,1325,-7,-12,a,1,0,1,0,0,0,0,0,4000,4000,0,1,0,0,1,0.0,2000.0,351.2292609351433,0,1,13.892443989449804,True,0
121,a,a,W,336600,984,-32,-34,a,1,0,1,0,0,0,0,0,4000,4000,0,1,0,0,1,0.0,2000.0,341.7258883248731,0,1,46.69047011971501,True,0
122,a,a,N,112300,263,-55,-65,a,0,0,0,0,0,0,0,0,0,0,0,0,0,0,0,0.0,0.0,425.3787878787879,0,1,85.14693182963201,True,0
123,a,a,W,951410,1332,98,-7,a,0,0,0,0,0,0,0,0,0,0,0,0,0,0,0,0.0,0.0,713.7359339834959,0,0,98.2496819333274,True,0
124,a,a,N,203850,476,-14,-32,a,1,0,1,0,0,0,0,0,3000,3000,0,1,0,0,1,0.0,1500.0,427.35849056603774,0,1,34.92849839314596,True,0
125,a,a,W,715390,1923,36,36,a,1,1,0,0,0,0,0,0,300,300,0,1,0,0,1,0.0,150.0,371.8243243243243,1,0,50.91168824543142,True,0
126,a,a,N,160350,828,-31,23,a,0,0,0,0,0,0,0,0,0,0,0,0,0,0,0,0.0,0.0,193.42581423401688,0,0,38.600518131237564,True,0
127,a,a,N,76150,260,-52,-50,a,1,0,1,0,0,0,0,0,4000,4000,0,1,0,0,1,0.0,2000.0,291.76245210727967,0,1,72.13875518748573,True,0
128,a,a,W,373180,1246,-32,-14,a,1,0,1,0,0,0,0,0,2000,2000,0,1,0,0,1,0.0,1000.0,299.26222935044103,0,1,34.92849839314596,True,0
129,a,a,W,481630,1678,-10,17,a,0,0,0,0,0,0,0,0,0,0,0,0,0,0,0,0.0,0.0,286.8552709946397,0,0,19.72308292331602,True,0
130,a,a,W,620720,1789,17,23,a,0,0,0,0,0,0,0,0,0,0,0,0,0,0,0,0.0,0.0,346.7709497206704,1,0,28.600699292150182,True,0
131,a,a,N,99160,514,-34,4,a,1,0,1,0,0,0,0,0,4000,4000,0,1,0,0,1,0.0,2000.0,192.54368932038835,0,0,34.23448553724738,True,0
132,a,a,N,280830,689,94,39,a,1,0,1,0,0,0,0,0,3000,3000,0,1,0,0,1,0.0,1500.0,407.0,1,0,101.76934705499491,True,0
133,a,a,W,557230,1642,2,11,a,0,0,0,0,0,0,0,0,0,0,0,0,0,0,0,0.0,0.0,339.15398660986,1,0,11.180339887498949,True,0
134,a,a,N,65800,259,-58,-49,a,1,0,1,0,0,0,0,0,4000,4000,0,1,0,0,1,0.0,2000.0,253.07692307692307,0,1,75.92759709091287,True,0
135,a,a,N,270490,865,83,78,a,0,0,0,0,0,0,0,0,0,0,0,0,0,0,0,0.0,0.0,312.34411085450347,1,0,113.89907813498755,True,0
136,a,a,W,307540,1020,-44,-32,a,0,0,0,0,0,0,0,0,0,0,0,0,0,0,0,0.0,0.0,301.2144955925563,0,1,54.405882034941776,True,0
137,a,a,N,51230,222,-68,-57,a,1,0,1,0,0,0,0,0,3000,3000,0,1,0,0,1,0.0,1500.0,229.73094170403587,0,1,88.72992730753249,True,0
138,a,a,W,314100,904,-41,-37,a,0,0,0,0,0,0,0,0,0,0,0,0,0,0,0,0.0,0.0,347.0718232044199,0,1,55.226805085936306,True,0
139,a,a,W,368340,1325,-28,-4,a,1,0,1,0,0,0,0,0,2000,2000,0,1,0,0,1,0.0,1000.0,277.78280542986425,0,1,28.284271247461902,True,0
140,a,a,N,114540,488,-23,0,a,2,0,2,0,0,0,0,0,8000,5000,0,1,0,0,2,0.0,2666.6666666666665,234.23312883435582,0,0,23.0,True,0
141,a,a,W,316200,1089,-37,-21,a,3,1,2,0,0,0,0,0,2700,1000,0,1,0,0,3,0.0,675.0,290.091743119266,0,1,42.5440947723653,True,0
142,a,a,N,209760,919,46,89,a,0,0,0,0,0,0,0,0,0,0,0,0,0,0,0,0.0,0.0,228.0,1,0,100.18482919085105,True,0
143,a,a,N,46300,197,-69,-63,a,1,0,1,0,0,0,0,0,5000,5000,0,1,0,0,1,0.0,2500.0,233.83838383838383,0,1,93.43446901438462,True,0
144,a,a,W,372380,1264,-26,-9,a,0,0,0,0,0,0,0,0,0,0,0,0,0,0,0,0.0,0.0,294.3715415019763,0,1,27.51363298439521,True,0
145,a,a,N,47830,264,-65,-47,a,1,0,1,0,0,0,0,0,3000,3000,0,1,0,0,1,0.0,1500.0,180.49056603773585,0,1,80.2122185206219,True,0
146,a,a,W,396530,1209,-10,-13,a,1,0,1,0,0,0,0,0,6000,6000,0,1,0,0,1,0.0,3000.0,327.7107438016529,0,1,16.401219466856727,True,0
147,a,a,N,87740,357,-30,-24,a,0,0,0,0,0,0,0,0,0,0,0,0,0,0,0,0.0,0.0,245.08379888268158,0,1,38.41874542459709,True,0
148,a,a,N,74570,308,-41,-35,a,2,0,2,0,0,0,0,0,4000,3000,0,1,0,0,2,0.0,1333.3333333333333,241.32686084142395,0,1,53.907327887774215,True,0
149,a,a,N,37490,224,-70,-51,a,0,0,0,0,0,0,0,0,0,0,0,0,0,0,0,0.0,0.0,166.62222222222223,0,1,86.6083136886985,True,0
150,a,a,W,303610,1034,-26,-21,a,0,0,0,0,0,0,0,0,0,0,0,0,0,0,0,0.0,0.0,293.34299516908214,0,1,33.421549934136806,True,0
151,a,a,W,278230,1060,-31,-18,a,1,1,0,0,0,0,0,0,900,900,0,1,0,0,1,0.0,450.0,262.23374175306316,0,1,35.84689665786984,True,0
152,a,a,N,64930,273,-35,-33,a,1,0,1,0,0,0,0,0,5000,5000,0,1,0,0,1,0.0,2500.0,236.97080291970804,0,1,48.104053883222775,True,0
153,a,a,W,498960,1447,30,17,a,1,1,0,0,0,0,0,0,900,900,0,1,0,0,1,0.0,450.0,344.585635359116,1,0,34.48187929913333,True,0
154,a,a,W,443740,1321,20,10,a,0,0,0,0,0,0,0,0,0,0,0,0,0,0,0,0.0,0.0,335.6580937972769,1,0,22.360679774997898,True,0
155,a,a,N,39620,195,-61,-53,a,1,0,1,0,0,0,0,0,4000,4000,0,1,0,0,1,0.0,2000.0,202.14285714285714,0,1,80.8084154033477,True,0
156,a,a,W,788230,1484,-1,-1,a,0,0,0,0,0,0,0,0,0,0,0,0,0,0,0,0.0,0.0,530.7946127946128,0,1,1.4142135623730951,True,0
157,a,a,N,119460,269,-70,-64,a,0,0,0,0,0,0,0,0,0,0,0,0,0,0,0,0.0,0.0,442.44444444444446,0,1,94.847245611035,True,0
158,a,a,N,65100,172,-82,-75,a,1,0,1,0,0,0,0,0,3000,3000,0,1,0,0,1,0.0,1500.0,376.3005780346821,0,1,111.12605455067681,True,0
159,a,b,W,1049580,1807,31,21,a,0,0,0,0,0,0,0,0,0,0,0,0,0,0,0,0.0,0.0,580.5199115044247,1,0,37.44329045369811,False,0
160,a,b,W,715540,1471,-13,-4,a,2,2,0,0,0,0,0,0,900,600,1,1,0,0,2,0.0,300.0,486.1005434782609,0,1,13.601470508735444,False,0
161,a,b,N,92520,169,-73,-74,a,1,0,0,1,0,0,0,0,10000,10000,1,1,0,1,0,0.5,5000.0,544.2352941176471,0,1,103.9471019317037,False,0
162,b,c,W,974430,1828,20,20,a,2,1,0,1,0,0,0,0,20600,20000,0,1,0,1,1,0.3333333333333333,6866.666666666667,532.7665390924002,1,0,28.284271247461902,False,1
163,b,c,W,696470,1368,-16,-12,a,2,1,1,0,0,0,0,0,2400,2000,0,1,0,0,2,0.0,800.0,508.7436084733382,0,1,20.0,False,1
164,b,c,N,61620,195,-33,-4,a,1,0,1,0,0,0,0,0,3000,3000,0,1,0,0,1,0.0,1500.0,314.38775510204084,0,1,33.24154027718932,False,1
165,a,c,W,1124850,2153,37,39,a,3,1,2,0,0,0,0,0,3900,2000,0,1,0,0,3,0.0,975.0,522.2144846796657,1,0,53.75872022286245,False,1
166,a,b,W,640820,1235,-25,-23,a,1,0,1,0,0,0,0,0,5000,5000,0,1,0,0,1,0.0,2500.0,518.462783171521,0,1,33.97057550292606,False,0
167,a,b,W,1096910,2037,31,29,a,2,1,1,0,0,0,0,0,3700,3000,0,1,0,0,2,0.0,1233.3333333333333,538.2286555446516,1,0,42.44997055358225,False,0
168,a,b,N,155540,363,74,79,a,0,0,0,0,0,0,0,0,0,0,0,0,0,0,0,0.0,0.0,427.3076923076923,1,0,108.2450922675019,False,0
169,a,b,W,722590,2125,-17,30,a,2,0,2,0,0,0,0,0,5000,4000,0,1,0,0,2,0.0,1666.6666666666667,339.8824082784572,0,0,34.48187929913333,False,0
170,a,b,W,582700,1232,-32,-28,a,1,0,1,0,0,0,0,0,7000,7000,0,1,0,0,1,0.0,3500.0,472.58718572587185,0,1,42.5205832509386,False,0
171,a,b,W,691310,1416,-14,-6,a,0,0,0,0,0,0,0,0,0,0,0,0,0,0,0,0.0,0.0,487.8687367678193,0,1,15.231546211727817,False,0
172,a,b,W,698810,1279,-11,-14,a,3,0,3,0,0,0,0,0,8000,4000,0,1,0,0,3,0.0,2000.0,545.9453125,0,1,17.804493814764857,False,0
173,a,b,N,94110,314,-76,-58,a,0,0,0,0,0,0,0,0,0,0,0,0,0,0,0,0.0,0.0,298.76190476190476,0,1,95.60334722173695,False,0
174,a,a,W,716630,1677,-8,14,a,2,2,0,0,0,0,0,0,700,500,0,1,0,0,2,0.0,233.33333333333334,427.07389749702025,0,0,16.1245154965971,True,0
175,a,a,W,641120,1571,-17,6,a,1,1,0,0,0,0,0,0,800,800,0,1,0,0,1,0.0,400.0,407.83715012722644,0,0,18.027756377319946,True,0
176,a,a,N,384230,751,4,6,a,3,1,2,0,0,0,0,0,9700,6000,1,1,0,0,3,0.0,2425.0,510.9441489361702,1,0,7.211102550927978,True,0
177,a,a,W,790830,1434,5,-4,a,2,0,1,1,0,0,0,0,13000,10000,0,1,0,1,1,0.3333333333333333,4333.333333333333,551.1010452961673,0,0,6.4031242374328485,True,0
178,a,b,N,390180,938,6,33,a,0,0,0,0,0,0,0,0,0,0,0,0,0,0,0,0.0,0.0,415.5271565495208,1,0,33.54101966249684,False,0
179,a,b,N,69360,257,-81,-65,a,1,0,1,0,0,0,0,0,4000,4000,0,1,0,0,1,0.0,2000.0,268.83720930232556,0,1,103.85566907973777,False,0
180,a,b,W,936850,1737,24,17,a,2,1,1,0,0,0,0,0,2600,2000,0,1,0,0,2,0.0,866.6666666666666,539.0391254315305,1,0,29.410882339705484,False,0
181,a,b,N,432690,1012,30,50,a,0,0,0,0,0,0,0,0,0,0,0,0,0,0,0,0.0,0.0,427.13721618953605,1,0,58.309518948453004,False,0
182,a,a,W,441960,1006,-42,-33,a,3,0,3,0,0,0,0,0,6000,3000,0,1,0,0,3,0.0,1500.0,438.8877855014896,0,1,53.41348144429457,True,0
183,a,a,W,912890,2001,25,37,a,0,0,0,0,0,0,0,0,0,0,0,0,0,0,0,0.0,0.0,455.989010989011,1,0,44.654227123532216,True,0
184,a,a,W,446210,1030,-40,-32,a,0,0,0,0,0,0,0,0,0,0,0,0,0,0,0,0.0,0.0,432.79340446168766,0,1,51.22499389946279,True,0
185,a,a,N,84630,233,-75,-67,a,0,0,0,0,0,0,0,0,0,0,0,0,0,0,0,0.0,0.0,361.6666666666667,0,1,100.56838469419701,True,0
186,a,a,N,77540,174,-75,-73,a,0,0,0,0,0,0,0,0,0,0,0,0,0,0,0,0.0,0.0,443.0857142857143,0,1,104.66135867644753,True,0
187,a,a,N,117040,328,-57,-45,a,1,0,1,0,0,0,0,0,2000,2000,0,1,0,0,1,0.0,1000.0,355.74468085106383,0,1,72.62231062146122,True,0
188,a,a,N,414700,900,69,63,a,0,0,0,0,0,0,0,0,0,0,0,0,0,0,0,0.0,0.0,460.2663706992231,1,0,93.43446901438462,True,0
189,a,a,W,960770,2117,36,44,a,0,0,0,0,0,0,0,0,0,0,0,0,0,0,0,0.0,0.0,453.62134088762986,1,0,56.85068161420758,True,0
190,a,b,W,763520,2079,5,36,b,0,0,0,0,0,0,0,0,0,0,0,0,0,0,0,0.0,0.0,367.0769230769231,1,0,36.345563690772494,False,0
191,a,b,W,541040,1295,-26,-19,b,4,3,1,0,0,0,0,0,4200,3000,0,1,0,0,4,0.0,840.0,417.4691358024691,0,1,32.202484376209235,False,0
192,a,b,W,1127430,3031,58,90,a,1,1,0,0,0,0,0,0,300,300,0,1,0,0,1,0.0,150.0,371.8436675461741,1,0,107.07007051459338,False,0
193,a,b,W,664090,1824,-12,5,a,2,2,0,0,0,0,0,0,1100,600,0,1,0,0,2,0.0,366.6666666666667,363.88493150684934,0,0,13.0,False,0
194,a,a,W,320150,1012,-58,-42,a,2,0,2,0,0,0,0,0,5000,3000,0,1,0,0,2,0.0,1666.6666666666667,316.04146100691014,0,1,71.61005515987263,True,0
195,a,a,W,768080,2124,8,24,a,1,1,0,0,0,0,0,0,300,300,0,1,0,0,1,0.0,150.0,361.44941176470587,1,0,25.298221281347036,True,0
196,a,a,W,474770,1512,-32,-14,a,0,0,0,0,0,0,0,0,0,0,0,0,0,0,0,0.0,0.0,313.79378717779247,0,1,34.92849839314596,True,0
197,a,a,W,682910,1486,-2,-18,a,2,0,2,0,0,0,0,0,6000,4000,0,1,0,0,2,0.0,2000.0,459.2535305985205,0,1,18.110770276274835,True,0
198,a,a,W,1256570,3289,86,88,a,3,2,1,0,0,0,0,0,6200,5000,0,1,0,0,3,0.0,1550.0,381.93617021276594,1,0,123.0447073221762,True,0
199,a,a,W,576040,1541,-24,-22,a,1,1,0,0,0,0,0,0,900,900,0,1,0,0,1,0.0,450.0,373.5667963683528,0,1,32.55764119219941,True,0
200,a,a,W,782750,1593,9,-17,a,2,0,2,0,0,0,0,0,6000,3000,0,1,0,0,2,0.0,2000.0,491.06022584692596,0,0,19.235384061671343,True,0
201,a,a,W,1371400,3040,91,63,a,1,1,0,0,0,0,0,0,300,300,0,1,0,0,1,0.0,150.0,450.9700756330155,1,0,110.67971810589327,True,0
202,a,a,W,891720,2037,11,0,a,0,0,0,0,0,0,0,0,0,0,0,0,0,0,0,0.0,0.0,437.5466143277723,0,0,11.0,True,0
203,a,a,W,1034700,1837,33,-6,a,1,0,1,0,0,0,0,0,2000,2000,1,1,0,0,1,0.0,1000.0,562.948857453754,0,0,33.54101966249684,True,0
204,b,b,W,2129020,3722,161,91,b,2,1,0,1,0,0,0,0,20600,20000,0,1,0,1,1,0.3333333333333333,6866.666666666667,571.8560300832662,1,0,184.93782739072068,True,0
205,b,b,W,1547010,3060,55,38,a,3,1,2,0,0,0,0,0,6500,4000,0,1,0,0,3,0.0,1625.0,505.3936622018948,1,0,66.85057965343307,False,0
206,b,b,W,924910,1869,-14,-19,a,0,0,0,0,0,0,0,0,0,0,0,0,0,0,0,0.0,0.0,494.60427807486633,0,1,23.600847442411894,False,0
207,a,a,W,1988970,3697,78,57,a,0,0,0,0,0,0,0,0,0,0,0,0,0,0,0,0.0,0.0,537.850189291509,1,0,96.60745312862771,True,0
208,a,a,N,218630,645,-11,14,a,1,0,1,0,0,0,0,0,3000,3000,0,1,0,0,1,0.0,1500.0,338.4365325077399,0,0,17.804493814764857,True,0
209,a,a,W,1018360,2263,-19,-12,a,0,0,0,0,0,0,0,0,0,0,0,0,0,0,0,0.0,0.0,449.8056537102473,0,1,22.47220505424423,True,0
210,a,a,W,1189240,2159,-3,-12,a,3,2,1,0,0,0,0,0,5200,4000,0,1,0,0,3,0.0,1300.0,550.574074074074,0,1,12.36931687685298,True,0
211,a,a,W,1582550,2545,23,1,a,0,0,0,0,0,0,0,0,0,0,0,0,0,0,0,0.0,0.0,621.5828750981932,1,0,23.021728866442675,True,0
212,a,a,W,927530,1777,-32,-32,a,1,0,1,0,0,0,0,0,3000,3000,0,1,0,0,1,0.0,1500.0,521.6704161979752,0,1,45.254833995939045,True,0
213,a,a,W,2052510,3635,55,46,a,1,1,0,0,0,0,0,0,800,800,0,1,0,0,1,0.0,400.0,564.496699669967,1,0,71.7007670809734,True,0
214,a,a,W,1260100,2519,-12,-5,a,1,1,0,0,0,0,0,0,600,600,0,1,0,0,1,0.0,300.0,500.03968253968253,0,1,13.0,True,0
215,a,a,W,1062280,1982,-27,-27,a,2,1,1,0,0,0,0,0,5200,5000,0,1,0,0,2,0.0,1733.3333333333333,535.6933938477055,0,1,38.18376618407357,True,0
216,a,a,W,2196220,3848,62,51,a,3,1,2,0,0,0,0,0,8500,4000,0,1,0,0,3,0.0,2125.0,570.5949597297999,1,0,80.2807573457052,True,0
217,a,a,W,1138340,2106,-20,-20,a,2,0,2,0,0,0,0,0,11000,9000,0,1,0,0,2,0.0,3666.6666666666665,540.2657807308971,0,1,28.284271247461902,True,0
218,a,a,W,918020,1759,-36,-34,a,2,0,2,0,0,0,0,0,5000,3000,0,1,0,0,2,0.0,1666.6666666666667,521.6022727272727,0,1,49.51767361255979,True,0
219,a,a,W,1766860,2899,32,18,a,0,0,0,0,0,0,0,0,0,0,1,0,0,0,0,0.0,0.0,609.2620689655172,1,0,36.71511950137164,True,0
220,b,a,W,1699290,3425,21,36,a,1,0,0,1,0,0,0,0,50000,50000,0,1,0,1,0,0.5,25000.0,495.9982486865149,1,0,41.677331968349414,False,0
221,b,b,N,301550,922,32,66,a,1,0,1,0,0,0,0,0,3000,3000,0,1,0,0,1,0.0,1500.0,326.7063921993499,1,0,73.348483283569,False,0
222,b,b,W,1355970,2326,-7,-12,a,0,0,0,0,0,0,0,0,0,0,0,0,0,0,0,0.0,0.0,582.7116458960035,0,1,13.892443989449804,False,0
223,a,b,W,2595650,4365,81,66,a,0,0,0,0,0,0,0,0,0,0,0,0,0,0,0,0.0,0.0,594.5144296839212,1,0,104.48444860360799,False,0
224,a,b,W,2160800,4518,35,57,a,4,2,2,0,0,0,0,0,5100,2000,0,1,0,0,4,0.0,1020.0,478.15888470900643,1,0,66.88796603276258,False,0
225,a,a,W,1367850,3137,-15,5,a,1,0,1,0,0,0,0,0,1000,1000,0,1,0,0,1,0.0,500.0,435.89866156787764,0,0,15.811388300841896,True,0
226,a,a,N,251120,624,1,1,a,0,0,0,0,0,0,0,0,0,0,0,0,0,0,0,0.0,0.0,401.792,1,0,1.4142135623730951,True,0
227,a,a,N,157450,418,-33,-31,a,0,0,0,0,0,0,0,0,0,0,0,0,0,0,0,0.0,0.0,375.7756563245823,0,1,45.27692569068709,True,0
228,a,a,N,129740,306,-39,-44,a,0,0,0,0,0,0,0,0,0,0,0,0,0,0,0,0.0,0.0,422.6058631921824,0,1,58.7962583843564,True,0
229,a,a,N,144520,407,-34,-27,a,1,0,1,0,0,0,0,0,3000,3000,0,1,0,0,1,0.0,1500.0,354.2156862745098,0,1,43.41658669218482,True,0
230,a,a,W,1345240,3510,-17,16,a,0,0,0,0,0,0,0,0,0,0,0,0,0,0,0,0.0,0.0,383.1500996866989,0,0,23.345235059857504,True,0
231,a,a,W,2102300,4014,27,26,a,2,0,2,0,0,0,0,0,4000,3000,0,1,0,0,2,0.0,1333.3333333333333,523.6114570361145,1,0,37.48332962798263,True,0
232,a,a,N,219070,475,15,-4,a,0,0,0,0,0,0,0,0,0,0,0,0,0,0,0,0.0,0.0,460.2310924369748,0,0,15.524174696260024,True,0
233,a,a,W,628360,636,-37,-58,a,2,1,1,0,0,0,0,0,2300,2000,0,1,0,0,2,0.0,766.6666666666666,986.436420722135,0,1,68.79680225126747,True,0
234,a,a,W,1449990,1581,51,12,a,0,0,0,0,0,0,0,0,0,0,0,0,0,0,0,0.0,0.0,916.5549936788875,1,0,52.392747589718944,True,0
235,a,a,W,1531530,1680,52,18,a,2,0,2,0,0,0,0,0,5000,3000,0,1,0,0,2,0.0,1666.6666666666667,911.0826888756692,1,0,55.02726596879042,True,0
236,a,b,N,195510,321,-61,-57,a,1,0,1,0,0,0,0,0,6000,6000,0,1,0,0,1,0.0,3000.0,607.1739130434783,0,1,83.48652585896721,False,0
237,a,b,W,1312110,1471,24,2,a,1,0,1,0,0,0,0,0,3000,3000,0,1,0,0,1,0.0,1500.0,891.3790760869565,1,0,24.08318915758459,False,0
238,a,b,N,315650,645,-33,-9,a,1,0,1,0,0,0,0,0,5000,5000,0,1,0,0,1,0.0,2500.0,488.6222910216718,0,1,34.20526275297414,False,0
239,a,b,W,1061760,1443,-3,0,a,1,0,1,0,0,0,0,0,3000,3000,1,1,0,0,1,0.0,1500.0,735.2908587257617,0,0,3.0,False,0
240,b,b,W,1283710,1556,17,9,a,2,1,0,1,0,0,0,0,40600,40000,0,1,0,1,1,0.3333333333333333,13533.333333333334,824.4765574823379,1,0,19.235384061671343,False,0
241,b,b,W,1134540,1363,1,-5,a,2,0,2,0,0,0,0,0,7000,5000,0,1,0,0,2,0.0,2333.3333333333335,831.7741935483871,0,0,5.0990195135927845,False,0
242,b,a,W,525630,734,-54,-48,a,1,1,0,0,0,0,0,0,200,200,0,1,0,0,1,0.0,100.0,715.1428571428571,0,1,72.24956747275377,False,0
243,a,a,W,1661100,1772,52,32,a,1,0,1,0,0,0,0,0,9000,9000,0,1,0,0,1,0.0,4500.0,936.8866328257192,1,0,61.05735008989499,True,0
244,a,a,W,1310730,1504,13,9,a,2,1,1,0,0,0,0,0,4200,4000,0,1,0,0,2,0.0,1400.0,870.9169435215947,1,0,15.811388300841896,True,0
245,a,a,W,1101540,1185,-7,-14,a,0,0,0,0,0,0,0,0,0,0,0,0,0,0,0,0.0,0.0,928.7858347386172,0,1,15.652475842498529,True,0
246,a,b,W,1496830,1645,21,15,a,3,2,1,0,0,0,0,0,5700,5000,0,1,0,0,3,0.0,1425.0,909.3742405832321,1,0,25.80697580112788,False,0
247,a,b,W,1323740,1405,7,-2,a,1,0,1,0,0,0,0,0,3000,3000,0,1,0,0,1,0.0,1500.0,941.4935988620199,0,0,7.280109889280518,False,0
248,a,b,W,943300,987,-23,-30,a,2,1,1,0,0,0,0,0,1400,1000,0,1,0,0,2,0.0,466.6666666666667,954.7570850202429,0,1,37.8021163428716,False,0
249,a,b,N,348780,723,-23,4,a,1,1,0,0,0,0,0,0,300,300,0,1,0,0,1,0.0,150.0,481.7403314917127,0,0,23.345235059857504,False,0
250,a,b,N,154420,319,-46,-43,a,1,0,1,0,0,0,0,0,3000,3000,0,1,0,0,1,0.0,1500.0,482.5625,0,1,62.96824596572466,False,0
251,a,b,W,1514120,1518,28,12,a,3,2,1,0,0,0,0,0,1900,1000,1,1,0,0,3,0.0,475.0,996.7873601053325,1,0,30.463092423455635,False,0
252,b,b,W,1811640,1927,47,41,a,1,0,0,1,0,0,0,0,40000,40000,0,1,0,1,0,0.5,20000.0,939.6473029045643,1,0,62.369864518050704,False,0
253,b,b,W,1446770,1471,13,5,a,0,0,0,0,0,0,0,0,0,0,0,0,0,0,0,0.0,0.0,982.8600543478261,1,0,13.92838827718412,False,0
254,b,b,W,1132810,1893,-14,34,a,5,3,2,0,0,0,0,0,7000,3000,1,1,0,0,5,0.0,1166.6666666666667,598.104540654699,0,0,36.76955262170047,False,0
255,b,b,W,1367690,2902,0,90,a,4,2,1,1,0,0,0,0,25400,20000,0,1,0,1,3,0.2,5080.0,471.1298656562177,0,0,90.0,False,0
256,b,b,W,814170,2082,-39,27,b,2,1,1,0,0,0,0,0,1700,1000,0,1,0,0,2,0.0,566.6666666666666,390.8641382621219,0,0,47.43416490252569,True,0
257,b,b,W,600400,1688,-54,-1,b,2,1,1,0,0,0,0,0,2200,2000,1,1,0,0,2,0.0,733.3333333333334,355.47661338069867,0,1,54.00925846556311,True,0
258,b,b,W,886800,2519,-29,44,a,3,0,2,1,0,0,0,0,49000,40000,0,1,0,1,2,0.25,12250.0,351.9047619047619,0,0,52.69724850502159,False,0
259,b,b,W,588930,1807,-50,-2,a,1,0,1,0,0,0,0,0,4000,4000,1,1,0,0,1,0.0,2000.0,325.7356194690266,0,1,50.039984012787215,False,0
260,b,a,W,542890,1623,-51,-14,a,3,0,2,1,0,0,0,0,25000,20000,0,1,0,1,2,0.25,6250.0,334.2918719211823,0,1,52.88667128870941,False,0
261,b,a,W,1104700,2584,3,33,a,0,0,0,0,0,0,0,0,0,0,0,0,0,0,0,0.0,0.0,427.3500967117988,1,0,33.13608305156178,False,0
262,b,a,W,734930,2062,-29,1,a,2,1,1,0,0,0,0,0,4800,4000,0,1,0,0,2,0.0,1600.0,356.24333494910326,0,0,29.017236257093817,False,0
263,a,a,W,509190,1758,-45,-15,a,2,1,1,0,0,0,0,0,2300,2000,1,1,0,0,2,0.0,766.6666666666666,289.4769755542922,0,1,47.43416490252569,True,0
264,b,a,W,480250,2368,-42,13,a,2,0,1,1,0,0,0,0,34000,30000,0,1,0,1,1,0.3333333333333333,11333.333333333334,202.72266779231742,0,0,43.965895873961216,False,0
265,b,a,W,428740,2031,-44,-5,a,1,0,1,0,0,0,0,0,4000,4000,0,1,0,0,1,0.0,2000.0,210.99409448818898,0,1,44.28317965096906,False,0
266,b,a,W,450060,2019,-33,-2,a,3,0,3,0,0,0,0,0,14000,8000,0,1,0,0,3,0.0,3500.0,222.8019801980198,0,1,33.06055050963308,False,0
267,a,a,W,627380,3155,-1,54,a,1,1,0,0,0,0,0,0,800,800,1,1,0,0,1,0.0,400.0,198.7896070975919,0,0,54.00925846556311,True,0
268,b,a,W,448900,2162,-29,-1,a,5,1,3,1,0,0,0,0,31500,20000,0,1,0,1,4,0.16666666666666666,5250.0,207.53582986592696,0,1,29.017236257093817,False,0
269,b,a,W,453850,1973,-23,-9,a,1,0,1,0,0,0,0,0,8000,8000,0,1,0,0,1,0.0,4000.0,229.91388044579534,0,1,24.698178070456937,False,0
270,b,a,W,779850,2999,35,38,a,2,1,1,0,0,0,0,0,5600,5000,0,1,0,0,2,0.0,1866.6666666666667,259.95,1,0,51.66236541235796,False,0
271,a,a,N,146840,744,-68,-46,a,1,0,1,0,0,0,0,0,2000,2000,0,1,0,0,1,0.0,1000.0,197.1006711409396,0,1,82.09750300709517,True,0
272,a,a,W,675030,1992,12,-14,a,4,1,3,0,0,0,0,0,5300,2000,0,1,0,0,4,0.0,1060.0,338.7004515805319,0,0,18.439088914585774,True,0
273,a,a,W,811060,2877,45,28,a,2,2,0,0,0,0,0,0,900,700,0,1,0,0,2,0.0,300.0,281.8137595552467,1,0,53.0,True,0
274,a,a,W,538060,2075,-5,-11,a,2,2,0,0,0,0,0,0,900,700,1,1,0,0,2,0.0,300.0,259.1811175337187,0,1,12.083045973594572,True,0
275,b,a,W,372470,1848,-35,-22,a,3,0,2,1,0,0,0,0,70000,60000,1,1,0,1,2,0.25,17500.0,201.44402379664683,0,1,41.340053217188775,False,0
276,b,b,W,439210,2259,-21,-2,a,6,3,2,1,0,0,0,0,18000,10000,0,1,0,1,5,0.14285714285714285,2571.4285714285716,194.34070796460176,0,1,21.095023109728988,False,0
277,b,b,W,286300,1381,-49,-41,a,0,0,0,0,0,0,0,0,0,0,0,0,0,0,0,0.0,0.0,207.16353111432707,0,1,63.89053137985315,False,0
278,a,b,W,576200,1558,15,-22,a,6,3,3,0,0,0,0,0,21300,8000,1,1,0,0,6,0.0,3042.8571428571427,369.59589480436176,0,0,26.627053911388696,False,0
279,a,b,W,833250,1840,64,-6,a,4,1,2,1,0,0,0,0,14600,10000,0,1,0,1,3,0.2,2920.0,452.607278652906,0,0,64.28063471995279,False,0
280,a,b,W,836500,2313,55,19,a,4,0,4,0,0,0,0,0,19000,9000,1,1,0,0,4,0.0,3800.0,361.495246326707,1,0,58.18934610390462,False,0
281,b,b,W,571990,1608,0,-18,a,4,0,3,1,0,0,0,0,44000,30000,0,1,0,1,3,0.2,8800.0,355.49409571162215,0,0,18.0,False,0
282,b,b,W,754760,2218,30,15,a,2,1,1,0,0,0,0,0,3200,3000,1,1,0,0,2,0.0,1066.6666666666667,340.13519603424965,1,0,33.54101966249684,False,0
283,b,b,W,834760,2307,37,18,a,4,0,2,2,0,0,0,0,54000,30000,0,1,0,2,2,0.4,10800.0,361.6811091854419,1,0,41.14608122288197,False,0
284,b,a,W,450490,1437,-30,-28,a,6,2,4,0,0,0,0,0,12700,4000,1,1,0,0,6,0.0,1814.2857142857142,313.27538247566065,0,1,41.036569057366385,False,0
285,b,a,W,932410,2464,47,28,a,7,4,2,1,0,0,0,0,36500,30000,1,1,0,1,6,0.125,4562.5,378.25963488843814,1,0,54.70831746635972,False,0
286,b,a,W,568200,1834,-16,-7,a,4,2,1,1,0,0,0,0,32700,30000,1,1,0,1,3,0.2,6540.0,309.6457765667575,0,1,17.46424919657298,False,0
287,b,a,W,452730,1349,-34,-31,a,3,0,1,2,0,0,0,0,64000,30000,0,1,0,2,1,0.5,16000.0,335.35555555555555,0,1,46.010868281309364,False,0
288,b,a,W,833660,2493,22,32,a,4,2,2,0,0,0,0,0,11000,6000,0,1,0,0,4,0.0,2200.0,334.2662389735365,1,0,38.8329756778952,False,0
289,b,a,N,131820,583,-47,-42,a,1,0,1,0,0,0,0,0,1000,1000,0,1,0,0,1,0.0,500.0,225.71917808219177,0,1,63.0317380372777,False,0
290,a,a,N,72250,339,-70,-65,a,0,0,0,0,0,0,0,0,0,0,0,0,0,0,0,0.0,0.0,212.5,0,1,95.524865872714,True,0
291,a,a,N,58850,236,-73,-74,a,0,0,0,0,0,0,0,0,0,0,0,0,0,0,0,0.0,0.0,248.31223628691984,0,1,103.9471019317037,True,0
292,a,a,N,54750,233,-38,-40,a,0,0,0,0,0,0,0,0,0,0,0,0,0,0,0,0.0,0.0,233.97435897435898,0,1,55.17245689653489,True,0
293,a,a,N,43600,194,-48,-48,a,0,0,0,0,0,0,0,0,0,0,0,0,0,0,0,0.0,0.0,223.5897435897436,0,1,67.88225099390856,True,0
294,a,a,N,58200,219,-27,-38,a,1,0,1,0,0,0,0,0,3000,3000,0,1,0,0,1,0.0,1500.0,264.54545454545456,0,1,46.61544808322666,True,0
295,a,a,N,53320,203,-31,-39,a,1,0,1,0,0,0,0,0,4000,4000,0,1,0,0,1,0.0,2000.0,261.37254901960785,0,1,49.8196748283246,True,0
296,a,a,W,447360,1332,-37,-33,a,2,1,1,0,0,0,0,0,8400,8000,1,1,0,0,2,0.0,2800.0,335.6039009752438,0,1,49.57822102496216,True,0
297,b,a,W,993080,3023,49,56,a,3,1,0,2,0,0,0,0,70800,40000,1,1,0,2,1,0.5,17700.0,328.3994708994709,1,0,74.41102068914255,False,0
298,b,a,W,593950,1972,-13,-2,a,4,2,1,1,0,0,0,0,32800,30000,0,1,0,1,3,0.2,6560.0,301.0390268626457,0,1,13.152946437965905,False,0
299,b,a,W,570400,1892,-17,-7,a,2,0,2,0,0,0,0,0,11000,7000,0,1,0,0,2,0.0,3666.6666666666665,301.32065504490225,0,1,18.384776310850235,False,0
300,b,a,W,788650,2361,18,17,a,3,2,1,0,0,0,0,0,6100,5000,1,1,0,0,3,0.0,1525.0,333.89077053344624,1,0,24.758836806279895,False,0
301,b,a,W,383490,1401,-42,-30,a,1,0,0,1,0,0,0,0,30000,30000,0,1,0,1,0,0.5,15000.0,273.53067047075604,0,1,51.61395160225576,False,0
302,b,a,W,415690,1486,-37,-26,a,1,0,1,0,0,0,0,0,7000,7000,1,1,0,0,1,0.0,3500.0,279.5494283792872,0,1,45.221676218380054,False,0
303,b,a,W,645750,2035,7,6,a,4,1,1,2,0,0,0,0,63800,40000,0,1,0,2,2,0.4,12760.0,317.16601178781923,1,0,9.219544457292887,False,0
304,b,a,W,649840,2256,6,17,a,3,1,2,0,0,0,0,0,8400,7000,1,1,0,0,3,0.0,2100.0,287.92202038103676,1,0,18.027756377319946,False,0
305,b,a,W,380320,1545,-40,-24,a,4,1,2,1,0,0,0,0,30900,20000,1,1,0,1,3,0.2,6180.0,246.0025873221216,0,1,46.647615158762406,False,0
306,b,a,W,401730,1329,-32,-31,a,3,2,0,1,0,0,0,0,91700,90000,1,1,0,1,2,0.25,22925.0,302.05263157894734,0,1,44.553338819890925,False,0
307,b,a,W,459160,1714,-21,-11,a,1,0,0,1,0,0,0,0,40000,40000,0,1,0,1,0,0.5,20000.0,267.731778425656,0,1,23.706539182259394,False,0
308,b,a,N,285990,1109,67,62,a,1,0,1,0,0,0,0,0,6000,6000,0,1,0,0,1,0.0,3000.0,257.64864864864865,1,0,91.28526715741155,False,0
309,b,a,W,557510,1946,5,8,a,3,2,1,0,0,0,0,0,5800,5000,1,1,0,0,3,0.0,1450.0,286.34309193631225,1,0,9.433981132056603,False,0
310,b,a,W,536260,1733,2,-4,a,2,0,1,1,0,0,0,0,74000,70000,0,1,0,1,1,0.3333333333333333,24666.666666666668,309.2618223760092,0,0,4.47213595499958,False,0
311,b,a,N,90160,425,-48,-39,a,0,0,0,0,0,0,0,0,0,0,0,0,0,0,0,0.0,0.0,211.6431924882629,0,1,61.84658438426491,False,0
312,b,a,N,55350,246,-65,-61,a,1,0,1,0,0,0,0,0,3000,3000,0,1,0,0,1,0.0,1500.0,224.08906882591094,0,1,89.1403387922662,False,0
313,a,a,N,72780,269,-48,-52,a,1,0,1,0,0,0,0,0,3000,3000,0,1,0,0,1,0.0,1500.0,269.55555555555554,0,1,70.76722405181653,True,0
314,a,a,W,498400,1647,-4,-8,a,1,1,0,0,0,0,0,0,300,300,0,1,0,0,1,0.0,150.0,302.4271844660194,0,1,8.94427190999916,True,0
315,a,a,N,342050,1607,-2,-20,a,0,0,0,0,0,0,0,0,0,0,0,0,0,0,0,0.0,0.0,212.71766169154228,0,1,20.09975124224178,True,0
316,a,a,W,434360,1584,-38,-60,a,2,0,2,0,0,0,0,0,9000,6000,1,1,0,0,2,0.0,3000.0,274.0441640378549,0,1,71.02112361825881,True,0
317,b,a,W,366500,1484,-46,-61,a,1,0,0,1,0,0,0,0,30000,30000,0,1,0,1,0,0.5,15000.0,246.8013468013468,0,1,76.40026177965623,False,0
318,b,a,W,507230,2116,-21,-40,a,1,0,1,0,0,0,0,0,3000,3000,0,1,0,0,1,0.0,1500.0,239.59848842701936,0,1,45.17742799230607,False,0
319,b,a,W,388530,1539,-11,-11,a,2,1,1,0,0,0,0,0,3200,3000,1,1,0,0,2,0.0,1066.6666666666667,252.2922077922078,0,1,15.556349186104045,False,0
320,b,a,W,329680,1268,-24,-26,a,1,0,0,1,0,0,0,0,70000,70000,0,1,0,1,0,0.5,35000.0,259.79511426319937,0,1,35.38361202590826,False,0
321,b,a,W,579440,2343,38,41,a,1,0,1,0,0,0,0,0,3000,3000,0,1,0,0,1,0.0,1500.0,247.20136518771332,1,0,55.90169943749474,False,0
322,b,a,W,292040,1233,-33,-29,a,0,0,0,0,0,0,0,0,0,0,0,0,0,0,0,0.0,0.0,236.6612641815235,0,1,43.93176527297759,False,0
323,a,a,W,261010,1352,-38,-19,a,2,1,1,0,0,0,0,0,3700,3000,1,1,0,0,2,0.0,1233.3333333333333,192.9120473022912,0,1,42.485291572496,True,0
324,b,a,W,394660,1764,-2,8,a,3,1,1,1,0,0,0,0,35900,30000,1,1,0,1,2,0.25,8975.0,223.60339943342777,0,0,8.246211251235321,False,0
325,b,a,W,464220,1808,16,10,a,2,1,0,1,0,0,0,0,40700,40000,0,1,0,1,1,0.3333333333333333,13566.666666666666,256.6169154228856,1,0,18.867962264113206,False,0
326,b,b,W,393140,1685,-2,2,a,3,2,1,0,0,0,0,0,5200,4000,0,1,0,0,3,0.0,1300.0,233.1791221826809,0,0,2.8284271247461903,False,0
327,b,b,W,742750,3037,87,85,a,4,0,4,0,0,0,0,0,18000,8000,0,1,0,0,4,0.0,3600.0,244.486504279131,1,0,121.63058825805291,False,0
328,a,b,W,820600,3506,92,97,a,2,1,1,0,0,0,0,0,8700,8000,1,1,0,0,2,0.0,2900.0,233.9891645280867,1,0,133.6899397860587,False,0
329,b,b,W,289580,1986,-38,2,a,2,0,1,1,0,0,0,0,54000,50000,0,1,0,1,1,0.3333333333333333,18000.0,145.73729240060393,0,0,38.05259518088089,False,0
330,b,a,W,577770,2765,27,38,a,1,0,1,0,0,0,0,0,2000,2000,1,1,0,0,1,0.0,1000.0,208.882863340564,1,0,46.61544808322666,False,0
331,b,a,W,347400,1684,-28,-22,a,2,0,1,1,0,0,0,0,31000,30000,0,1,0,1,1,0.3333333333333333,10333.333333333334,206.1721068249258,0,1,35.608987629529715,False,0
332,b,a,N,72370,581,-79,-70,a,0,0,0,0,0,0,0,0,0,0,0,0,0,0,0,0.0,0.0,124.34707903780068,0,1,105.55093557141026,False,0
333,b,a,N,59210,440,-82,-76,a,1,0,1,0,0,0,0,0,2000,2000,0,1,0,0,1,0.0,1000.0,134.26303854875283,0,1,111.80339887498948,False,0
334,a,a,N,42560,379,-73,-57,a,1,0,1,0,0,0,0,0,4000,4000,0,1,0,0,1,0.0,2000.0,112.0,0,1,92.61749294814668,True,0
335,a,a,W,268170,1352,-41,-35,a,1,1,0,0,0,0,0,0,400,400,1,1,0,0,1,0.0,200.0,198.2039911308204,0,1,53.907327887774215,True,0
336,b,a,W,632800,2959,39,41,a,2,0,1,1,0,0,0,0,25000,20000,0,1,0,1,1,0.3333333333333333,8333.333333333334,213.78378378378378,1,0,56.586217403180434,False,0
337,b,a,W,332180,1890,-33,-16,a,1,0,1,0,0,0,0,0,1000,1000,1,1,0,0,1,0.0,500.0,175.66367001586462,0,1,36.6742416417845,False,0
338,b,a,W,172250,1250,-43,-50,a,2,0,1,1,0,0,0,0,73000,70000,0,1,0,1,1,0.3333333333333333,24333.333333333332,137.6898481215028,0,1,65.94694837519019,False,0
339,b,a,W,256850,1650,-11,-31,a,4,4,0,0,0,0,0,0,1800,700,0,1,0,0,4,0.0,360.0,155.57238037552997,0,1,32.89376840679705,False,0
340,b,a,W,199030,1255,-30,-45,a,2,2,0,0,0,0,0,0,700,400,1,1,0,0,2,0.0,233.33333333333334,158.46337579617835,0,1,54.08326913195984,False,0
341,b,a,W,192650,1185,-8,-14,a,4,2,1,1,0,0,0,0,27100,20000,1,1,0,1,3,0.2,5420.0,162.43676222596966,0,1,16.1245154965971,False,0
342,b,a,W,320110,1844,54,35,a,2,1,0,1,0,0,0,0,20600,20000,1,1,0,1,1,0.3333333333333333,6866.666666666667,173.50135501355012,1,0,64.35060217278468,False,0
343,b,a,W,233800,1315,7,-7,a,3,2,0,1,0,0,0,0,20700,20000,0,1,0,1,2,0.25,5175.0,177.6595744680851,0,0,9.899494936611665,False,0
344,b,a,W,206610,1421,-7,1,a,2,1,1,0,0,0,0,0,4200,4000,1,1,0,0,2,0.0,1400.0,145.29535864978902,0,0,7.0710678118654755,False,0
345,b,a,W,244480,1576,11,12,a,3,2,0,1,0,0,0,0,51200,50000,0,1,0,1,2,0.25,12800.0,155.0285351934052,1,0,16.278820596099706,False,0
346,b,a,W,430310,1955,92,37,a,2,1,1,0,0,0,0,0,1200,1000,0,1,0,0,2,0.0,400.0,219.99488752556238,1,0,99.16148445843275,False,0
347,b,a,W,311200,1147,-38,-62,a,3,1,2,0,0,0,0,0,14400,9000,0,1,0,0,3,0.0,3600.0,271.0801393728223,0,1,72.71863585079137,False,0
348,a,a,W,478520,1493,-1,-47,a,4,3,1,0,0,0,0,0,4300,3000,0,1,0,0,4,0.0,860.0,320.2945113788487,0,1,47.01063709417264,True,0
349,a,a,N,65250,450,-74,-70,a,0,0,0,0,0,0,0,0,0,0,1,0,0,0,0,0.0,0.0,144.67849223946786,0,1,101.86265262597475,True,0
350,b,a,W,379670,1456,-21,-45,a,2,0,0,2,0,0,0,0,40000,20000,0,1,0,2,0,0.6666666666666666,13333.333333333334,260.58339052848316,0,1,49.658836071740545,False,0
351,b,b,W,887140,3327,128,144,b,5,3,2,0,0,0,0,0,6200,2000,1,1,0,0,5,0.0,1033.3333333333333,266.56850961538464,1,0,192.66551326067673,True,0
352,b,b,W,690550,3915,28,29,a,3,1,1,1,0,0,0,0,34400,30000,1,1,0,1,2,0.25,8600.0,176.34065372829417,1,0,40.311288741492746,False,0
353,b,b,W,397280,1630,-29,-48,a,3,1,1,1,0,0,0,0,31300,30000,0,1,0,1,2,0.25,7825.0,243.5806253832005,0,1,56.08029957123981,False,0
354,b,a,W,609620,2344,11,-22,a,2,2,0,0,0,0,0,0,900,500,1,1,0,0,2,0.0,300.0,259.96588486140723,0,0,24.596747752497688,False,0
355,b,a,N,136810,746,-41,-47,a,1,0,0,1,0,0,0,0,40000,40000,0,1,0,1,0,0.5,20000.0,183.1459170013387,0,1,62.369864518050704,False,0
356,b,a,W,358490,1231,-36,-58,a,1,1,0,0,0,0,0,0,400,400,0,1,0,0,1,0.0,200.0,290.98214285714283,0,1,68.26419266350405,False,0
357,b,a,W,581540,2102,7,-23,a,2,1,1,0,0,0,0,0,6500,6000,1,1,0,0,2,0.0,2166.6666666666665,276.52876842605804,0,0,24.041630560342615,False,0
358,b,a,W,545470,1894,-1,-29,a,4,1,1,2,0,0,0,0,53600,30000,0,1,0,2,2,0.4,10720.0,287.84696569920845,0,1,29.017236257093817,False,0
359,b,a,N,102550,731,-53,-45,a,0,0,0,0,0,0,0,0,0,0,0,0,0,0,0,0.0,0.0,140.09562841530055,0,1,69.52697318307479,False,0
360,b,b,N,66800,441,-34,-31,a,0,0,0,0,0,0,0,0,0,0,0,0,0,0,0,0.0,0.0,151.13122171945702,0,1,46.010868281309364,False,0
361,a,b,N,67210,420,-31,-32,a,1,0,1,0,0,0,0,0,4000,4000,0,1,0,0,1,0.0,2000.0,159.6437054631829,0,1,44.553338819890925,False,0
362,a,b,W,532290,2055,-4,-19,a,2,0,2,0,0,0,0,0,4000,2000,0,1,0,0,2,0.0,1333.3333333333333,258.8959143968872,0,1,19.4164878389476,False,0
363,a,b,W,511560,2205,-9,-10,a,5,2,3,0,0,0,0,0,9700,5000,0,1,0,0,5,0.0,1616.6666666666667,231.89483227561198,0,1,13.45362404707371,False,0
364,a,b,W,546980,2212,-3,-7,a,1,1,0,0,0,0,0,0,100,100,1,1,0,0,1,0.0,50.0,247.16674197921373,0,1,7.615773105863909,False,0
365,b,a,N,155980,742,65,24,a,1,0,0,1,0,0,0,0,20000,20000,0,1,0,1,0,0.5,10000.0,209.93270524899057,1,0,69.28924880528002,False,0
366,b,a,N,12340,125,-88,-79,a,1,1,0,0,0,0,0,0,400,400,0,1,0,0,1,0.0,200.0,97.93650793650794,0,1,118.25819210524064,False,0
367,b,a,N,5920,82,-94,-85,a,0,0,0,0,0,0,0,0,0,0,0,0,0,0,0,0.0,0.0,71.32530120481928,0,1,126.73200069437868,False,0
368,a,a,N,4150,67,-95,-87,a,0,0,0,0,0,0,0,0,0,0,0,0,0,0,0,0.0,0.0,61.029411764705884,0,1,128.81770064707723,True,0
369,a,a,N,10420,62,-85,-86,a,1,0,1,0,0,0,0,0,1000,1000,0,1,0,0,1,0.0,500.0,165.3968253968254,0,1,120.91732712891069,True,0
370,a,a,N,2970,50,-95,-87,a,0,0,0,0,0,0,0,0,0,0,0,0,0,0,0,0.0,0.0,58.23529411764706,0,1,128.81770064707723,True,0
371,a,a,N,4230,48,-92,-85,a,0,0,0,0,0,0,0,0,0,0,0,0,0,0,0,0.0,0.0,86.3265306122449,0,1,125.25573839150046,True,0
372,a,a,N,3210,47,-93,-82,a,0,0,0,0,0,0,0,0,0,0,0,0,0,0,0,0.0,0.0,66.875,0,1,123.98790263570072,True,0
373,a,a,N,3550,38,-89,-82,a,0,0,0,0,0,0,0,0,0,0,0,0,0,0,0,0.0,0.0,91.02564102564102,0,1,121.01652779682617,True,0
374,a,a,N,3170,36,-88,-79,a,0,0,0,0,0,0,0,0,0,0,0,0,0,0,0,0.0,0.0,85.67567567567568,0,1,118.25819210524064,True,0
375,a,a,N,4490,35,-78,-73,a,0,0,0,0,0,0,0,0,0,0,0,0,0,0,0,0.0,0.0,124.72222222222223,0,1,106.83164325236227,True,0
376,a,a,N,8790,53,-91,-91,a,1,0,1,0,0,0,0,0,3000,3000,0,1,0,0,1,0.0,1500.0,162.77777777777777,0,1,128.69343417595164,True,0
377,a,a,W,55730,387,-89,-87,a,3,2,1,0,0,0,0,0,9600,8000,1,1,0,0,3,0.0,2400.0,143.6340206185567,0,1,124.45882853377658,True,0
378,b,a,W,94740,732,-79,-73,a,3,2,0,1,0,0,0,0,21000,20000,0,1,0,1,2,0.25,5250.0,129.24965893587995,0,1,107.56393447619885,False,0
379,b,a,W,91510,768,-78,-69,a,3,2,1,0,0,0,0,0,5900,5000,1,1,0,0,3,0.0,1475.0,118.99869960988296,0,1,104.1393297462587,False,0
380,b,a,W,92450,777,15,24,a,4,1,2,1,0,0,0,0,27600,10000,0,1,0,1,3,0.2,5520.0,118.83033419023137,1,0,28.30194339616981,False,0
381,a,a,W,189840,1276,-50,-45,a,6,1,5,0,0,0,0,0,17900,7000,1,1,0,0,6,0.0,2557.1428571428573,148.66092404072043,0,1,67.26812023536856,True,0
382,b,a,W,108010,889,-70,-60,a,4,1,2,1,0,0,0,0,41200,30000,0,1,0,1,3,0.2,8240.0,121.35955056179775,0,1,92.19544457292888,False,0
383,b,a,W,71660,532,-78,-74,a,2,1,1,0,0,0,0,0,2800,2000,0,1,0,0,2,0.0,933.3333333333334,134.44652908067542,0,1,107.5174404457249,False,0
384,b,a,W,122850,886,-58,-52,a,3,2,1,0,0,0,0,0,6900,6000,1,1,0,0,3,0.0,1725.0,138.50056369785796,0,1,77.89736837660179,False,0
385,b,a,W,110510,708,-58,-58,a,4,2,1,1,0,0,0,0,44200,40000,0,1,0,1,3,0.2,8840.0,155.86741889985896,0,1,82.02438661763951,False,0
386,b,a,W,91420,774,-61,-49,a,4,1,3,0,0,0,0,0,12700,9000,1,1,0,0,4,0.0,2540.0,117.96129032258065,0,1,78.24321056807422,False,0
387,b,a,W,151660,900,-25,-33,a,7,2,3,2,0,0,0,0,67700,30000,0,1,0,2,5,0.25,8462.5,168.32408435072142,0,1,41.400483088968905,False,0
388,b,a,W,103140,762,-42,-35,a,3,1,2,0,0,0,0,0,7500,5000,0,1,0,0,3,0.0,1875.0,135.17693315858455,0,1,54.67174773134658,False,0
389,b,a,W,76560,586,-47,-41,a,5,1,4,0,0,0,0,0,9500,4000,0,1,0,0,5,0.0,1583.3333333333333,130.42589437819422,0,1,62.369864518050704,False,0
390,a,a,W,122640,979,10,21,a,6,4,2,0,0,0,0,0,9200,6000,1,1,0,0,6,0.0,1314.2857142857142,125.14285714285714,1,0,23.259406699226016,True,0
391,b,b,W,176830,1297,54,56,a,5,2,2,1,0,0,0,0,36200,30000,0,1,0,1,4,0.16666666666666666,6033.333333333333,136.2326656394453,1,0,77.79460135510689,False,0
392,b,b,W,122410,902,8,9,a,3,2,1,0,0,0,0,0,3600,3000,1,1,0,0,3,0.0,900.0,135.55924695459578,1,0,12.041594578792296,False,0
393,b,b,W,184710,1482,61,78,a,9,1,7,1,0,0,0,0,49800,30000,0,1,0,1,8,0.1,4980.0,124.5515846257586,1,0,99.02019995940222,False,0
394,b,b,W,80040,751,-37,-19,a,2,1,1,0,0,0,0,0,1600,1000,0,1,0,0,2,0.0,533.3333333333334,106.43617021276596,0,1,41.593268686170845,False,0
395,b,c,N,18900,208,-81,-67,a,1,0,1,0,0,0,0,0,3000,3000,0,1,0,0,1,0.0,1500.0,90.43062200956938,0,1,105.11898020814318,False,1
396,a,c,N,11350,94,-87,-84,a,0,0,0,0,0,0,0,0,0,0,0,0,0,0,0,0.0,0.0,119.47368421052632,0,1,120.93386622447825,False,1
397,a,c,N,10490,93,-87,-82,a,1,0,1,0,0,0,0,0,3000,3000,0,1,0,0,1,0.0,1500.0,111.59574468085107,0,1,119.55333537798099,False,1
398,a,c,W,83180,744,-32,-19,a,3,1,2,0,0,0,0,0,14600,9000,1,1,0,0,3,0.0,3650.0,111.6510067114094,0,1,37.21558813185679,False,1
399,b,b,W,127770,1141,7,24,a,4,2,1,1,0,0,0,0,44400,40000,0,1,0,1,3,0.2,8880.0,111.88266199649738,1,0,25.0,False,0
400,b,b,W,108260,891,-12,-7,a,5,3,2,0,0,0,0,0,6000,3000,0,1,0,0,5,0.0,1000.0,121.3677130044843,0,1,13.892443989449804,False,0
401,b,a,W,19520,211,-2,6,a,2,1,1,0,0,0,0,0,3200,3000,1,1,0,0,2,0.0,1066.6666666666667,92.0754716981132,0,0,6.324555320336759,False,0
402,b,a,W,47980,382,-26,-32,a,3,1,1,1,0,0,0,0,38600,30000,0,1,0,1,2,0.25,9650.0,125.27415143603133,0,1,41.23105625617661,False,0
403,b,a,W,54050,373,-14,-31,a,3,1,2,0,0,0,0,0,9400,6000,0,1,0,0,3,0.0,2350.0,144.51871657754012,0,1,34.0147027033899,False,0
404,b,a,W,38180,322,-6,0,a,3,1,2,0,0,0,0,0,11500,8000,1,1,0,0,3,0.0,2875.0,118.20433436532508,0,0,6.0,False,0
405,b,b,W,68970,624,71,94,a,5,2,2,1,0,0,0,0,34400,20000,1,1,0,1,4,0.16666666666666666,5733.333333333333,110.352,1,0,117.80067911519016,False,0
406,b,b,W,29400,331,-32,-6,a,2,0,1,1,0,0,0,0,22000,20000,0,1,0,1,1,0.3333333333333333,7333.333333333333,88.55421686746988,0,1,32.55764119219941,False,0
407,b,b,W,36100,285,-14,-19,a,6,3,3,0,0,0,0,0,14300,9000,1,1,0,0,6,0.0,2042.857142857143,126.22377622377623,0,1,23.600847442411894,False,0
408,b,a,W,45170,557,9,59,a,3,2,0,1,0,0,0,0,70700,70000,0,1,0,1,2,0.25,17675.0,80.94982078853046,1,0,59.682493245507096,False,0
409,b,a,W,38010,410,-10,10,a,1,0,1,0,0,0,0,0,1000,1000,0,1,0,0,1,0.0,500.0,92.48175182481752,0,0,14.142135623730951,False,0
410,b,a,W,22090,174,-47,-54,a,4,1,3,0,0,0,0,0,8800,5000,0,1,0,0,4,0.0,1760.0,126.22857142857143,0,1,71.58910531638176,False,0
411,a,a,W,34600,389,-13,6,a,4,0,4,0,0,0,0,0,15000,8000,1,1,0,0,4,0.0,3000.0,88.71794871794872,0,0,14.317821063276353,True,0
412,b,a,W,22860,313,-42,-16,a,6,1,3,2,0,0,0,0,70500,50000,0,1,0,2,4,0.2857142857142857,10071.42857142857,72.80254777070064,0,1,44.94441010848846,False,0
413,b,a,W,25940,233,-31,-37,a,5,1,4,0,0,0,0,0,15400,7000,0,1,0,0,5,0.0,2566.6666666666665,110.85470085470085,0,1,48.27007354458868,False,0
414,b,a,W,45670,382,26,5,a,5,1,4,0,0,0,0,0,10800,5000,1,1,0,0,5,0.0,1800.0,119.24281984334203,1,0,26.476404589747453,False,0
415,b,a,W,26190,246,-29,-33,a,3,2,0,1,0,0,0,0,20500,20000,0,1,0,1,2,0.25,5125.0,106.03238866396761,0,1,43.93176527297759,False,0
416,b,a,W,21970,183,-33,-45,a,5,3,2,0,0,0,0,0,11500,9000,0,1,0,0,5,0.0,1916.6666666666667,119.40217391304348,0,1,55.80322571321482,False,0
417,b,a,W,19120,194,-40,-39,a,3,1,2,0,0,0,0,0,9300,6000,0,1,0,0,3,0.0,2325.0,98.05128205128206,0,1,55.86591089385369,False,0
418,a,a,N,5180,73,-74,-51,a,1,1,0,0,0,0,0,0,400,400,0,1,0,0,1,0.0,200.0,70.0,0,1,89.87213138676528,True,0
419,a,b,W,17660,224,-41,-27,a,5,2,3,0,0,0,0,0,9900,4000,1,1,0,0,5,0.0,1650.0,78.4888888888889,0,1,49.09175083453431,False,0
420,b,b,W,44020,528,61,92,a,7,3,3,1,0,0,0,0,25100,20000,0,1,0,1,6,0.125,3137.5,83.21361058601134,1,0,110.38568747804219,False,0
421,b,b,W,54610,527,95,84,a,6,1,5,0,0,0,0,0,14700,4000,1,1,0,0,6,0.0,2100.0,103.4280303030303,1,0,126.81088281373961,False,0
422,b,b,W,29410,345,-6,7,a,7,1,3,3,0,0,0,0,114400,70000,1,1,0,3,4,0.375,14300.0,85.0,0,0,9.219544457292887,False,0
423,b,b,W,60390,622,96,96,a,9,4,4,1,0,0,0,0,40600,20000,1,1,0,1,8,0.1,4060.0,96.93418940609952,1,0,135.7645019878171,False,0
424,b,a,W,52990,483,54,39,a,5,3,0,2,0,0,0,0,71300,50000,0,1,0,2,3,0.3333333333333333,11883.333333333334,109.48347107438016,1,0,66.61080993352356,False,0
425,b,b,W,39330,409,6,10,a,6,4,2,0,0,0,0,0,8200,6000,1,1,0,0,6,0.0,1171.4285714285713,95.92682926829268,1,0,11.661903789690601,False,0
426,b,b,W,46810,552,28,47,a,3,1,1,1,0,0,0,0,27500,20000,0,1,0,1,2,0.25,6875.0,84.64737793851718,1,0,54.70831746635972,False,0
427,b,b,W,59300,690,53,70,a,6,1,5,0,0,0,0,0,25700,8000,0,1,0,0,6,0.0,3671.4285714285716,85.81765557163531,1,0,87.80091115700337,False,0
428,b,b,N,10370,134,-44,-6,a,3,1,2,0,0,0,0,0,6300,4000,1,1,0,0,3,0.0,1575.0,76.81481481481481,0,1,44.40720662234904,False,0
429,b,b,W,47500,668,12,46,a,8,4,2,2,0,0,0,0,97100,50000,0,1,0,2,6,0.2222222222222222,10788.888888888889,71.0014947683109,1,0,47.53945729601885,False,0
430,b,b,W,46430,737,3,46,a,4,2,2,0,0,0,0,0,15000,9000,0,1,0,0,4,0.0,3000.0,62.91327913279133,1,0,46.09772228646444,False,0
431,b,b,W,34960,565,-27,2,a,5,1,4,0,0,0,0,0,14200,7000,1,1,0,0,5,0.0,2366.6666666666665,61.76678445229682,0,0,27.073972741361768,False,0
432,b,b,N,20340,271,16,93,a,2,0,1,0,1,0,0,0,202000,200000,0,1,0,1,1,0.3333333333333333,67333.33333333333,74.77941176470588,1,0,94.36630754670864,False,0
433,a,b,N,4930,109,-59,-31,a,1,0,1,0,0,0,0,0,5000,5000,0,1,0,0,1,0.0,2500.0,44.81818181818182,0,1,66.64833081180653,False,0
434,a,b,W,61770,1062,31,90,a,6,2,4,0,0,0,0,0,10800,6000,1,1,0,0,6,0.0,1542.857142857143,58.109125117591724,1,0,95.1892851112981,False,0
435,b,a,W,73420,1202,53,96,a,5,2,2,1,0,0,0,0,30200,20000,0,1,0,1,4,0.16666666666666666,5033.333333333333,61.03075644222776,1,0,109.65856099730654,False,0
436,b,a,W,38170,784,-27,12,a,3,1,2,0,0,0,0,0,3500,2000,0,1,0,0,3,0.0,875.0,48.62420382165605,0,0,29.546573405388315,False,0
437,b,a,N,5500,152,-51,-1,a,2,1,0,0,0,0,0,0,250,200,0,1,0,0,1,0.0,83.33333333333333,35.947712418300654,0,1,51.0098029794274,False,0
438,a,a,N,4630,89,-56,-42,a,1,0,0,0,0,0,0,0,50,50,1,1,0,0,0,0.0,25.0,51.44444444444444,0,1,70.0,True,0
439,b,a,N,3250,68,-67,-54,a,1,0,0,1,0,0,0,0,30000,30000,1,1,0,1,0,0.5,15000.0,47.10144927536232,0,1,86.05230967266364,False,0
440,b,a,W,30460,457,-39,-36,a,3,2,0,1,0,0,0,0,70600,70000,0,1,0,1,2,0.25,17650.0,66.5065502183406,0,1,53.075418038862395,False,0
441,b,a,W,28300,569,-41,-20,a,1,0,1,0,0,0,0,0,8000,8000,0,1,0,0,1,0.0,4000.0,49.64912280701754,0,1,45.617978911828175,False,0
442,b,b,N,15500,255,72,86,a,1,0,1,0,0,0,0,0,2000,2000,0,1,0,0,1,0.0,1000.0,60.546875,1,0,112.16059914247963,False,0
443,a,b,N,19320,320,106,118,b,2,1,1,0,0,0,0,0,2300,2000,1,1,0,0,2,0.0,766.6666666666666,60.18691588785047,1,0,158.61904047118682,False,0
444,b,b,W,59380,949,27,30,a,5,2,2,1,0,0,0,0,26600,20000,0,1,0,1,4,0.16666666666666666,4433.333333333333,62.50526315789474,1,0,40.36087214122113,False,0
445,b,b,W,39700,805,-17,5,a,3,1,2,0,0,0,0,0,8700,5000,1,1,0,0,3,0.0,2175.0,49.25558312655087,0,0,17.72004514666935,False,0
446,b,b,W,61140,306,22,-69,a,8,5,2,1,0,0,0,0,89400,80000,1,1,0,1,7,0.1111111111111111,9933.333333333334,199.1530944625407,0,0,72.42237223399962,False,0
447,b,b,W,93190,439,82,-53,a,4,1,2,1,0,0,0,0,81400,70000,0,1,0,1,3,0.2,16280.0,211.79545454545453,0,0,97.63708311906906,False,0
448,b,b,W,108750,384,96,-56,a,4,2,2,0,0,0,0,0,6200,3000,1,1,0,0,4,0.0,1240.0,282.46753246753246,0,0,111.13955191559843,False,0
449,b,b,W,73820,322,-16,-14,a,8,3,3,2,0,0,0,0,52700,30000,0,1,0,2,6,0.2222222222222222,5855.555555555556,228.54489164086687,0,1,21.2602916254693,False,0
450,b,b,W,102380,508,19,37,a,8,4,4,0,0,0,0,0,13400,8000,0,1,0,0,8,0.0,1488.888888888889,201.13948919449902,1,0,41.593268686170845,False,0
451,b,b,W,88360,443,1,15,a,4,2,2,0,0,0,0,0,6300,4000,0,1,0,0,4,0.0,1260.0,199.00900900900902,1,0,15.033296378372908,False,0
452,a,a,W,56810,285,-35,-27,a,5,2,3,0,0,0,0,0,6100,2000,0,1,0,0,5,0.0,1016.6666666666666,198.63636363636363,0,1,44.204072210600685,True,0
453,a,a,W,106610,546,26,43,a,6,2,4,0,0,0,0,0,20800,7000,1,1,0,0,6,0.0,2971.4285714285716,194.89945155393053,1,0,50.24937810560445,True,0
454,a,a,W,61710,376,-29,-6,a,4,1,2,1,0,0,0,0,22900,10000,0,1,0,1,3,0.2,4580.0,163.6870026525199,0,1,29.614185789921695,True,0
455,a,a,W,53900,320,-36,-20,a,2,0,2,0,0,0,0,0,4000,2000,0,1,0,0,2,0.0,1333.3333333333333,167.91277258566979,0,1,41.182520563948,True,0
456,a,a,W,66680,430,-17,9,a,2,1,1,0,0,0,0,0,5400,5000,0,1,0,0,2,0.0,1800.0,154.70997679814386,0,0,19.235384061671343,True,0
457,a,a,W,43660,281,-44,-29,a,1,1,0,0,0,0,0,0,700,700,0,1,0,0,1,0.0,350.0,154.82269503546098,0,1,52.69724850502159,True,0
458,a,a,N,11730,59,-53,-88,a,1,1,0,0,0,0,0,0,300,300,0,1,0,0,1,0.0,150.0,195.5,0,1,102.7277956543408,True,0
459,a,a,N,6530,38,-72,-92,a,1,1,0,0,0,0,0,0,100,100,0,1,0,0,1,0.0,50.0,167.43589743589743,0,1,116.82465493208187,True,0
460,a,a,N,9280,43,-57,-90,a,1,0,1,0,0,0,0,0,2000,2000,0,1,0,0,1,0.0,1000.0,210.9090909090909,0,1,106.53168542738823,True,0
461,a,a,W,86740,486,17,25,a,2,0,2,0,0,0,0,0,9000,7000,0,1,0,0,2,0.0,3000.0,178.11088295687884,1,0,30.23243291566195,True,0
462,a,a,W,92380,514,25,29,a,6,5,1,0,0,0,0,0,4300,2000,0,1,0,0,6,0.0,614.2857142857143,179.37864077669903,1,0,38.28837943815329,True,0
463,a,a,W,52780,350,-30,-16,a,1,1,0,0,0,0,0,0,200,200,0,1,0,0,1,0.0,100.0,150.37037037037038,0,1,34.0,True,0
464,a,a,W,56830,394,-20,-2,a,5,2,3,0,0,0,0,0,10500,5000,0,1,0,0,5,0.0,1750.0,143.873417721519,0,1,20.09975124224178,True,0
465,a,a,W,80210,525,18,32,a,3,1,2,0,0,0,0,0,2700,1000,1,1,0,0,3,0.0,675.0,152.49049429657794,1,0,36.71511950137164,True,0
466,a,a,W,78430,455,12,8,a,5,1,3,0,1,0,0,0,207900,200000,0,1,0,1,4,0.16666666666666666,34650.0,171.99561403508773,1,0,14.422205101855956,True,0
467,a,a,W,47370,296,-30,-28,a,4,2,2,0,0,0,0,0,8800,7000,0,1,0,0,4,0.0,1760.0,159.4949494949495,0,1,41.036569057366385,True,0
468,a,b,W,73180,488,11,20,a,5,3,2,0,0,0,0,0,9600,6000,0,1,0,0,5,0.0,1600.0,149.65235173824132,1,0,22.825424421026653,False,0
469,a,b,W,104410,631,54,50,a,3,2,1,0,0,0,0,0,1600,1000,0,1,0,0,3,0.0,400.0,165.20569620253164,1,0,73.59347797189639,False,0
470,a,b,N,8190,64,-11,36,a,0,0,0,0,0,0,0,0,0,0,0,0,0,0,0,0.0,0.0,126.0,0,0,37.64306044943742,False,0
471,a,b,N,3410,33,-62,-32,a,0,0,0,0,0,0,0,0,0,0,0,0,0,0,0,0.0,0.0,100.29411764705883,0,1,69.77105417004964,False,0
472,a,b,N,1860,33,-78,-30,a,1,0,1,0,0,0,0,0,4000,4000,1,1,0,0,1,0.0,2000.0,54.705882352941174,0,1,83.57032966310472,False,0
473,b,b,W,31620,208,-64,-45,a,2,1,0,1,0,0,0,0,40400,40000,1,1,0,1,1,0.3333333333333333,13466.666666666666,151.29186602870814,0,1,78.2368199762746,False,0
474,b,b,W,81600,628,-1,75,a,6,3,2,1,0,0,0,0,44000,40000,0,1,0,1,5,0.14285714285714285,6285.714285714285,129.72972972972974,0,0,75.0066663703967,False,0
475,b,b,W,42390,356,-48,-7,a,3,1,2,0,0,0,0,0,6600,3000,0,1,0,0,3,0.0,1650.0,118.73949579831933,0,1,48.507731342539614,False,0
476,b,a,W,36400,303,-53,-21,a,2,1,1,0,0,0,0,0,1400,1000,0,1,0,0,2,0.0,466.6666666666667,119.73684210526316,0,1,57.0087712549569,False,0
477,a,a,W,69070,505,-4,35,a,5,3,2,0,0,0,0,0,5700,2000,0,1,0,0,5,0.0,950.0,136.50197628458497,0,0,35.22782990761707,True,0
478,a,a,W,40420,269,-42,-31,a,0,0,0,0,0,0,0,0,0,0,0,0,0,0,0,0.0,0.0,149.7037037037037,0,1,52.20153254455275,True,0
479,a,a,N,11390,89,47,94,a,1,1,0,0,0,0,0,0,300,300,0,1,0,0,1,0.0,150.0,126.55555555555556,1,0,105.09519494249011,True,0
480,a,a,N,5550,44,-31,-12,a,2,1,1,0,0,0,0,0,4300,4000,0,1,0,0,2,0.0,1433.3333333333333,123.33333333333333,0,1,33.24154027718932,True,0
481,a,a,N,7040,37,-8,-26,a,2,1,1,0,0,0,0,0,5500,5000,0,1,0,0,2,0.0,1833.3333333333333,185.26315789473685,0,1,27.202941017470888,True,0
482,a,a,W,39050,305,-40,-19,a,3,3,0,0,0,0,0,0,2000,700,0,1,0,0,3,0.0,500.0,127.61437908496733,0,1,44.28317965096906,True,0
483,a,a,W,55530,438,-8,18,a,1,0,1,0,0,0,0,0,2000,2000,0,1,0,0,1,0.0,1000.0,126.49202733485194,0,0,19.697715603592208,True,0
484,a,a,W,53390,432,-7,15,a,2,1,1,0,0,0,0,0,3200,3000,0,1,0,0,2,0.0,1066.6666666666667,123.30254041570439,0,0,16.55294535724685,True,0
485,a,a,W,37270,293,-31,-23,a,3,1,2,0,0,0,0,0,6200,4000,0,1,0,0,3,0.0,1550.0,126.7687074829932,0,1,38.600518131237564,True,0
486,a,a,W,53170,461,9,23,a,5,2,3,0,0,0,0,0,4800,2000,0,1,0,0,5,0.0,800.0,115.08658008658008,1,0,24.698178070456937,True,0
487,a,a,W,42280,375,-17,-6,a,5,3,2,0,0,0,0,0,12100,7000,0,1,0,0,5,0.0,2016.6666666666667,112.44680851063829,0,1,18.027756377319946,True,0
488,a,a,W,27980,243,-40,-35,a,6,3,3,0,0,0,0,0,7000,3000,0,1,0,0,6,0.0,1000.0,114.67213114754098,0,1,53.150729063673246,True,0
489,a,a,W,60200,449,32,24,a,5,3,2,0,0,0,0,0,9200,5000,0,1,0,0,5,0.0,1533.3333333333333,133.77777777777777,1,0,40.0,True,0
490,a,a,W,64290,495,34,31,a,3,1,2,0,0,0,0,0,5100,4000,0,1,0,0,3,0.0,1275.0,129.61693548387098,1,0,46.010868281309364,True,0
491,a,a,W,33310,274,-30,-27,a,6,3,3,0,0,0,0,0,6800,3000,0,1,0,0,6,0.0,971.4285714285714,121.12727272727273,0,1,40.36087214122113,True,0
492,a,a,W,60420,537,30,43,a,2,1,1,0,0,0,0,0,4500,4000,0,1,0,0,2,0.0,1500.0,112.30483271375465,1,0,52.43090691567332,True,0
493,a,a,W,49430,434,1,9,a,2,2,0,0,0,0,0,0,1500,800,0,1,0,0,2,0.0,500.0,113.63218390804597,1,0,9.055385138137417,True,0
494,a,a,W,20380,162,-58,-59,a,2,1,1,0,0,0,0,0,4700,4000,1,1,0,0,2,0.0,1566.6666666666667,125.03067484662577,0,1,82.73451516749222,True,0
495,b,a,W,87140,680,94,83,a,4,2,1,1,0,0,0,0,27100,20000,0,1,0,1,3,0.2,5420.0,127.95888399412628,1,0,125.39936203984452,False,0
496,b,a,W,24490,237,-51,-42,a,3,3,0,0,0,0,0,0,1000,500,0,1,0,0,3,0.0,250.0,102.89915966386555,0,1,66.06814663663572,False,0
497,b,b,N,6140,60,-17,23,a,1,1,0,0,0,0,0,0,400,400,0,1,0,0,1,0.0,200.0,100.65573770491804,0,0,28.600699292150182,False,0
498,a,b,N,2190,29,-69,-42,a,1,1,0,0,0,0,0,0,200,200,0,1,0,0,1,0.0,100.0,73.0,0,1,80.77747210701756,False,0
499,a,b,N,3020,29,-53,-40,a,0,0,0,0,0,0,0,0,0,0,0,0,0,0,0,0.0,0.0,100.66666666666667,0,1,66.40030120413611,False,0
500,a,b,N,1630,26,-72,-44,a,1,1,0,0,0,0,0,0,800,800,0,1,0,0,1,0.0,400.0,60.370370370370374,0,1,84.38009243891595,False,0
501,a,b,N,2560,38,-49,-14,a,2,1,1,0,0,0,0,0,1300,1000,0,1,0,0,2,0.0,433.3333333333333,65.64102564102564,0,1,50.96076922496363,False,0
502,a,a,N,3510,27,-22,-35,a,0,0,0,0,0,0,0,0,0,0,0,0,0,0,0,0.0,0.0,125.35714285714286,0,1,41.340053217188775,True,0
503,a,a,N,7570,69,69,67,a,1,0,1,0,0,0,0,0,5000,5000,1,1,0,0,1,0.0,2500.0,108.14285714285714,1,0,96.17692030835673,True,0
504,b,a,W,45330,485,-4,25,a,3,0,2,0,1,0,0,0,402000,400000,0,1,0,1,2,0.25,100500.0,93.27160493827161,0,0,25.317977802344327,False,0
505,a,b,W,32690,380,-31,-5,a,2,2,0,0,0,0,0,0,1100,700,1,1,0,0,2,0.0,366.6666666666667,85.8005249343832,0,1,31.400636936215164,False,0
506,a,b,W,26800,306,-44,-26,a,1,0,0,1,0,0,0,0,10000,10000,0,1,0,1,0,0.5,5000.0,87.29641693811075,0,1,51.10772935672255,False,0
507,a,b,W,48250,573,9,44,a,3,1,2,0,0,0,0,0,12600,8000,0,1,0,0,3,0.0,3150.0,84.05923344947735,1,0,44.91102314577124,False,0
508,a,b,N,6790,67,34,50,a,0,0,0,0,0,0,0,0,0,0,0,0,0,0,0,0.0,0.0,99.8529411764706,1,0,60.4648658313239,False,0
509,a,b,W,27890,276,-72,-72,a,6,3,3,0,0,0,0,0,9800,6000,0,1,0,0,6,0.0,1400.0,100.68592057761732,0,1,101.82337649086284,False,0
510,a,b,W,54820,585,-41,-37,a,3,1,2,0,0,0,0,0,5600,3000,0,1,0,0,3,0.0,1400.0,93.54948805460751,0,1,55.226805085936306,False,0
511,a,b,W,37840,468,-57,-47,a,2,2,0,0,0,0,0,0,1200,600,0,1,0,0,2,0.0,400.0,80.682302771855,0,1,73.87827826905551,False,0
512,a,b,W,31510,323,-22,-27,a,4,3,1,0,0,0,0,0,2700,2000,0,1,0,0,4,0.0,540.0,97.25308641975309,0,1,34.828149534535996,False,0
513,a,a,W,36400,411,-7,-5,a,2,1,1,0,0,0,0,0,8700,8000,0,1,0,0,2,0.0,2900.0,88.3495145631068,0,1,8.602325267042627,True,0
514,a,a,N,9470,79,-81,-84,a,1,0,1,0,0,0,0,0,2000,2000,0,1,0,0,1,0.0,1000.0,118.375,0,1,116.69190203266035,True,0
515,a,a,W,29340,294,-25,-31,a,3,3,0,0,0,0,0,0,1400,600,0,1,0,0,3,0.0,350.0,99.45762711864407,0,1,39.824615503479755,True,0
516,a,a,W,44960,643,19,56,a,4,1,3,0,0,0,0,0,14400,9000,0,1,0,0,4,0.0,2880.0,69.8136645962733,1,0,59.135437767890075,True,0
517,a,a,W,28500,337,-26,-22,a,1,1,0,0,0,0,0,0,400,400,0,1,0,0,1,0.0,200.0,84.31952662721893,0,1,34.058772731852805,True,0
518,a,a,W,31250,430,-16,2,a,3,0,3,0,0,0,0,0,4000,2000,1,1,0,0,3,0.0,1000.0,72.50580046403712,0,0,16.1245154965971,True,0
519,b,a,W,33760,568,-7,35,a,3,1,1,1,0,0,0,0,81500,80000,0,1,0,1,2,0.25,20375.0,59.332161687170476,0,0,35.6931365951495,False,0
520,b,a,W,25400,398,-29,-8,a,2,0,2,0,0,0,0,0,6000,4000,0,1,0,0,2,0.0,2000.0,63.659147869674186,0,1,30.083217912982647,False,0
521,b,a,W,32500,474,-5,10,a,1,1,0,0,0,0,0,0,700,700,0,1,0,0,1,0.0,350.0,68.42105263157895,0,0,11.180339887498949,False,0
522,a,b,N,12580,120,-73,-74,a,1,1,0,0,0,0,0,0,600,600,0,1,0,0,1,0.0,300.0,103.96694214876032,0,1,103.9471019317037,False,0
523,a,b,N,8060,57,-81,-86,a,1,0,1,0,0,0,0,0,3000,3000,0,1,0,0,1,0.0,1500.0,138.9655172413793,0,1,118.1397477566293,False,0
524,a,b,W,20160,262,-40,-39,a,3,3,0,0,0,0,0,0,1600,800,0,1,0,0,3,0.0,400.0,76.65399239543726,0,1,55.86591089385369,False,0
525,a,a,W,36020,487,15,18,a,1,1,0,0,0,0,0,0,400,400,0,1,0,0,1,0.0,200.0,73.81147540983606,1,0,23.430749027719962,True,0
526,a,a,W,26550,330,-17,-23,a,2,1,1,0,0,0,0,0,1700,1000,0,1,0,0,2,0.0,566.6666666666666,80.21148036253777,0,1,28.600699292150182,True,0
527,a,a,W,15460,208,-50,-51,a,1,0,1,0,0,0,0,0,4000,4000,0,1,0,0,1,0.0,2000.0,73.97129186602871,0,1,71.42128534267638,True,0
528,a,a,W,23630,294,-20,-29,a,3,3,0,0,0,0,0,0,1800,900,0,1,0,0,3,0.0,450.0,80.10169491525424,0,1,35.22782990761707,True,0
529,a,a,W,32130,427,18,13,a,0,0,0,0,0,0,0,0,0,0,0,0,0,0,0,0.0,0.0,75.07009345794393,1,0,22.20360331117452,True,0
530,a,a,W,28570,336,3,-13,a,1,0,1,0,0,0,0,0,2000,2000,0,1,0,0,1,0.0,1000.0,84.77744807121661,0,0,13.341664064126334,True,0
531,a,a,W,37640,596,37,58,a,0,0,0,0,0,0,0,0,0,0,0,0,0,0,0,0.0,0.0,63.04857621440536,1,0,68.79680225126747,True,0
532,a,b,W,42930,341,54,-11,a,5,2,3,0,0,0,0,0,6200,3000,0,1,0,0,5,0.0,1033.3333333333333,125.52631578947368,0,0,55.10898293381942,False,0
533,a,b,W,14990,185,-49,-51,a,2,1,1,0,0,0,0,0,4500,4000,1,1,0,0,2,0.0,1500.0,80.59139784946237,0,1,70.7248188403477,False,0
534,b,b,W,45470,573,64,65,a,8,5,2,1,0,0,0,0,33600,20000,0,1,0,1,7,0.1111111111111111,3733.3333333333335,79.21602787456446,1,0,91.21951545584969,False,0
535,b,b,W,13740,218,-55,-42,a,0,0,0,0,0,0,0,0,0,0,1,0,0,0,0,0.0,0.0,62.73972602739726,0,1,69.20260110718382,False,0
536,b,b,W,17150,198,-39,-44,a,3,1,1,1,0,0,0,0,24200,20000,0,1,0,1,2,0.25,6050.0,86.18090452261306,0,1,58.7962583843564,False,0
537,b,a,W,44600,591,64,75,a,1,0,1,0,0,0,0,0,2000,2000,0,1,0,0,1,0.0,1000.0,75.33783783783784,1,0,98.59513172565875,False,0
538,b,a,W,40150,525,33,40,a,0,0,0,0,0,0,0,0,0,0,0,0,0,0,0,0.0,0.0,76.33079847908745,1,0,51.85556864985669,False,0
539,a,a,W,17860,200,-44,-50,a,2,1,1,0,0,0,0,0,4200,4000,0,1,0,0,2,0.0,1400.0,88.85572139303483,0,1,66.60330322138685,True,0
540,a,a,N,4190,43,-58,-49,a,0,0,0,0,0,0,0,0,0,0,0,0,0,0,0,0.0,0.0,95.22727272727273,0,1,75.92759709091287,True,0
541,a,a,N,1150,22,-88,-73,a,1,1,0,0,0,0,0,0,100,100,0,1,0,0,1,0.0,50.0,50.0,0,1,114.33722053644648,True,0
542,a,a,N,2020,18,-76,-76,a,1,1,0,0,0,0,0,0,400,400,0,1,0,0,1,0.0,200.0,106.3157894736842,0,1,107.48023074035522,True,0
543,a,a,N,1650,21,-79,-69,a,0,0,0,0,0,0,0,0,0,0,0,0,0,0,0,0.0,0.0,75.0,0,1,104.89041900955492,True,0
544,a,a,N,6040,41,-13,-33,a,2,1,1,0,0,0,0,0,3300,3000,0,1,0,0,2,0.0,1100.0,143.8095238095238,0,1,35.4682957019364,True,0
545,a,a,W,13690,147,-66,-67,a,2,1,1,0,0,0,0,0,3300,3000,0,1,0,0,2,0.0,1100.0,92.5,0,1,94.04786015641186,True,0
546,a,a,W,54830,694,46,68,a,5,3,2,0,0,0,0,0,4000,1000,0,1,0,0,5,0.0,666.6666666666666,78.89208633093526,1,0,82.09750300709517,True,0
547,a,a,W,34280,460,-12,5,a,1,0,1,0,0,0,0,0,3000,3000,0,1,0,0,1,0.0,1500.0,74.36008676789588,0,0,13.0,True,0
548,a,a,W,24970,325,-35,-26,a,2,0,2,0,0,0,0,0,4000,3000,0,1,0,0,2,0.0,1333.3333333333333,76.59509202453988,0,1,43.60045871318328,True,0
549,a,a,W,46740,553,27,29,a,6,3,3,0,0,0,0,0,5800,2000,0,1,0,0,6,0.0,828.5714285714286,84.36823104693141,1,0,39.6232255123179,True,0
550,a,a,W,23040,318,-39,-28,a,2,1,1,0,0,0,0,0,1300,1000,0,1,0,0,2,0.0,433.3333333333333,72.2257053291536,0,1,48.010415536631214,True,0
551,a,b,N,5380,90,-18,58,a,1,0,1,0,0,0,0,0,2000,2000,0,1,0,0,1,0.0,1000.0,59.120879120879124,0,0,60.728905802755904,False,0
552,a,b,W,33540,570,-6,34,a,0,0,0,0,0,0,0,0,0,0,0,0,0,0,0,0.0,0.0,58.73905429071804,0,0,34.52535300326414,False,0
553,a,b,W,39980,629,14,43,b,2,1,1,0,0,0,0,0,2800,2000,0,1,0,0,2,0.0,933.3333333333334,63.46031746031746,1,0,45.221676218380054,False,0
554,a,b,W,28520,483,-19,5,b,3,3,0,0,0,0,0,0,1700,700,1,1,0,0,3,0.0,425.0,58.925619834710744,0,0,19.6468827043885,False,0
555,b,b,W,92780,1256,173,172,b,5,2,2,1,0,0,0,0,23500,20000,1,1,0,1,4,0.16666666666666666,3916.6666666666665,73.81066030230708,1,0,243.95286429964293,True,0
556,a,b,W,60910,882,55,62,a,2,0,1,0,1,0,0,0,303000,300000,0,1,0,1,1,0.3333333333333333,101000.0,68.98074745186862,1,0,82.87943049997388,False,0
557,a,b,W,81410,441,-19,-56,a,3,2,1,0,0,0,0,0,10200,9000,1,1,0,0,3,0.0,2550.0,184.18552036199094,0,1,59.135437767890075,False,0
558,a,b,W,150220,709,53,-25,a,2,0,1,1,0,0,0,0,23000,20000,0,1,0,1,1,0.3333333333333333,7666.666666666667,211.57746478873239,0,0,58.60034129593445,False,0
559,b,b,W,109110,417,6,-54,a,2,2,0,0,0,0,0,0,1300,800,0,1,0,0,2,0.0,433.3333333333333,261.0287081339713,0,0,54.3323108288245,False,0
560,b,b,W,70490,330,-38,-37,a,6,1,5,0,0,0,0,0,10300,3000,0,1,0,0,6,0.0,1471.4285714285713,212.9607250755287,0,1,53.03772242470448,False,0
561,a,b,W,83570,488,-24,-3,a,3,2,1,0,0,0,0,0,1800,1000,0,1,0,0,3,0.0,450.0,170.89979550102248,0,1,24.186773244895647,False,0
562,a,b,W,46580,260,-56,-48,a,1,0,1,0,0,0,0,0,2000,2000,0,1,0,0,1,0.0,1000.0,178.46743295019158,0,1,73.7563556583431,False,0
563,a,a,N,6500,67,-87,-87,a,0,0,0,0,0,0,0,0,0,0,0,0,0,0,0,0.0,0.0,95.58823529411765,0,1,123.03657992645927,True,0
564,a,a,N,5310,49,-88,-89,a,0,0,0,0,0,0,0,0,0,0,0,0,0,0,0,0.0,0.0,106.2,0,1,125.15989773086265,True,0
565,a,a,N,5770,45,-86,-89,a,1,0,1,0,0,0,0,0,2000,2000,0,1,0,0,1,0.0,1000.0,125.43478260869566,0,1,123.76186811776881,True,0
566,a,a,W,54150,307,-46,-35,a,3,3,0,0,0,0,0,0,800,300,1,1,0,0,3,0.0,200.0,175.8116883116883,0,1,57.8013840664737,True,0
567,b,a,W,96070,537,3,19,a,3,1,1,1,0,0,0,0,49200,40000,0,1,0,1,2,0.25,12300.0,178.56877323420073,1,0,19.235384061671343,False,0
568,b,a,W,40800,222,-56,-51,a,3,1,2,0,0,0,0,0,5800,3000,0,1,0,0,3,0.0,1450.0,182.9596412556054,0,1,75.7429864739964,False,0
569,b,a,W,38070,220,-55,-48,a,2,1,1,0,0,0,0,0,7900,7000,0,1,0,0,2,0.0,2633.3333333333335,172.26244343891403,0,1,73.0,False,0
570,a,a,W,69660,362,-10,-8,a,2,2,0,0,0,0,0,0,800,500,1,1,0,0,2,0.0,266.6666666666667,191.900826446281,0,1,12.806248474865697,True,0
571,b,a,W,32310,194,-56,-49,a,4,1,2,1,0,0,0,0,28400,20000,0,1,0,1,3,0.2,5680.0,165.69230769230768,0,1,74.41102068914255,False,0
572,b,a,W,39760,211,-38,-39,a,3,3,0,0,0,0,0,0,1600,900,0,1,0,0,3,0.0,400.0,187.54716981132074,0,1,54.45181356024793,False,0
573,b,a,W,74940,360,31,15,a,2,2,0,0,0,0,0,0,500,400,0,1,0,0,2,0.0,166.66666666666666,207.59002770083103,1,0,34.438350715445125,False,0
574,a,a,W,63950,297,11,-6,a,0,0,0,0,0,0,0,0,0,0,0,0,0,0,0,0.0,0.0,214.59731543624162,0,0,12.529964086141668,True,0
575,a,a,W,54030,335,-3,13,a,6,3,3,0,0,0,0,0,13300,9000,0,1,0,0,6,0.0,1900.0,160.80357142857142,0,0,13.341664064126334,True,0
576,a,a,W,44080,339,-22,11,a,2,1,1,0,0,0,0,0,3700,3000,0,1,0,0,2,0.0,1233.3333333333333,129.64705882352942,0,0,24.596747752497688,True,0
577,a,a,W,33580,268,-39,-13,a,1,0,1,0,0,0,0,0,4000,4000,0,1,0,0,1,0.0,2000.0,124.83271375464685,0,1,41.10960958218893,True,0
578,a,a,W,34980,296,-29,5,a,0,0,0,0,0,0,0,0,0,0,0,0,0,0,0,0.0,0.0,117.77777777777777,0,0,29.427877939124322,True,0
579,a,a,W,40850,340,-16,18,a,2,2,0,0,0,0,0,0,400,200,0,1,0,0,2,0.0,133.33333333333334,119.79472140762464,0,0,24.08318915758459,True,0
580,a,a,N,4050,34,-31,-37,a,1,1,0,0,0,0,0,0,600,600,0,1,0,0,1,0.0,300.0,115.71428571428571,0,1,48.27007354458868,True,0
581,a,a,N,6320,32,11,-38,a,1,0,1,0,0,0,0,0,4000,4000,0,1,0,0,1,0.0,2000.0,191.5151515151515,0,0,39.56008088970496,True,0
582,a,a,W,26130,220,-46,-27,a,2,1,1,0,0,0,0,0,2200,2000,0,1,0,0,2,0.0,733.3333333333334,118.23529411764706,0,1,53.33854141237835,True,0
583,a,a,W,34820,270,-22,-6,a,1,1,0,0,0,0,0,0,300,300,0,1,0,0,1,0.0,150.0,128.48708487084872,0,1,22.80350850198276,True,0
584,a,a,N,4410,76,-23,53,a,0,0,0,0,0,0,0,0,0,0,0,0,0,0,0,0.0,0.0,57.27272727272727,0,0,57.77542730261716,True,0
585,a,a,N,3280,40,-41,-23,a,1,1,0,0,0,0,0,0,200,200,0,1,0,0,1,0.0,100.0,80.0,0,1,47.01063709417264,True,0
586,a,a,N,6070,46,14,-9,a,1,0,1,0,0,0,0,0,3000,3000,0,1,0,0,1,0.0,1500.0,129.14893617021278,0,0,16.64331697709324,True,0
587,a,a,W,17660,140,-60,-52,a,1,1,0,0,0,0,0,0,900,900,0,1,0,0,1,0.0,450.0,125.2482269503546,0,1,79.39773296511683,True,0
588,a,a,W,21240,138,-50,-52,a,1,1,0,0,0,0,0,0,700,700,0,1,0,0,1,0.0,350.0,152.80575539568346,0,1,72.13875518748573,True,0
589,a,a,W,37710,233,2,-12,a,1,0,1,0,0,0,0,0,2000,2000,0,1,0,0,1,0.0,1000.0,161.15384615384616,0,0,12.165525060596439,True,0
590,a,a,W,20250,157,-41,-39,a,4,3,1,0,0,0,0,0,2600,1000,1,1,0,0,4,0.0,520.0,128.16455696202533,0,1,56.586217403180434,True,0
591,b,a,W,43940,327,41,36,a,2,0,1,1,0,0,0,0,41000,40000,0,1,0,1,1,0.3333333333333333,13666.666666666666,133.96341463414635,1,0,54.56189146281496,False,0
592,b,a,W,31770,231,2,-3,a,3,1,2,0,0,0,0,0,10400,8000,0,1,0,0,3,0.0,2600.0,136.93965517241378,0,0,3.605551275463989,False,0
593,b,a,W,16450,141,-47,-40,a,3,2,1,0,0,0,0,0,3800,3000,0,1,0,0,3,0.0,950.0,115.84507042253522,0,1,61.71709649683789,False,0
594,a,a,W,29150,259,0,18,a,1,1,0,0,0,0,0,0,600,600,1,1,0,0,1,0.0,300.0,112.11538461538461,0,0,18.0,True,0
595,b,a,W,39660,325,42,54,a,5,2,2,1,0,0,0,0,34000,30000,0,1,0,1,4,0.16666666666666666,5666.666666666667,121.65644171779141,1,0,68.41052550594829,False,0
596,b,a,W,19220,149,-34,-33,a,6,2,4,0,0,0,0,0,10700,5000,0,1,0,0,6,0.0,1528.5714285714287,128.13333333333333,0,1,47.38143096192854,False,0
597,b,a,W,40200,334,45,59,a,1,1,0,0,0,0,0,0,900,900,1,1,0,0,1,0.0,450.0,120.0,1,0,74.2024258363566,False,0
598,b,a,W,47010,375,57,63,a,4,2,1,0,1,0,0,0,204400,200000,0,1,0,1,3,0.2,40880.0,125.02659574468085,1,0,84.95881355103778,False,0
599,b,a,W,8610,79,-74,-69,a,1,0,1,0,0,0,0,0,5000,5000,0,1,0,0,1,0.0,2500.0,107.625,0,1,101.17806086301516,False,0
600,b,a,W,27810,265,-6,11,a,1,1,0,0,0,0,0,0,500,500,0,1,0,0,1,0.0,250.0,104.54887218045113,0,0,12.529964086141668,False,0
601,a,a,W,36600,341,20,37,a,3,0,3,0,0,0,0,0,13000,7000,0,1,0,0,3,0.0,3250.0,107.01754385964912,1,0,42.05948168962618,True,0
602,a,a,N,5640,58,6,17,a,1,0,1,0,0,0,0,0,5000,5000,0,1,0,0,1,0.0,2500.0,95.59322033898304,1,0,18.027756377319946,True,0
603,a,a,W,27870,238,-6,-5,a,0,0,0,0,0,0,0,0,0,0,0,0,0,0,0,0.0,0.0,116.61087866108787,0,1,7.810249675906654,True,0
604,a,a,W,34150,346,17,38,a,2,1,1,0,0,0,0,0,6300,6000,0,1,0,0,2,0.0,2100.0,98.4149855907781,1,0,41.6293165929973,True,0
605,a,a,N,3040,63,-43,26,a,0,0,0,0,0,0,0,0,0,0,0,0,0,0,0,0.0,0.0,47.5,0,0,50.24937810560445,True,0
606,a,a,N,2410,39,-52,-24,a,0,0,0,0,0,0,0,0,0,0,0,0,0,0,0,0.0,0.0,60.25,0,1,57.271284253105414,True,0
607,a,a,N,3960,35,-14,-27,a,1,0,1,0,0,0,0,0,1000,1000,0,1,0,0,1,0.0,500.0,110.0,0,1,30.4138126514911,True,0
608,a,a,N,4420,60,-2,28,a,0,0,0,0,0,0,0,0,0,0,1,0,0,0,0,0.0,0.0,72.45901639344262,0,0,28.071337695236398,True,0
609,b,a,W,49520,405,60,49,a,4,0,3,1,0,0,0,0,72000,60000,0,1,0,1,3,0.2,14400.0,121.9704433497537,1,0,77.46612162745726,False,0
610,b,b,W,51910,495,57,73,b,0,0,0,0,0,0,0,0,0,0,0,0,0,0,0,0.0,0.0,104.65725806451613,1,0,92.61749294814668,True,0
611,b,b,W,13600,215,-60,-29,b,2,1,1,0,0,0,0,0,3600,3000,0,1,0,0,2,0.0,1200.0,62.96296296296296,0,1,66.64082832618455,True,0
612,a,b,W,40140,417,19,35,a,6,2,4,0,0,0,0,0,11300,4000,0,1,0,0,6,0.0,1614.2857142857142,96.02870813397129,1,0,39.824615503479755,False,0
613,a,b,W,31390,376,-7,18,a,2,0,2,0,0,0,0,0,6000,4000,1,1,0,0,2,0.0,2000.0,83.26259946949602,0,0,19.313207915827967,False,0
614,b,a,W,11230,103,-65,-68,a,4,1,2,1,0,0,0,0,25200,20000,1,1,0,1,3,0.2,5040.0,107.98076923076923,0,1,94.06912352095134,False,0
615,b,a,W,23200,264,-28,-18,a,3,2,0,1,0,0,0,0,40600,40000,0,1,0,1,2,0.25,10150.0,87.54716981132076,0,1,33.28663395418648,False,0
616,b,a,W,26670,444,-17,39,a,0,0,0,0,0,0,0,0,0,0,0,0,0,0,0,0.0,0.0,59.93258426966292,0,0,42.5440947723653,False,0
617,b,a,W,26860,282,-46,-44,a,2,0,2,0,0,0,0,0,5000,3000,0,1,0,0,2,0.0,1666.6666666666667,94.91166077738517,0,1,63.655321851358195,False,0
618,a,a,W,21760,250,-54,-48,a,2,2,0,0,0,0,0,0,600,400,1,1,0,0,2,0.0,200.0,86.69322709163346,0,1,72.24956747275377,True,0
619,b,a,W,17570,211,-61,-53,a,4,3,0,1,0,0,0,0,70800,70000,0,1,0,1,3,0.2,14160.0,82.87735849056604,0,1,80.8084154033477,False,0
620,b,a,W,11800,133,-47,-46,a,2,1,1,0,0,0,0,0,3300,3000,0,1,0,0,2,0.0,1100.0,88.05970149253731,0,1,65.76473218982953,False,0
621,b,a,W,40250,451,91,91,a,4,3,1,0,0,0,0,0,2900,2000,0,1,0,0,4,0.0,580.0,89.04867256637168,1,0,128.69343417595164,False,0
622,a,a,W,45180,370,98,44,a,4,2,2,0,0,0,0,0,5800,3000,0,1,0,0,4,0.0,1160.0,121.77897574123989,1,0,107.42439201596628,True,0
623,a,a,W,25650,157,2,-42,a,4,1,3,0,0,0,0,0,16900,8000,0,1,0,0,4,0.0,3380.0,162.34177215189874,0,0,42.04759208325728,True,0
624,a,a,W,48530,485,90,87,a,2,1,1,0,0,0,0,0,1300,1000,0,1,0,0,2,0.0,433.3333333333333,99.8559670781893,1,0,125.1758762701504,True,0
625,a,a,W,45350,469,14,21,a,4,1,3,0,0,0,0,0,6400,3000,0,1,0,0,4,0.0,1280.0,96.48936170212765,1,0,25.238858928247925,True,0
626,a,b,W,31710,352,-20,-9,a,2,2,0,0,0,0,0,0,1000,500,0,1,0,0,2,0.0,333.3333333333333,89.8300283286119,0,1,21.93171219946131,False,0
627,a,b,N,4520,50,-82,-80,a,0,0,0,0,0,0,0,0,0,0,0,0,0,0,0,0.0,0.0,88.62745098039215,0,1,114.56002793295748,False,0
628,a,b,N,7400,47,-68,-80,a,1,0,1,0,0,0,0,0,3000,3000,0,1,0,0,1,0.0,1500.0,154.16666666666666,0,1,104.9952379872535,False,0
629,a,b,W,20160,243,-47,-36,a,2,1,1,0,0,0,0,0,2700,2000,1,1,0,0,2,0.0,900.0,82.62295081967213,0,1,59.20304046246274,False,0
630,b,b,W,50890,602,42,69,a,2,1,0,1,0,0,0,0,70500,70000,0,1,0,1,1,0.3333333333333333,23500.0,84.39469320066335,1,0,80.77747210701756,False,0
631,b,a,W,40880,519,12,40,a,1,1,0,0,0,0,0,0,600,600,0,1,0,0,1,0.0,300.0,78.61538461538461,1,0,41.7612260356422,False,0
632,b,a,W,30430,308,-16,-19,a,2,1,1,0,0,0,0,0,4500,4000,0,1,0,0,2,0.0,1500.0,98.4789644012945,0,1,24.839484696748443,False,0
633,a,a,W,71080,767,88,94,a,5,3,2,0,0,0,0,0,4600,2000,1,1,0,0,5,0.0,766.6666666666666,92.55208333333333,1,0,128.76334882255898,True,0
634,b,a,W,65490,735,60,72,a,3,0,2,1,0,0,0,0,72000,60000,0,1,0,1,2,0.25,18000.0,88.98097826086956,1,0,93.72299611087985,False,0
635,b,a,W,31440,361,-27,-22,a,3,2,1,0,0,0,0,0,4600,4000,0,1,0,0,3,0.0,1150.0,86.85082872928177,0,1,34.828149534535996,False,0
636,b,a,W,51660,626,19,29,a,1,1,0,0,0,0,0,0,500,500,0,1,0,0,1,0.0,250.0,82.39234449760765,1,0,34.66987164671943,False,0
637,a,a,W,45080,468,3,-6,a,3,2,1,0,0,0,0,0,2000,1000,0,1,0,0,3,0.0,500.0,96.11940298507463,0,0,6.708203932499369,True,0
638,a,a,W,48100,582,10,17,a,4,2,2,0,0,0,0,0,12100,7000,0,1,0,0,4,0.0,2420.0,82.50428816466552,1,0,19.72308292331602,True,0
639,a,a,W,90330,913,98,75,a,4,2,2,0,0,0,0,0,14100,7000,0,1,0,0,4,0.0,2820.0,98.8293216630197,1,0,123.40583454602137,True,0
640,a,a,W,50090,699,-5,19,a,3,1,2,0,0,0,0,0,12600,7000,1,1,0,0,3,0.0,3150.0,71.55714285714286,0,0,19.6468827043885,True,0
641,b,b,W,36430,500,-31,-16,a,2,0,1,1,0,0,0,0,94000,90000,0,1,0,1,1,0.3333333333333333,31333.333333333332,72.71457085828344,0,1,34.88552708502482,False,0
642,b,b,W,65150,952,25,60,a,4,3,1,0,0,0,0,0,4100,2000,0,1,0,0,4,0.0,820.0,68.36306400839455,1,0,65.0,False,0
643,b,b,W,40030,577,-28,-13,a,0,0,0,0,0,0,0,0,0,0,0,0,0,0,0,0.0,0.0,69.2560553633218,0,1,30.870698080866262,False,0
644,a,b,W,45170,579,-14,-10,a,1,0,1,0,0,0,0,0,2000,2000,0,1,0,0,1,0.0,1000.0,77.87931034482759,0,1,17.204650534085253,False,0
645,a,b,W,93510,1375,86,120,b,3,2,1,0,0,0,0,0,5700,5000,0,1,0,0,3,0.0,1425.0,67.9578488372093,1,0,147.63468427168462,False,0
646,a,b,W,59240,941,5,29,a,3,1,2,0,0,0,0,0,5200,3000,0,1,0,0,3,0.0,1300.0,62.88747346072187,1,0,29.427877939124322,False,0
647,a,b,N,11130,126,-47,-40,a,3,1,2,0,0,0,0,0,4900,3000,0,1,0,0,3,0.0,1225.0,87.63779527559055,0,1,61.71709649683789,False,0
648,a,b,N,2960,49,-62,-34,a,0,0,0,0,0,0,0,0,0,0,0,0,0,0,0,0.0,0.0,59.2,0,1,70.71067811865476,False,0
649,a,b,N,10520,72,46,1,a,1,0,1,0,0,0,0,0,5000,5000,0,1,0,0,1,0.0,2500.0,144.1095890410959,1,0,46.010868281309364,False,0
650,a,b,W,44770,770,-22,2,a,1,0,1,0,0,0,0,0,1000,1000,1,1,0,0,1,0.0,500.0,58.0674448767834,0,0,22.090722034374522,False,0
651,b,a,W,79790,1419,39,80,a,3,2,0,1,0,0,0,0,21200,20000,0,1,0,1,2,0.25,5300.0,56.190140845070424,1,0,89.0,False,0
652,b,a,W,58160,897,-4,3,a,3,2,1,0,0,0,0,0,1900,1000,0,1,0,0,3,0.0,475.0,64.76614699331849,0,0,5.0,False,0
653,b,a,W,51230,944,-10,8,a,2,0,2,0,0,0,0,0,5000,3000,1,1,0,0,2,0.0,1666.6666666666667,54.21164021164021,0,0,12.806248474865697,False,0
654,b,a,W,55890,1204,-3,34,a,5,0,2,3,0,0,0,0,149000,80000,0,1,0,3,2,0.5,24833.333333333332,46.38174273858921,0,0,34.132096331752024,False,0
655,b,a,W,29900,665,-50,-31,a,1,1,0,0,0,0,0,0,900,900,1,1,0,0,1,0.0,450.0,44.8948948948949,0,1,58.83026432033091,False,0
656,b,b,N,8660,205,16,188,b,1,0,0,1,0,0,0,0,10000,10000,0,1,0,1,0,0.5,5000.0,42.03883495145631,1,0,188.67962264113208,True,0
657,a,b,W,23290,592,-58,-37,b,1,1,0,0,0,0,0,0,500,500,0,1,0,0,1,0.0,250.0,39.27487352445194,0,1,68.79680225126747,False,0
658,a,b,W,21000,523,-61,-44,b,1,0,1,0,0,0,0,0,8000,8000,0,1,0,0,1,0.0,4000.0,40.0763358778626,0,1,75.21303078589507,False,0
659,a,b,W,24570,434,-52,-53,a,2,1,1,0,0,0,0,0,3600,3000,0,1,0,0,2,0.0,1200.0,56.48275862068966,0,1,74.24957912338628,False,0
660,a,b,W,56350,999,26,19,a,2,2,0,0,0,0,0,0,1000,800,0,1,0,0,2,0.0,333.3333333333333,56.35,1,0,32.202484376209235,False,0
661,a,a,W,31900,643,-28,-24,a,2,2,0,0,0,0,0,0,1100,700,0,1,0,0,2,0.0,366.6666666666667,49.53416149068323,0,1,36.87817782917155,True,0
662,a,a,W,23920,359,-45,-57,a,1,0,1,0,0,0,0,0,5000,5000,0,1,0,0,1,0.0,2500.0,66.44444444444444,0,1,72.62231062146122,True,0
663,a,b,W,65240,1008,73,39,a,4,3,1,0,0,0,0,0,2500,1000,0,1,0,0,4,0.0,500.0,64.65807730426164,1,0,82.76472678623425,False,0
664,a,b,W,49070,587,28,-20,a,2,1,1,0,0,0,0,0,2400,2000,0,1,0,0,2,0.0,800.0,83.45238095238095,0,0,34.40930106817051,False,0
665,a,b,W,122820,1191,-39,-40,a,1,0,1,0,0,0,0,0,3000,3000,0,1,0,0,1,0.0,1500.0,103.03691275167785,0,1,55.86591089385369,False,0
666,a,b,W,132520,1174,-31,-39,a,1,1,0,0,0,0,0,0,200,200,0,1,0,0,1,0.0,100.0,112.78297872340426,0,1,49.8196748283246,False,0
667,a,b,N,25710,258,-74,-74,a,1,0,1,0,0,0,0,0,7000,7000,0,1,0,0,1,0.0,3500.0,99.26640926640927,0,1,104.65180361560904,False,0
668,a,a,N,17700,174,-81,-81,a,1,0,1,0,0,0,0,0,2000,2000,0,1,0,0,1,0.0,1000.0,101.14285714285714,0,1,114.5512985522207,True,0
669,a,a,N,72300,155,-14,-82,a,1,0,1,0,0,0,0,0,5000,5000,0,1,0,0,1,0.0,2500.0,463.46153846153845,0,1,83.18653737234169,True,0
670,a,a,N,16960,130,-56,-34,a,1,0,1,0,0,0,0,0,4000,4000,0,1,0,0,1,0.0,2000.0,129.46564885496184,0,1,65.5133574166368,True,0
671,a,a,W,87700,935,-53,-49,a,2,1,1,0,0,0,0,0,1600,1000,0,1,0,0,2,0.0,533.3333333333334,93.69658119658119,0,1,72.18032973047436,True,0
672,a,a,W,118860,1122,4,2,a,0,0,0,0,0,0,0,0,0,0,0,0,0,0,0,0.0,0.0,105.84149599287622,1,0,4.47213595499958,True,0
673,a,a,W,102710,1159,-11,5,a,1,1,0,0,0,0,0,0,400,400,0,1,0,0,1,0.0,200.0,88.54310344827586,0,0,12.083045973594572,True,0
674,a,a,W,95050,860,-16,-22,a,2,0,2,0,0,0,0,0,5000,3000,0,1,0,0,2,0.0,1666.6666666666667,110.39488966318234,0,1,27.202941017470888,True,0
675,a,a,W,182210,1766,63,63,a,6,1,5,0,0,0,0,0,17800,7000,0,1,0,0,6,0.0,2542.8571428571427,103.11827956989248,1,0,89.09545442950498,True,0
676,a,a,W,95020,859,-20,-25,a,1,1,0,0,0,0,0,0,600,600,0,1,0,0,1,0.0,300.0,110.48837209302326,0,1,32.01562118716424,True,0
677,a,a,N,29290,235,-20,24,a,1,1,0,0,0,0,0,0,500,500,0,1,0,0,1,0.0,250.0,124.11016949152543,0,0,31.240998703626616,True,0
678,a,a,N,11440,121,-68,-37,a,0,0,0,0,0,0,0,0,0,0,0,0,0,0,0,0.0,0.0,93.77049180327869,0,1,77.41446893184762,True,0
679,a,a,N,26800,94,-18,-49,a,1,0,1,0,0,0,0,0,3000,3000,0,1,0,0,1,0.0,1500.0,282.10526315789474,0,1,52.20153254455275,True,0
680,a,a,N,43650,334,38,90,a,0,0,0,0,0,0,0,0,0,0,0,0,0,0,0,0.0,0.0,130.29850746268656,1,0,97.6933979345585,True,0
681,a,a,W,154830,1252,33,11,a,2,2,0,0,0,0,0,0,1100,700,0,1,0,0,2,0.0,366.6666666666667,123.56743814844374,1,0,34.785054261852174,True,0
682,a,b,W,121720,1170,1,2,a,1,0,1,0,0,0,0,0,5000,5000,0,1,0,0,1,0.0,2500.0,103.94534585824081,1,0,2.23606797749979,False,0
683,a,b,W,111950,997,-8,-13,a,4,3,1,0,0,0,0,0,4400,3000,0,1,0,0,4,0.0,880.0,112.17434869739479,0,1,15.264337522473747,False,0
684,a,b,W,190960,1651,58,45,a,2,0,2,0,0,0,0,0,11000,9000,0,1,0,0,2,0.0,3666.6666666666665,115.59322033898304,1,0,73.40980860893181,False,0
685,a,b,W,95620,996,-26,-17,a,0,0,0,0,0,0,0,0,0,0,0,0,0,0,0,0.0,0.0,95.90772316950853,0,1,31.064449134018133,False,0
686,a,b,W,133430,1074,5,-9,a,6,2,4,0,0,0,0,0,16700,8000,0,1,0,0,6,0.0,2385.714285714286,124.12093023255814,0,0,10.295630140987,False,0
687,a,b,W,253510,2069,98,76,a,4,2,2,0,0,0,0,0,7100,4000,0,1,0,0,4,0.0,1420.0,122.46859903381643,1,0,124.01612798341996,False,0
688,a,b,W,121870,935,-15,-26,a,2,2,0,0,0,0,0,0,900,500,0,1,0,0,2,0.0,300.0,130.20299145299145,0,1,30.01666203960727,False,0
689,a,b,W,148160,1282,1,0,a,2,2,0,0,0,0,0,0,1300,900,0,1,0,0,2,0.0,433.3333333333333,115.47934528448948,0,0,1.0,False,0
690,a,b,W,156780,1301,10,6,a,4,3,1,0,0,0,0,0,4700,3000,0,1,0,0,4,0.0,940.0,120.4147465437788,1,0,11.661903789690601,False,0
691,a,b,N,23000,157,-28,-17,a,1,0,1,0,0,0,0,0,2000,2000,0,1,0,0,1,0.0,1000.0,145.56962025316454,0,1,32.7566787083184,False,0
692,a,a,W,107100,1003,-28,-21,a,3,3,0,0,0,0,0,0,1600,600,1,1,0,0,3,0.0,400.0,106.67330677290836,0,1,35.0,True,0
693,b,a,W,127110,1140,-12,-9,a,3,1,1,1,0,0,0,0,22600,20000,1,1,0,1,2,0.25,5650.0,111.4022787028922,0,1,15.0,False,0
694,b,a,W,163510,1534,13,23,a,2,0,1,1,0,0,0,0,72000,70000,0,1,0,1,1,0.3333333333333333,24000.0,106.52117263843648,1,0,26.419689627245813,False,0
695,b,a,W,134890,1411,-10,9,a,1,0,1,0,0,0,0,0,6000,6000,1,1,0,0,1,0.0,3000.0,95.53116147308782,0,0,13.45362404707371,False,0
696,b,b,W,306400,2522,112,98,b,3,2,0,1,0,0,0,0,31000,30000,1,1,0,1,2,0.25,7750.0,121.44272691240586,1,0,148.8220413782851,True,0
697,b,b,W,83490,898,-49,-37,b,2,1,0,0,1,0,0,0,100300,100000,1,1,0,1,1,0.3333333333333333,33433.333333333336,92.8698553948832,0,1,61.40032573203501,True,0
698,b,b,W,92760,967,-42,-31,b,5,3,1,1,0,0,0,0,65800,60000,0,1,0,1,4,0.16666666666666666,10966.666666666666,95.82644628099173,0,1,52.20153254455275,True,0
699,b,b,W,105810,958,-27,-26,a,3,1,2,0,0,0,0,0,14900,8000,0,1,0,0,3,0.0,3725.0,110.33368091762253,0,1,37.48332962798263,False,0
700,b,b,W,128260,1235,-10,-5,a,1,0,1,0,0,0,0,0,1000,1000,0,1,0,0,1,0.0,500.0,103.77022653721683,0,1,11.180339887498949,False,0
701,a,a,W,95280,1031,-32,-21,a,2,1,1,0,0,0,0,0,3600,3000,1,1,0,0,2,0.0,1200.0,92.32558139534883,0,1,38.27531841800928,True,0
702,b,a,W,186280,1921,39,51,a,3,1,1,1,0,0,0,0,72500,70000,0,1,0,1,2,0.25,18125.0,96.91987513007284,1,0,64.20280367709809,False,0
703,b,a,W,195950,1913,38,40,a,4,3,1,0,0,0,0,0,2700,1000,0,1,0,0,4,0.0,540.0,102.37722048066875,1,0,55.17245689653489,False,0
704,b,a,W,117120,1095,-22,-24,a,3,2,1,0,0,0,0,0,5700,4000,0,1,0,0,3,0.0,1425.0,106.86131386861314,0,1,32.55764119219941,False,0
705,a,b,W,273200,2387,89,71,a,2,1,1,0,0,0,0,0,3400,3000,0,1,0,0,2,0.0,1133.3333333333333,114.40536013400335,1,0,113.85077953180645,False,0
706,a,b,W,121400,1063,-23,-29,a,2,0,2,0,0,0,0,0,8000,6000,0,1,0,0,2,0.0,2666.6666666666665,114.09774436090225,0,1,37.013511046643494,False,0
707,a,b,W,200350,1668,43,24,a,0,0,0,0,0,0,0,0,0,0,0,0,0,0,0,0.0,0.0,120.04194128220492,1,0,49.24428900898052,False,0
708,a,a,W,130940,1397,-14,-2,a,1,0,1,0,0,0,0,0,2000,2000,0,1,0,0,1,0.0,1000.0,93.6623748211731,0,1,14.142135623730951,True,0
709,a,a,N,38450,343,26,85,a,1,0,1,0,0,0,0,0,1000,1000,0,1,0,0,1,0.0,500.0,111.77325581395348,1,0,88.88756943465155,True,0
710,a,a,N,12490,122,-59,-39,a,1,1,0,0,0,0,0,0,700,700,1,1,0,0,1,0.0,350.0,101.54471544715447,0,1,70.7248188403477,True,0
711,b,a,N,12380,126,-56,-35,a,1,0,0,1,0,0,0,0,70000,70000,0,1,0,1,0,0.5,35000.0,97.48031496062993,0,1,66.03786792439622,False,0
712,b,a,N,12150,118,-52,-36,a,1,0,1,0,0,0,0,0,3000,3000,0,1,0,0,1,0.0,1500.0,102.10084033613445,0,1,63.245553203367585,False,0
713,b,a,W,166220,1762,7,20,a,0,0,0,0,0,0,0,0,0,0,1,0,0,0,0,0.0,0.0,94.28247305728871,1,0,21.18962010041709,False,0
714,b,a,W,265250,2852,64,84,a,2,0,1,1,0,0,0,0,23000,20000,0,1,0,1,1,0.3333333333333333,7666.666666666667,92.97230984928146,1,0,105.60303025955268,False,0
715,b,a,W,162190,1702,-7,0,a,0,0,0,0,0,0,0,0,0,0,0,0,0,0,0,0.0,0.0,95.23781561949501,0,0,7.0,False,0
716,b,a,W,127010,1388,-30,-22,a,3,0,3,0,0,0,0,0,9000,5000,1,1,0,0,3,0.0,2250.0,91.43988480921526,0,1,37.20215047547655,False,0
717,b,a,W,229070,2597,30,51,a,2,0,0,2,0,0,0,0,100000,80000,0,1,0,2,0,0.6666666666666666,33333.333333333336,88.17167051578137,1,0,59.16924876994806,False,0
718,b,a,W,167100,1690,-7,-6,a,1,0,1,0,0,0,0,0,7000,7000,1,1,0,0,1,0.0,3500.0,98.81726788882318,0,1,9.219544457292887,False,0
719,b,a,W,132470,1552,-28,-16,a,5,2,2,1,0,0,0,0,54800,50000,0,1,0,1,4,0.16666666666666666,9133.333333333334,85.2994204764971,0,1,32.2490309931942,False,0
720,b,a,W,254750,2932,50,66,a,1,0,1,0,0,0,0,0,2000,2000,1,1,0,0,1,0.0,1000.0,86.85646096147289,1,0,82.80096617793781,False,0
721,b,a,W,151210,1727,-18,-12,a,4,1,2,1,0,0,0,0,31800,20000,0,1,0,1,3,0.2,6360.0,87.50578703703704,0,1,21.633307652783937,False,0
722,b,a,W,118110,1660,-34,-15,a,1,0,1,0,0,0,0,0,2000,2000,1,1,0,0,1,0.0,1000.0,71.10776640577966,0,1,37.16180835212409,False,0
723,b,a,W,118120,1716,-33,-14,a,1,0,0,1,0,0,0,0,20000,20000,0,1,0,1,0,0.5,10000.0,68.79440885264997,0,1,35.84689665786984,False,0
724,b,a,W,185910,2451,8,24,a,8,4,4,0,0,0,0,0,11300,4000,0,1,0,0,8,0.0,1255.5555555555557,75.81973898858075,1,0,25.298221281347036,False,0
725,b,a,W,197590,2804,20,44,a,8,8,0,0,0,0,0,0,4700,800,0,1,0,0,8,0.0,522.2222222222222,70.44206773618538,1,0,48.33218389437829,False,0
726,a,a,N,26780,345,18,94,a,0,0,0,0,0,0,0,0,0,0,0,0,0,0,0,0.0,0.0,77.39884393063583,1,0,95.70788891204319,True,0
727,a,a,N,9670,186,-59,-7,a,0,0,0,0,0,0,0,0,0,0,0,0,0,0,0,0.0,0.0,51.711229946524064,0,1,59.413803110051795,True,0
728,a,a,N,9980,170,-54,-13,a,1,0,1,0,0,0,0,0,1000,1000,0,1,0,0,1,0.0,500.0,58.36257309941521,0,1,55.54277630799526,True,0
729,a,a,N,8760,133,-59,-33,a,1,1,0,0,0,0,0,0,600,600,0,1,0,0,1,0.0,300.0,65.3731343283582,0,1,67.60177512462228,True,0
730,a,a,N,7370,110,-63,-46,a,0,0,0,0,0,0,0,0,0,0,0,0,0,0,0,0.0,0.0,66.3963963963964,0,1,78.00640999302557,True,0
731,a,a,N,4580,91,-72,-50,a,1,0,1,0,0,0,0,0,1000,1000,0,1,0,0,1,0.0,500.0,49.78260869565217,0,1,87.65842800324451,True,0
732,a,a,N,4610,78,-68,-55,a,0,0,0,0,0,0,0,0,0,0,0,0,0,0,0,0.0,0.0,58.35443037974684,0,1,87.45856161634491,True,0
733,a,a,N,6040,112,-44,-24,a,2,1,1,0,0,0,0,0,2400,2000,1,1,0,0,2,0.0,800.0,53.45132743362832,0,1,50.11985634456667,True,0
734,b,a,W,68920,1004,-59,-51,a,3,0,2,1,0,0,0,0,66000,60000,0,1,0,1,2,0.25,16500.0,68.57711442786069,0,1,77.98717843338096,False,0
735,b,a,W,134870,2096,-17,4,a,4,2,2,0,0,0,0,0,5100,3000,0,1,0,0,4,0.0,1020.0,64.31568907963758,0,0,17.46424919657298,False,0
736,b,a,W,71650,1173,-53,-40,a,1,0,1,0,0,0,0,0,7000,7000,0,1,0,0,1,0.0,3500.0,61.030664395229984,0,1,66.40030120413611,False,0
737,a,a,W,159910,2345,12,23,a,3,1,2,0,0,0,0,0,4400,3000,0,1,0,0,3,0.0,1100.0,68.16283034953112,1,0,25.942243542145693,True,0
738,a,a,W,172530,2873,18,44,a,3,2,1,0,0,0,0,0,2300,1000,0,1,0,0,3,0.0,575.0,60.03131524008351,1,0,47.53945729601885,True,0
739,a,a,W,93120,1238,-32,-38,a,1,0,1,0,0,0,0,0,2000,2000,0,1,0,0,1,0.0,1000.0,75.15738498789347,0,1,49.678969393496885,True,0
740,a,a,W,27830,190,-79,-90,a,4,0,4,0,0,0,0,0,19000,8000,0,1,0,0,4,0.0,3800.0,145.7068062827225,0,1,119.75391434103521,True,0
741,a,a,W,44320,269,-64,-85,a,2,0,2,0,0,0,0,0,3000,2000,0,1,0,0,2,0.0,1000.0,164.14814814814815,0,1,106.40018796975878,True,0
742,a,a,W,26830,192,-77,-88,a,1,1,0,0,0,0,0,0,600,600,0,1,0,0,1,0.0,300.0,139.01554404145077,0,1,116.93160394008115,True,0
743,a,a,W,29240,217,-71,-85,a,2,0,2,0,0,0,0,0,8000,5000,0,1,0,0,2,0.0,2666.6666666666665,134.12844036697248,0,1,110.75197515168747,True,0
744,a,a,W,47740,276,-42,-76,a,4,1,3,0,0,0,0,0,7800,3000,0,1,0,0,4,0.0,1560.0,172.34657039711192,0,1,86.83317338436964,True,0
745,a,a,W,36520,209,-55,-81,a,3,2,1,0,0,0,0,0,9800,9000,0,1,0,0,3,0.0,2450.0,173.9047619047619,0,1,97.9081201943945,True,0
746,a,a,W,28360,181,-60,-80,a,2,1,1,0,0,0,0,0,3800,3000,0,1,0,0,2,0.0,1266.6666666666667,155.82417582417582,0,1,100.0,True,0
747,a,a,W,29990,203,-55,-75,a,3,1,2,0,0,0,0,0,9400,6000,0,1,0,0,3,0.0,2350.0,147.00980392156862,0,1,93.00537618869137,True,0
748,a,a,W,21060,106,-61,-82,a,0,0,0,0,0,0,0,0,0,0,0,0,0,0,0,0.0,0.0,196.82242990654206,0,1,102.20078277586722,True,0
749,a,a,W,18240,87,-53,-72,a,2,1,1,0,0,0,0,0,2500,2000,0,1,0,0,2,0.0,833.3333333333334,207.27272727272728,0,1,89.40357934669059,True,0
750,a,a,W,33660,248,9,28,a,4,2,2,0,0,0,0,0,11100,8000,0,1,0,0,4,0.0,2220.0,135.18072289156626,1,0,29.410882339705484,True,0
751,a,a,W,21670,132,-31,-34,a,3,2,1,0,0,0,0,0,3400,2000,0,1,0,0,3,0.0,850.0,162.93233082706766,0,1,46.010868281309364,True,0
752,a,a,N,5990,53,-42,-64,a,0,0,0,0,0,0,0,0,0,0,0,0,0,0,0,0.0,0.0,110.92592592592592,0,1,76.55063683601855,True,0
753,a,a,N,6430,30,-33,-79,a,1,1,0,0,0,0,0,0,300,300,0,1,0,0,1,0.0,150.0,207.41935483870967,0,1,85.61541917201598,True,0
754,a,a,N,3020,19,-66,-85,a,1,0,1,0,0,0,0,0,2000,2000,0,1,0,0,1,0.0,1000.0,151.0,0,1,107.61505470890214,True,0
755,a,a,W,23400,140,-20,-24,a,3,3,0,0,0,0,0,0,2000,800,0,1,0,0,3,0.0,500.0,165.95744680851064,0,1,31.240998703626616,True,0
756,a,a,W,45990,349,59,94,a,3,2,1,0,0,0,0,0,4200,3000,0,1,0,0,3,0.0,1050.0,131.4,1,0,110.98198051936178,True,0
757,a,a,W,19570,153,-36,-21,a,1,1,0,0,0,0,0,0,700,700,0,1,0,0,1,0.0,350.0,127.07792207792208,0,1,41.677331968349414,True,0
758,a,a,W,32550,167,17,-8,a,9,5,4,0,0,0,0,0,13200,6000,0,1,0,0,9,0.0,1320.0,193.75,0,0,18.788294228055936,True,0
759,a,b,W,53860,346,96,96,a,5,1,4,0,0,0,0,0,13700,9000,0,1,0,0,5,0.0,2283.3333333333335,155.21613832853026,1,0,135.7645019878171,False,0
760,a,b,W,37810,238,26,23,a,6,5,1,0,0,0,0,0,5400,2000,0,1,0,0,6,0.0,771.4285714285714,158.20083682008368,1,0,34.713109915419565,False,0
761,a,b,W,10130,133,-67,-32,a,1,0,1,0,0,0,0,0,2000,2000,0,1,0,0,1,0.0,1000.0,75.59701492537313,0,1,74.24957912338628,False,0
762,a,b,W,57860,383,95,92,a,2,1,1,0,0,0,0,0,4700,4000,0,1,0,0,2,0.0,1566.6666666666667,150.67708333333334,1,0,132.24598292575845,False,0
763,a,b,W,42470,326,26,42,a,2,2,0,0,0,0,0,0,1200,700,0,1,0,0,2,0.0,400.0,129.87767584097858,1,0,49.39635614091387,False,0
764,a,b,W,42840,248,24,5,a,3,0,3,0,0,0,0,0,4000,2000,0,1,0,0,3,0.0,1000.0,172.04819277108433,1,0,24.515301344262525,False,0
765,a,b,N,13060,81,96,-18,a,0,0,0,0,0,0,0,0,0,0,0,0,0,0,0,0.0,0.0,159.26829268292684,0,0,97.67292357659824,False,0
766,a,b,W,15930,177,-57,-29,a,2,1,1,0,0,0,0,0,2600,2000,0,1,0,0,2,0.0,866.6666666666666,89.49438202247191,0,1,63.953107821277925,False,0
767,a,b,W,60340,495,68,96,a,5,3,2,0,0,0,0,0,12500,8000,0,1,0,0,5,0.0,2083.3333333333335,121.65322580645162,1,0,117.64352935882194,False,0
768,a,b,W,39690,416,6,56,a,2,1,1,0,0,0,0,0,1700,1000,0,1,0,0,2,0.0,566.6666666666666,95.17985611510791,1,0,56.32051136131489,False,0
769,a,b,W,32930,271,-16,-7,a,1,0,1,0,0,0,0,0,3000,3000,0,1,0,0,1,0.0,1500.0,121.06617647058823,0,1,17.46424919657298,False,0
770,a,a,W,18210,150,-54,-51,a,3,1,2,0,0,0,0,0,7700,5000,0,1,0,0,3,0.0,1925.0,120.59602649006622,0,1,74.27651041883968,True,0
771,a,a,W,24790,236,-31,-17,a,1,1,0,0,0,0,0,0,600,600,0,1,0,0,1,0.0,300.0,104.59915611814345,0,1,35.35533905932738,True,0
772,a,a,W,43490,352,26,24,a,0,0,0,0,0,0,0,0,0,0,0,0,0,0,0,0.0,0.0,123.20113314447592,1,0,35.38361202590826,True,0
773,a,a,N,10850,131,55,49,a,0,0,0,0,0,0,0,0,0,0,0,0,0,0,0,0.0,0.0,82.1969696969697,1,0,73.66138744281159,True,0
774,a,a,N,3770,50,-47,-40,a,0,0,0,0,0,0,0,0,0,0,0,0,0,0,0,0.0,0.0,73.92156862745098,0,1,61.71709649683789,True,0
775,a,a,N,3650,41,-44,-46,a,1,0,1,0,0,0,0,0,4000,4000,0,1,0,0,1,0.0,2000.0,86.9047619047619,0,1,63.655321851358195,True,0
776,a,a,W,8380,47,-78,-85,a,1,0,1,0,0,0,0,0,6000,6000,0,1,0,0,1,0.0,3000.0,174.58333333333334,0,1,115.36463929644994,True,0
777,a,b,W,61110,439,86,62,a,4,4,0,0,0,0,0,0,1600,600,0,1,0,0,4,0.0,320.0,138.88636363636363,1,0,106.01886624558857,False,0
778,a,b,W,39880,342,15,21,a,3,1,2,0,0,0,0,0,2800,1000,0,1,0,0,3,0.0,700.0,116.26822157434403,1,0,25.80697580112788,False,0
779,a,b,W,19170,158,-44,-46,a,2,1,1,0,0,0,0,0,4500,4000,0,1,0,0,2,0.0,1500.0,120.56603773584905,0,1,63.655321851358195,False,0
780,a,a,W,17750,151,-49,-48,a,1,1,0,0,0,0,0,0,400,400,0,1,0,0,1,0.0,200.0,116.77631578947368,0,1,68.59300255857006,True,0
781,a,a,W,41740,331,37,29,a,2,2,0,0,0,0,0,0,1100,700,0,1,0,0,2,0.0,366.6666666666667,125.72289156626506,1,0,47.01063709417264,True,0
782,a,a,W,35800,341,16,38,a,0,0,0,0,0,0,0,0,0,0,0,0,0,0,0,0.0,0.0,104.67836257309942,1,0,41.23105625617661,True,0
783,a,b,W,48820,446,57,75,b,5,4,1,0,0,0,0,0,3900,2000,0,1,0,0,5,0.0,650.0,109.21700223713647,1,0,94.2019108086455,False,0
784,a,b,W,29470,347,-14,22,b,0,0,0,0,0,0,0,0,0,0,0,0,0,0,0,0.0,0.0,84.683908045977,0,0,26.076809620810597,False,0
785,a,b,W,23050,202,-33,-32,b,4,2,2,0,0,0,0,0,5100,3000,0,1,0,0,4,0.0,1020.0,113.54679802955665,0,1,45.967379738244816,False,0
786,a,b,W,37820,347,16,24,a,3,2,1,0,0,0,0,0,4000,3000,0,1,0,0,3,0.0,1000.0,108.67816091954023,1,0,28.844410203711913,False,0
787,a,b,W,33800,316,-5,2,a,2,1,1,0,0,0,0,0,3400,3000,0,1,0,0,2,0.0,1133.3333333333333,106.62460567823344,0,0,5.385164807134504,False,0
788,a,a,W,13830,145,-58,-51,a,3,2,1,0,0,0,0,0,3900,3000,0,1,0,0,3,0.0,975.0,94.72602739726027,0,1,77.23341245859851,True,0
789,a,a,W,46170,404,53,45,a,1,1,0,0,0,0,0,0,700,700,0,1,0,0,1,0.0,350.0,114.0,1,0,69.52697318307479,True,0
790,a,a,W,35510,313,8,3,a,1,1,0,0,0,0,0,0,500,500,0,1,0,0,1,0.0,250.0,113.08917197452229,1,0,8.54400374531753,True,0
791,a,a,W,31040,322,-10,1,a,5,2,3,0,0,0,0,0,9000,4000,0,1,0,0,5,0.0,1500.0,96.09907120743034,0,0,10.04987562112089,True,0
792,a,a,W,47690,518,42,63,a,6,4,2,0,0,0,0,0,7400,3000,0,1,0,0,6,0.0,1057.142857142857,91.88824662813101,1,0,75.71657678474378,True,0
793,a,a,W,28130,347,-19,3,a,3,2,1,0,0,0,0,0,3100,2000,0,1,0,0,3,0.0,775.0,80.83333333333333,0,0,19.235384061671343,True,0
794,a,a,N,4760,94,-23,37,a,0,0,0,0,0,0,0,0,0,0,0,0,0,0,0,0.0,0.0,50.10526315789474,0,0,43.56604182158393,True,0
795,a,a,N,3860,77,-38,12,a,0,0,0,0,0,0,0,0,0,0,0,0,0,0,0,0.0,0.0,49.48717948717949,0,0,39.84971769034255,True,0
796,a,a,N,2210,34,-64,-51,a,2,1,1,0,0,0,0,0,3400,3000,0,1,0,0,2,0.0,1133.3333333333333,63.142857142857146,0,1,81.83520025025906,True,0
797,a,a,W,12610,157,-61,-52,a,1,0,1,0,0,0,0,0,2000,2000,0,1,0,0,1,0.0,1000.0,79.81012658227849,0,1,80.15609770940699,True,0
798,a,a,W,39390,460,27,50,a,6,5,1,0,0,0,0,0,4800,2000,0,1,0,0,6,0.0,685.7142857142857,85.44468546637744,1,0,56.824290580701486,True,0
799,a,a,W,19630,295,-40,-11,a,3,2,1,0,0,0,0,0,8300,7000,0,1,0,0,3,0.0,2075.0,66.31756756756756,0,1,41.48493702538308,True,0
800,a,a,W,26130,260,-15,-21,a,6,3,3,0,0,0,0,0,7700,3000,0,1,0,0,6,0.0,1100.0,100.11494252873563,0,1,25.80697580112788,True,0
801,a,a,W,19420,279,-35,-13,a,4,3,1,0,0,0,0,0,2800,1000,0,1,0,0,4,0.0,560.0,69.35714285714286,0,1,37.33630940518894,True,0
802,a,a,W,18960,178,-38,-47,a,3,2,1,0,0,0,0,0,5800,5000,1,1,0,0,3,0.0,1450.0,105.92178770949721,0,1,60.440052945046304,True,0
803,b,b,W,26290,104,-6,-67,a,5,2,2,1,0,0,0,0,25300,20000,0,1,0,1,4,0.16666666666666666,4216.666666666667,250.38095238095238,0,1,67.26812023536856,False,0
804,b,b,W,18580,121,-31,-59,a,2,2,0,0,0,0,0,0,1200,800,0,1,0,0,2,0.0,400.0,152.29508196721312,0,1,66.64833081180653,False,0
805,b,b,W,9130,68,-64,-75,a,3,2,1,0,0,0,0,0,2000,1000,0,1,0,0,3,0.0,500.0,132.31884057971016,0,1,98.59513172565875,False,0
806,a,b,N,6340,18,10,-70,a,2,1,1,0,0,0,0,0,9300,9000,0,1,0,0,2,0.0,3100.0,333.6842105263158,0,0,70.71067811865476,False,0
807,a,b,N,1200,15,-79,-74,a,0,0,0,0,0,0,0,0,0,0,0,0,0,0,0,0.0,0.0,75.0,0,1,108.2450922675019,False,0
808,a,b,N,1020,10,-81,-82,a,0,0,0,0,0,0,0,0,0,0,0,0,0,0,0,0.0,0.0,92.72727272727273,0,1,115.26057435220423,False,0
809,a,a,N,2360,16,-54,-71,a,0,0,0,0,0,0,0,0,0,0,0,0,0,0,0,0.0,0.0,138.8235294117647,0,1,89.20201791439474,True,0
810,a,a,N,1070,17,-73,-65,a,0,0,0,0,0,0,0,0,0,0,0,0,0,0,0,0.0,0.0,59.44444444444444,0,1,97.74456506629922,True,0
811,a,a,N,500,7,-83,-82,a,0,0,0,0,0,0,0,0,0,0,0,0,0,0,0,0.0,0.0,62.5,0,1,116.67476162392619,True,0
812,a,a,N,340,6,-87,-85,a,0,0,0,0,0,0,0,0,0,0,0,0,0,0,0,0.0,0.0,48.57142857142857,0,1,121.63058825805291,True,0
813,a,a,N,100,4,-96,-90,a,0,0,0,0,0,0,0,0,0,0,0,0,0,0,0,0.0,0.0,20.0,0,1,131.59027319676784,True,0
814,a,a,N,720,2,-62,-95,a,0,0,0,0,0,0,0,0,0,0,0,0,0,0,0,0.0,0.0,240.0,0,1,113.44161493913951,True,0
815,a,a,N,950,4,-40,-90,a,0,0,0,0,0,0,0,0,0,0,0,0,0,0,0,0.0,0.0,190.0,0,1,98.48857801796105,True,0
816,a,a,N,430,3,-71,-92,a,0,0,0,0,0,0,0,0,0,0,0,0,0,0,0,0.0,0.0,107.5,0,1,116.21101496846157,True,0
817,a,a,N,290,3,-67,-92,a,1,0,1,0,0,0,0,0,3000,3000,0,1,0,0,1,0.0,1500.0,72.5,0,1,113.81124724736128,True,0
818,a,a,N,3330,37,-42,-39,a,2,2,0,0,0,0,0,0,1200,900,0,1,0,0,2,0.0,400.0,87.63157894736842,0,1,57.3149195236284,True,0
819,a,a,W,11740,46,-90,-96,a,1,0,1,0,0,0,0,0,4000,4000,0,1,0,0,1,0.0,2000.0,249.7872340425532,0,1,131.59027319676784,True,0
820,a,a,N,850,6,-85,-90,a,0,0,0,0,0,0,0,0,0,0,0,0,0,0,0,0.0,0.0,121.42857142857143,0,1,123.79418403139947,True,0
821,a,a,W,5240,18,-96,-96,a,1,1,0,0,0,0,0,0,600,600,0,1,0,0,1,0.0,300.0,275.7894736842105,0,1,135.7645019878171,True,0
822,a,a,W,17910,86,-85,-79,a,4,0,4,0,0,0,0,0,12000,6000,0,1,0,0,4,0.0,2400.0,205.86206896551724,0,1,116.04309544302927,True,0
823,a,a,W,145440,358,-3,-28,a,0,0,0,0,0,0,0,0,0,0,0,0,0,0,0,0.0,0.0,405.12534818941504,0,1,28.160255680657446,True,0
824,a,b,N,67480,141,-10,-44,a,3,2,1,0,0,0,0,0,2800,2000,0,1,0,0,3,0.0,700.0,475.2112676056338,0,1,45.12205669071391,False,0
825,a,b,W,239660,501,60,3,a,1,0,1,0,0,0,0,0,8000,8000,0,1,0,0,1,0.0,4000.0,477.41035856573706,1,0,60.07495318350236,False,0
826,a,b,W,229690,485,45,0,a,4,3,1,0,0,0,0,0,2500,1000,0,1,0,0,4,0.0,500.0,472.61316872427983,0,0,45.0,False,0
827,a,b,N,49410,74,-33,-69,a,2,0,2,0,0,0,0,0,6000,3000,0,1,0,0,2,0.0,2000.0,658.8,0,1,76.48529270389177,False,0
828,a,b,W,197620,406,19,-16,a,0,0,0,0,0,0,0,0,0,0,0,0,0,0,0,0.0,0.0,485.55282555282554,0,0,24.839484696748443,False,0
829,a,b,N,68200,137,-5,-38,a,0,0,0,0,0,0,0,0,0,0,0,0,0,0,0,0.0,0.0,494.2028985507246,0,1,38.3275357934736,False,0
830,a,b,N,53380,108,-13,-8,a,3,2,1,0,0,0,0,0,1700,1000,0,1,0,0,3,0.0,425.0,489.72477064220186,0,1,15.264337522473747,False,0
831,a,b,W,179710,274,5,-42,a,4,3,1,0,0,0,0,0,3000,2000,0,1,0,0,4,0.0,600.0,653.4909090909091,0,0,42.2965719651132,False,0
832,a,b,N,29650,93,-51,-20,a,0,0,0,0,0,0,0,0,0,0,0,0,0,0,0,0.0,0.0,315.4255319148936,0,1,54.78138369920935,False,0
833,a,b,W,111510,169,-36,-63,a,2,0,2,0,0,0,0,0,5000,3000,0,1,0,0,2,0.0,1666.6666666666667,655.9411764705883,0,1,72.56031973468694,False,0
834,a,b,N,18400,46,-68,-60,a,0,0,0,0,0,0,0,0,0,0,0,0,0,0,0,0.0,0.0,391.48936170212767,0,1,90.68627239003708,False,0
835,a,b,N,6980,30,-87,-72,a,0,0,0,0,0,0,0,0,0,0,0,0,0,0,0,0.0,0.0,225.16129032258064,0,1,112.92918134831227,False,0
836,a,b,N,13120,19,-73,-81,a,0,0,0,0,0,0,0,0,0,0,0,0,0,0,0,0.0,0.0,656.0,0,1,109.04127658827184,False,0
837,a,a,N,9050,17,-79,-81,a,0,0,0,0,0,0,0,0,0,0,0,0,0,0,0,0.0,0.0,502.77777777777777,0,1,113.14592347937243,True,0
838,a,a,N,15400,24,-59,-69,a,1,0,1,0,0,0,0,0,1000,1000,0,1,0,0,1,0.0,500.0,616.0,0,1,90.78546139112804,True,0
839,a,a,N,38800,38,17,-45,a,2,1,1,0,0,0,0,0,1700,1000,0,1,0,0,2,0.0,566.6666666666666,994.8717948717949,0,0,48.104053883222775,True,0
840,a,a,W,104210,185,-39,-56,a,2,2,0,0,0,0,0,0,500,300,0,1,0,0,2,0.0,166.66666666666666,560.2688172043011,0,1,68.24221567329127,True,0
841,a,a,W,73930,94,-55,-76,a,1,0,1,0,0,0,0,0,1000,1000,0,1,0,0,1,0.0,500.0,778.2105263157895,0,1,93.81364506296512,True,0
842,a,a,N,42300,55,37,-10,a,1,0,1,0,0,0,0,0,4000,4000,0,1,0,0,1,0.0,2000.0,755.3571428571429,0,0,38.3275357934736,True,0
843,a,a,W,178220,371,13,7,a,2,2,0,0,0,0,0,0,800,400,0,1,0,0,2,0.0,266.6666666666667,479.0860215053763,1,0,14.7648230602334,True,0
844,a,b,W,121520,247,-25,-26,a,1,1,0,0,0,0,0,0,400,400,0,1,0,0,1,0.0,200.0,490.0,0,1,36.069377593742864,False,0
845,a,b,N,22270,53,-23,-3,a,1,0,1,0,0,0,0,0,4000,4000,0,1,0,0,1,0.0,2000.0,412.4074074074074,0,1,23.194827009486403,False,0
846,a,b,W,254510,417,61,35,a,2,2,0,0,0,0,0,0,500,300,0,1,0,0,2,0.0,166.66666666666666,608.8755980861245,1,0,70.32780389006896,False,0
847,a,b,W,180530,324,7,3,a,0,0,0,0,0,0,0,0,0,0,0,0,0,0,0,0.0,0.0,555.4769230769231,1,0,7.615773105863909,False,0
848,a,b,N,24750,62,-1,28,a,1,0,1,0,0,0,0,0,2000,2000,0,1,0,0,1,0.0,1000.0,392.85714285714283,0,0,28.0178514522438,False,0
849,a,b,W,362360,575,122,93,b,4,2,2,0,0,0,0,0,10400,7000,0,1,0,0,4,0.0,2080.0,629.0972222222222,1,0,153.40469353966978,False,0
850,a,b,W,140610,254,-20,-17,b,1,1,0,0,0,0,0,0,800,800,0,1,0,0,1,0.0,400.0,551.4117647058823,0,1,26.248809496813376,False,0
851,a,b,N,26720,53,21,21,b,1,0,1,0,0,0,0,0,1000,1000,0,1,0,0,1,0.0,500.0,494.81481481481484,1,0,29.698484809834994,False,0
852,a,b,W,211440,403,24,38,a,4,2,2,0,0,0,0,0,7300,4000,0,1,0,0,4,0.0,1460.0,523.3663366336634,1,0,44.94441010848846,False,0
853,a,b,W,189170,371,9,22,a,1,0,1,0,0,0,0,0,1000,1000,0,1,0,0,1,0.0,500.0,508.52150537634407,1,0,23.769728648009426,False,0
854,a,b,W,232470,361,28,11,a,3,2,1,0,0,0,0,0,4000,3000,0,1,0,0,3,0.0,1000.0,642.182320441989,1,0,30.083217912982647,False,0
855,a,b,W,240350,458,24,34,a,4,3,1,0,0,0,0,0,3000,2000,0,1,0,0,4,0.0,600.0,523.6383442265795,1,0,41.617304093369626,False,0
856,a,b,N,40820,78,87,95,a,0,0,0,0,0,0,0,0,0,0,0,0,0,0,0,0.0,0.0,516.7088607594936,1,0,128.81770064707723,False,0
857,a,b,N,19790,43,-18,0,a,0,0,0,0,0,0,0,0,0,0,0,0,0,0,0,0.0,0.0,449.77272727272725,0,0,18.0,False,0
858,a,b,N,11230,26,-56,-41,a,0,0,0,0,0,0,0,0,0,0,0,0,0,0,0,0.0,0.0,415.9259259259259,0,1,69.40461079784254,False,0
859,a,b,N,19120,36,-24,-20,a,0,0,0,0,0,0,0,0,0,0,0,0,0,0,0,0.0,0.0,516.7567567567568,0,1,31.240998703626616,False,0
860,a,b,N,12120,24,-54,-49,a,1,1,0,0,0,0,0,0,300,300,0,1,0,0,1,0.0,150.0,484.8,0,1,72.91776189653656,False,0
861,a,b,W,147570,259,-30,-31,a,3,2,1,0,0,0,0,0,2000,1000,0,1,0,0,3,0.0,500.0,567.5769230769231,0,1,43.139309220245984,False,0
862,a,a,W,140890,230,-32,-37,a,2,2,0,0,0,0,0,0,600,400,0,1,0,0,2,0.0,200.0,609.91341991342,0,1,48.91829923454004,True,0
863,a,a,N,16210,44,-37,-6,a,1,0,1,0,0,0,0,0,9000,9000,0,1,0,0,1,0.0,4500.0,360.22222222222223,0,1,37.48332962798263,True,0
864,a,a,W,122030,211,-42,-42,a,1,1,0,0,0,0,0,0,500,500,0,1,0,0,1,0.0,250.0,575.6132075471698,0,1,59.39696961966999,True,0
865,a,a,W,154470,263,-21,-24,a,3,1,2,0,0,0,0,0,8400,6000,0,1,0,0,3,0.0,2100.0,585.1136363636364,0,1,31.89043743820395,True,0
866,a,a,W,54980,115,-72,-66,a,1,1,0,0,0,0,0,0,600,600,0,1,0,0,1,0.0,300.0,473.9655172413793,0,1,97.67292357659824,True,0
867,a,a,W,103460,208,-37,-29,a,0,0,0,0,0,0,0,0,0,0,0,0,0,0,0,0.0,0.0,495.02392344497605,0,1,47.01063709417264,True,0
868,a,a,W,85240,140,-47,-51,a,1,1,0,0,0,0,0,0,200,200,0,1,0,0,1,0.0,100.0,604.5390070921986,0,1,69.35416353759881,True,0
869,a,a,N,39890,66,69,39,a,1,1,0,0,0,0,0,0,400,400,0,1,0,0,1,0.0,200.0,595.3731343283582,1,0,79.25906888173743,True,0
870,a,a,W,120690,150,-18,-43,a,0,0,0,0,0,0,0,0,0,0,0,0,0,0,0,0.0,0.0,799.2715231788079,0,1,46.61544808322666,True,0
871,a,a,W,70740,154,-50,-36,a,0,0,0,0,0,0,0,0,0,0,0,0,0,0,0,0.0,0.0,456.38709677419354,0,1,61.61168720299745,True,0
872,a,a,W,82480,172,-34,-21,a,1,0,1,0,0,0,0,0,1000,1000,0,1,0,0,1,0.0,500.0,476.7630057803468,0,1,39.96248240537617,True,0
873,a,a,W,161390,314,49,65,a,0,0,0,0,0,0,0,0,0,0,0,0,0,0,0,0.0,0.0,512.3492063492064,1,0,81.40024569987489,True,0
874,a,a,W,101050,213,-8,9,a,0,0,0,0,0,0,0,0,0,0,0,0,0,0,0,0.0,0.0,472.196261682243,0,0,12.041594578792296,True,0
875,a,a,W,60100,94,-43,-52,a,2,2,0,0,0,0,0,0,1000,800,0,1,0,0,2,0.0,333.3333333333333,632.6315789473684,0,1,67.47592163134935,True,0
876,a,a,W,82460,154,-17,-16,a,0,0,0,0,0,0,0,0,0,0,0,0,0,0,0,0.0,0.0,532.0,0,1,23.345235059857504,True,0
877,a,a,W,65320,128,-29,-25,a,1,1,0,0,0,0,0,0,800,800,0,1,0,0,1,0.0,400.0,506.3565891472868,0,1,38.28837943815329,True,0
878,a,a,N,18870,47,-19,-3,a,2,1,1,0,0,0,0,0,4800,4000,0,1,0,0,2,0.0,1600.0,393.125,0,1,19.235384061671343,True,0
879,a,a,N,21900,60,-5,25,a,0,0,0,0,0,0,0,0,0,0,0,0,0,0,0,0.0,0.0,359.0163934426229,0,0,25.495097567963924,True,0
880,a,a,N,20700,37,-9,-22,a,0,0,0,0,0,0,0,0,0,0,0,0,0,0,0,0.0,0.0,544.7368421052631,0,1,23.769728648009426,True,0
881,a,a,W,51950,144,-44,-17,a,2,0,2,0,0,0,0,0,3000,2000,0,1,0,0,2,0.0,1000.0,358.2758620689655,0,1,47.16990566028302,True,0
882,a,a,W,129190,278,47,67,a,4,1,3,0,0,0,0,0,13500,8000,0,1,0,0,4,0.0,2700.0,463.04659498207883,1,0,81.8413098624405,True,0
883,a,a,W,125340,292,35,62,a,0,0,0,0,0,0,0,0,0,0,0,0,0,0,0,0.0,0.0,427.7815699658703,1,0,71.19691004531025,True,0
884,a,a,W,48630,126,-48,-35,a,0,0,0,0,0,0,0,0,0,0,0,0,0,0,0,0.0,0.0,382.9133858267717,0,1,59.405386961116584,True,0
885,a,a,N,39660,86,80,87,a,0,0,0,0,0,0,0,0,0,0,0,0,0,0,0,0.0,0.0,455.86206896551727,1,0,118.1905241548577,True,0
886,a,a,W,101040,213,11,11,a,2,1,1,0,0,0,0,0,1700,1000,0,1,0,0,2,0.0,566.6666666666666,472.14953271028037,1,0,15.556349186104045,True,0
887,a,a,W,20090,74,-78,-62,a,0,0,0,0,0,0,0,0,0,0,0,0,0,0,0,0.0,0.0,267.8666666666667,0,1,99.6393496566492,True,0
888,a,a,W,105160,284,34,66,a,1,0,1,0,0,0,0,0,6000,6000,0,1,0,0,1,0.0,3000.0,368.9824561403509,1,0,74.24284477308234,True,0
889,a,a,W,35200,93,-55,-48,a,1,0,1,0,0,0,0,0,5000,5000,0,1,0,0,1,0.0,2500.0,374.468085106383,0,1,73.0,True,0
890,a,a,N,22300,55,2,17,a,0,0,0,0,0,0,0,0,0,0,0,0,0,0,0,0.0,0.0,398.2142857142857,1,0,17.11724276862369,True,0
891,a,a,N,30650,80,38,66,a,1,1,0,0,0,0,0,0,500,500,0,1,0,0,1,0.0,250.0,378.39506172839504,1,0,76.15773105863909,True,0
892,a,b,N,20840,52,-14,-3,a,0,0,0,0,0,0,0,0,0,0,0,0,0,0,0,0.0,0.0,393.20754716981133,0,1,14.317821063276353,False,0
893,a,b,N,29560,112,22,103,b,0,0,0,0,0,0,0,0,0,0,0,0,0,0,0,0.0,0.0,261.5929203539823,1,0,105.32331175955302,False,0
894,a,b,N,28210,83,8,30,a,1,0,1,0,0,0,0,0,3000,3000,0,1,0,0,1,0.0,1500.0,335.8333333333333,1,0,31.04834939252005,False,0
895,a,b,N,14350,36,-47,-47,a,0,0,0,0,0,0,0,0,0,0,0,0,0,0,0,0.0,0.0,387.8378378378378,0,1,66.46803743153546,False,0
896,a,b,N,32830,85,33,31,a,0,0,0,0,0,0,0,0,0,0,0,0,0,0,0,0.0,0.0,381.74418604651163,1,0,45.27692569068709,False,0
897,a,b,W,66640,155,-13,-13,a,1,1,0,0,0,0,0,0,400,400,0,1,0,0,1,0.0,200.0,427.1794871794872,0,1,18.384776310850235,False,0
898,a,b,N,48440,76,86,11,a,0,0,0,0,0,0,0,0,0,0,0,0,0,0,0,0.0,0.0,629.0909090909091,1,0,86.70063436907483,False,0
899,a,b,N,26470,37,-8,-47,a,2,2,0,0,0,0,0,0,900,600,0,1,0,0,2,0.0,300.0,696.578947368421,0,1,47.67598976424087,False,0
900,a,b,N,3430,18,-88,-74,a,0,0,0,0,0,0,0,0,0,0,0,0,0,0,0,0.0,0.0,180.52631578947367,0,1,114.97825881443848,False,0
901,a,b,N,12270,24,-52,-62,a,0,0,0,0,0,0,0,0,0,0,0,0,0,0,0,0.0,0.0,490.8,0,1,80.91971329657564,False,0
902,a,b,N,34050,68,38,13,a,0,0,0,0,0,0,0,0,0,0,0,0,0,0,0,0.0,0.0,493.4782608695652,1,0,40.162171256046406,False,0
903,a,a,N,28020,51,12,-14,a,0,0,0,0,0,0,0,0,0,0,0,0,0,0,0,0.0,0.0,538.8461538461538,0,0,18.439088914585774,True,0
904,a,b,N,44790,57,74,-3,a,0,0,0,0,0,0,0,0,0,0,0,0,0,0,0,0.0,0.0,772.2413793103449,0,0,74.06078584514209,False,0
905,a,b,W,68130,162,-9,-9,a,2,2,0,0,0,0,0,0,1000,600,0,1,0,0,2,0.0,333.3333333333333,417.97546012269936,0,1,12.727922061357855,False,0
906,a,b,W,107250,168,43,-8,a,0,0,0,0,0,0,0,0,0,0,0,0,0,0,0,0.0,0.0,634.6153846153846,0,0,43.73785545725808,False,0
907,a,b,N,72460,150,166,180,b,1,0,1,0,0,0,0,0,1000,1000,0,1,0,0,1,0.0,500.0,479.8675496688742,1,0,244.85914318236107,False,0
908,a,b,N,58410,113,84,88,a,0,0,0,0,0,0,0,0,0,0,0,0,0,0,0,0.0,0.0,512.3684210526316,1,0,121.6552506059644,False,0
909,a,b,N,52000,134,44,97,a,0,0,0,0,0,0,0,0,0,0,1,0,0,0,0,0.0,0.0,385.18518518518516,1,0,106.51291001564083,False,0
910,b,b,N,48590,134,28,84,b,1,0,0,1,0,0,0,0,20000,20000,0,1,0,1,0,0.5,10000.0,359.9259259259259,1,0,88.54377448471462,True,0
911,b,b,N,19370,63,-49,-20,b,0,0,0,0,0,0,0,0,0,0,0,0,0,0,0,0.0,0.0,302.65625,0,1,52.92447448959697,True,0
912,b,b,N,14770,48,-60,-41,b,0,0,0,0,0,0,0,0,0,0,0,0,0,0,0,0.0,0.0,301.42857142857144,0,1,72.67048919609665,True,0
913,a,b,N,15050,52,-61,-38,a,0,0,0,0,0,0,0,0,0,0,0,0,0,0,0,0.0,0.0,283.9622641509434,0,1,71.8679344353238,False,0
914,a,b,N,18800,67,-51,-23,a,0,0,0,0,0,0,0,0,0,0,0,0,0,0,0,0.0,0.0,276.47058823529414,0,1,55.94640292279746,False,0
915,a,a,N,29500,92,-21,6,a,1,1,0,0,0,0,0,0,300,300,0,1,0,0,1,0.0,150.0,317.2043010752688,0,0,21.840329667841555,True,0
916,a,a,N,12950,41,-65,-55,a,0,0,0,0,0,0,0,0,0,0,0,0,0,0,0,0.0,0.0,308.3333333333333,0,1,85.14693182963201,True,0
917,a,a,N,20730,48,-39,-46,a,1,1,0,0,0,0,0,0,400,400,0,1,0,0,1,0.0,200.0,423.0612244897959,0,1,60.30754513325841,True,0
918,a,a,N,41340,89,42,12,a,0,0,0,0,0,0,0,0,0,0,0,0,0,0,0,0.0,0.0,459.3333333333333,1,0,43.68065933568311,True,0
919,a,a,N,18410,30,-33,-61,a,0,0,0,0,0,0,0,0,0,0,0,0,0,0,0,0.0,0.0,593.8709677419355,0,1,69.35416353759881,True,0
920,a,a,N,9490,26,-60,-61,a,0,0,0,0,0,0,0,0,0,0,0,0,0,0,0,0.0,0.0,351.48148148148147,0,1,85.56284240252891,True,0
921,a,a,N,6370,34,-68,-39,a,0,0,0,0,0,0,0,0,0,0,0,0,0,0,0,0.0,0.0,182.0,0,1,78.39005038906404,True,0
922,a,a,N,9430,44,-50,-17,a,0,0,0,0,0,0,0,0,0,0,0,0,0,0,0,0.0,0.0,209.55555555555554,0,1,52.81098370604357,True,0
923,a,a,N,30130,82,65,57,a,3,3,0,0,0,0,0,0,500,200,0,1,0,0,3,0.0,125.0,363.0120481927711,1,0,86.45229898620394,True,0
924,a,a,N,12880,62,-35,12,a,0,0,0,0,0,0,0,0,0,0,0,0,0,0,0,0.0,0.0,204.44444444444446,0,0,37.0,True,0
925,a,a,N,16480,44,-14,-20,a,0,0,0,0,0,0,0,0,0,0,0,0,0,0,0,0.0,0.0,366.22222222222223,0,1,24.413111231467404,True,0
926,a,b,N,19040,50,7,0,a,0,0,0,0,0,0,0,0,0,0,0,0,0,0,0,0.0,0.0,373.3333333333333,0,0,7.0,False,0
927,a,b,N,15570,41,-16,-19,a,0,0,0,0,0,0,0,0,0,0,0,0,0,0,0,0.0,0.0,370.7142857142857,0,1,24.839484696748443,False,0
928,a,b,N,20250,45,13,-10,a,0,0,0,0,0,0,0,0,0,0,0,0,0,0,0,0.0,0.0,440.2173913043478,0,0,16.401219466856727,False,0
929,a,b,N,19030,46,20,0,a,1,0,1,0,0,0,0,0,9000,9000,0,1,0,0,1,0.0,4500.0,404.8936170212766,0,0,20.0,False,0
930,a,b,N,21730,56,37,18,a,0,0,0,0,0,0,0,0,0,0,0,0,0,0,0,0.0,0.0,381.2280701754386,1,0,41.14608122288197,False,0
931,a,b,N,24550,62,44,23,a,0,0,0,0,0,0,0,0,0,0,0,0,0,0,0,0.0,0.0,389.6825396825397,1,0,49.64876634922564,False,0
932,a,b,N,15300,29,-19,-45,a,0,0,0,0,0,0,0,0,0,0,0,0,0,0,0,0.0,0.0,510.0,0,1,48.84669896727925,False,0
933,a,b,N,32240,61,65,18,a,0,0,0,0,0,0,0,0,0,0,0,0,0,0,0,0.0,0.0,520.0,1,0,67.446274915669,False,0
934,a,b,N,27490,55,39,11,a,0,0,0,0,0,0,0,0,0,0,0,0,0,0,0,0.0,0.0,490.89285714285717,1,0,40.52159917870962,False,0
935,a,b,N,48650,73,-51,-51,a,0,0,0,0,0,0,0,0,0,0,0,0,0,0,0,0.0,0.0,657.4324324324324,0,1,72.12489168102785,False,0
936,a,b,N,147400,189,55,33,a,1,1,0,0,0,0,0,0,700,700,0,1,0,0,1,0.0,350.0,775.7894736842105,1,0,64.1404708432983,False,0
937,a,b,N,175660,251,76,72,a,0,0,0,0,0,0,0,0,0,0,0,0,0,0,0,0.0,0.0,697.063492063492,1,0,104.6900186264192,False,0
938,a,b,N,44730,79,-58,-49,a,0,0,0,0,0,0,0,0,0,0,0,0,0,0,0,0.0,0.0,559.125,0,1,75.92759709091287,False,0
939,a,a,N,25510,60,-75,-60,a,0,0,0,0,0,0,0,0,0,0,0,0,0,0,0,0.0,0.0,418.1967213114754,0,1,96.04686356149273,True,0
940,a,a,N,13960,36,-85,-74,a,0,0,0,0,0,0,0,0,0,0,0,0,0,0,0,0.0,0.0,377.2972972972973,0,1,112.69871339105873,True,0
941,a,a,N,4760,35,-94,-73,a,0,0,0,0,0,0,0,0,0,0,0,0,0,0,0,0.0,0.0,132.22222222222223,0,1,119.01680553602503,True,0
942,a,a,N,4790,21,-94,-82,a,0,0,0,0,0,0,0,0,0,0,0,0,0,0,0,0.0,0.0,217.72727272727272,0,1,124.73972903610141,True,0
943,a,a,N,9550,24,-86,-77,a,0,0,0,0,0,0,0,0,0,0,0,0,0,0,0,0.0,0.0,382.0,0,1,115.43396380615195,True,0
944,a,a,N,10100,23,-82,-75,a,0,0,0,0,0,0,0,0,0,0,0,0,0,0,0,0.0,0.0,420.8333333333333,0,1,111.12605455067681,True,0
945,a,a,N,11620,23,-76,-71,a,0,0,0,0,0,0,0,0,0,0,0,0,0,0,0,0.0,0.0,484.1666666666667,0,1,104.00480758118829,True,0
946,a,a,N,6910,25,-85,-66,a,0,0,0,0,0,0,0,0,0,0,0,0,0,0,0,0.0,0.0,265.7692307692308,0,1,107.61505470890214,True,0
947,a,a,N,8960,28,-71,-51,a,0,0,0,0,0,0,0,0,0,0,0,0,0,0,0,0.0,0.0,308.9655172413793,0,1,87.41853350405736,True,0
948,a,a,N,12760,26,-9,-35,a,0,0,0,0,0,0,0,0,0,0,0,0,0,0,0,0.0,0.0,472.5925925925926,0,1,36.138621999185304,True,0
949,a,a,N,12620,37,16,-8,a,0,0,0,0,0,0,0,0,0,0,0,0,0,0,0,0.0,0.0,332.10526315789474,0,0,17.88854381999832,True,0
950,a,a,N,7400,24,-23,-40,a,0,0,0,0,0,0,0,0,0,0,0,0,0,0,0,0.0,0.0,296.0,0,1,46.14108798023731,True,0
951,a,a,N,9070,28,1,-30,a,0,0,0,0,0,0,0,0,0,0,0,0,0,0,0,0.0,0.0,312.7586206896552,0,0,30.01666203960727,True,0
952,a,a,N,18250,67,95,68,a,0,0,0,0,0,0,0,0,0,0,0,0,0,0,0,0.0,0.0,268.38235294117646,1,0,116.8289347721702,True,0
953,a,a,N,11190,27,4,-32,a,0,0,0,0,0,0,0,0,0,0,0,0,0,0,0,0.0,0.0,399.64285714285717,0,0,32.2490309931942,True,0
954,a,b,N,10760,28,-1,-30,a,0,0,0,0,0,0,0,0,0,0,0,0,0,0,0,0.0,0.0,371.0344827586207,0,1,30.01666203960727,False,0
955,a,b,N,11230,27,2,-32,a,0,0,0,0,0,0,0,0,0,0,0,0,0,0,0,0.0,0.0,401.07142857142856,0,0,32.0624390837628,False,0
956,a,b,N,12430,32,14,-20,a,0,0,0,0,0,0,0,0,0,0,0,0,0,0,0,0.0,0.0,376.6666666666667,0,0,24.413111231467404,False,0
957,a,b,N,13080,42,14,5,a,0,0,0,0,0,0,0,0,0,0,0,0,0,0,0,0.0,0.0,304.1860465116279,1,0,14.866068747318506,False,0
958,a,b,N,14670,44,23,10,a,0,0,0,0,0,0,0,0,0,0,0,0,0,0,0,0.0,0.0,326.0,1,0,25.079872407968907,False,0
959,a,b,N,8110,29,-33,-28,a,0,0,0,0,0,0,0,0,0,0,0,0,0,0,0,0.0,0.0,270.3333333333333,0,1,43.278170016764804,False,0
960,a,b,N,9350,44,-20,10,a,0,0,0,0,0,0,0,0,0,0,0,0,0,0,0,0.0,0.0,207.77777777777777,0,0,22.360679774997898,False,0
961,a,b,N,11500,30,-3,-25,a,0,0,0,0,0,0,0,0,0,0,0,0,0,0,0,0.0,0.0,370.96774193548384,0,1,25.179356624028344,False,0
962,a,b,N,7990,20,-34,-50,a,0,0,0,0,0,0,0,0,0,0,0,0,0,0,0,0.0,0.0,380.4761904761905,0,1,60.4648658313239,False,0
963,a,a,N,7590,20,-31,-50,a,0,0,0,0,0,0,0,0,0,0,0,0,0,0,0,0.0,0.0,361.42857142857144,0,1,58.83026432033091,True,0
964,a,a,N,6760,24,-37,-40,a,0,0,0,0,0,0,0,0,0,0,0,0,0,0,0,0.0,0.0,270.4,0,1,54.48853090330111,True,0
965,a,a,N,6460,27,-37,-32,a,0,0,0,0,0,0,0,0,0,0,0,0,0,0,0,0.0,0.0,230.71428571428572,0,1,48.91829923454004,True,0
966,a,a,N,19260,53,97,32,a,0,0,0,0,0,0,0,0,0,0,0,0,0,0,0,0.0,0.0,356.6666666666667,1,0,102.1420579389313,True,0
967,a,a,N,14810,45,41,12,a,0,0,0,0,0,0,0,0,0,0,0,0,0,0,0,0.0,0.0,321.95652173913044,1,0,42.720018726587654,True,0
968,a,b,N,20020,49,88,22,b,0,0,0,0,0,0,0,0,0,0,0,0,0,0,0,0.0,0.0,400.4,1,0,90.70832376358854,False,0
969,a,b,N,11400,50,14,0,b,0,0,0,0,0,0,0,0,0,0,0,0,0,0,0,0.0,0.0,223.52941176470588,0,0,14.0,False,0
970,a,b,N,11500,35,13,-30,b,0,0,0,0,0,0,0,0,0,0,0,0,0,0,0,0.0,0.0,319.44444444444446,0,0,32.69556544854363,False,0
971,a,b,N,5250,66,-49,36,a,0,0,0,0,0,0,0,0,0,0,0,0,0,0,0,0.0,0.0,78.35820895522389,0,0,60.802960454241045,False,0
972,a,b,N,19420,60,98,20,a,0,0,0,0,0,0,0,0,0,0,0,0,0,0,0,0.0,0.0,318.3606557377049,1,0,100.0199980003999,False,0
973,a,b,N,5250,66,-49,36,a,0,0,0,0,0,0,0,0,0,0,0,0,0,0,0,0.0,0.0,78.35820895522389,0,0,60.802960454241045,False,0
974,a,b,N,19420,60,98,20,a,0,0,0,0,0,0,0,0,0,0,0,0,0,0,0,0.0,0.0,318.3606557377049,1,0,100.0199980003999,False,0
975,a,b,N,20060,57,87,12,a,0,0,0,0,0,0,0,0,0,0,0,0,0,0,0,0.0,0.0,345.86206896551727,1,0,87.82368700982668,False,0
976,a,b,N,7970,44,-32,-15,a,0,0,0,0,0,0,0,0,0,0,0,0,0,0,0,0.0,0.0,177.11111111111111,0,1,35.34119409414458,False,0
977,a,a,N,10330,35,-11,-32,a,0,0,0,0,0,0,0,0,0,0,0,0,0,0,0,0.0,0.0,286.94444444444446,0,1,33.83784863137726,True,0
978,a,a,N,18600,29,60,-42,a,0,0,0,0,0,0,0,0,0,0,0,0,0,0,0,0.0,0.0,620.0,0,0,73.23933369440222,True,0
979,a,a,N,4120,23,-67,-52,a,0,0,0,0,0,0,0,0,0,0,0,0,0,0,0,0.0,0.0,171.66666666666666,0,1,84.81155581640984,True,0
980,a,a,N,6790,17,-43,-62,a,0,0,0,0,0,0,0,0,0,0,0,0,0,0,0,0.0,0.0,377.22222222222223,0,1,75.45197147855052,True,0
981,a,a,N,4910,25,-58,-40,a,0,0,0,0,0,0,0,0,0,0,0,0,0,0,0,0.0,0.0,188.84615384615384,0,1,70.45565981523414,True,0
982,a,a,N,16410,32,51,-20,a,0,0,0,0,0,0,0,0,0,0,0,0,0,0,0,0.0,0.0,497.27272727272725,0,0,54.78138369920935,True,0
983,a,a,N,8280,30,-27,-25,a,0,0,0,0,0,0,0,0,0,0,0,0,0,0,0,0.0,0.0,267.0967741935484,0,1,36.796738985948195,True,0
984,a,a,N,3610,16,-69,-60,a,0,0,0,0,0,0,0,0,0,0,0,0,0,0,0,0.0,0.0,212.35294117647058,0,1,91.43850392476902,True,0
985,a,a,N,3410,16,-66,-60,a,0,0,0,0,0,0,0,0,0,0,0,0,0,0,0,0.0,0.0,200.58823529411765,0,1,89.19641248391103,True,0
986,a,a,N,7400,25,-12,-38,a,0,0,0,0,0,0,0,0,0,0,0,0,0,0,0,0.0,0.0,284.61538461538464,0,1,39.84971769034255,True,0
987,a,a,N,6650,27,-21,-32,a,0,0,0,0,0,0,0,0,0,0,0,0,0,0,0,0.0,0.0,237.5,0,1,38.27531841800928,True,0
988,a,a,N,5930,31,-26,-22,a,0,0,0,0,0,0,0,0,0,0,0,0,0,0,0,0.0,0.0,185.3125,0,1,34.058772731852805,True,0
989,a,a,N,7530,32,12,-20,a,0,0,0,0,0,0,0,0,0,0,0,0,0,0,0,0.0,0.0,228.1818181818182,0,0,23.323807579381203,True,0
990,a,a,N,5170,19,-27,-52,a,0,0,0,0,0,0,0,0,0,0,0,0,0,0,0,0.0,0.0,258.5,0,1,58.59180830116101,True,0
991,a,a,N,3760,22,-46,-45,a,0,0,0,0,0,0,0,0,0,0,0,0,0,0,0,0.0,0.0,163.47826086956522,0,1,64.35060217278468,True,0
992,a,a,N,1160,20,-83,-50,a,0,0,0,0,0,0,0,0,0,0,0,0,0,0,0,0.0,0.0,55.23809523809524,0,1,96.89685237405806,True,0
993,a,a,N,5400,39,2,-2,a,0,0,0,0,0,0,0,0,0,0,0,0,0,0,0,0.0,0.0,135.0,0,0,2.8284271247461903,True,0
994,a,a,N,1270,9,-75,-78,a,0,0,0,0,0,0,0,0,0,0,0,0,0,0,0,0.0,0.0,127.0,0,1,108.2081327812286,True,0
995,a,a,N,2870,22,-40,-45,a,0,0,0,0,0,0,0,0,0,0,0,0,0,0,0,0.0,0.0,124.78260869565217,0,1,60.207972893961475,True,0
996,a,a,N,1600,11,-66,-72,a,0,0,0,0,0,0,0,0,0,0,0,0,0,0,0,0.0,0.0,133.33333333333334,0,1,97.67292357659824,True,0
997,a,a,N,2720,23,-34,-42,a,0,0,0,0,0,0,0,0,0,0,0,0,0,0,0,0.0,0.0,113.33333333333333,0,1,54.037024344425184,True,0
998,a,a,N,4310,29,15,-28,a,0,0,0,0,0,0,0,0,0,0,0,0,0,0,0,0.0,0.0,143.66666666666666,0,0,31.76476034853718,True,0
999,a,a,N,4240,25,19,-38,a,0,0,0,0,0,0,0,0,0,0,0,0,0,0,0,0.0,0.0,163.07692307692307,0,0,42.485291572496,True,0
1000,a,a,N,3420,14,5,-65,a,0,0,0,0,0,0,0,0,0,0,0,0,0,0,0,0.0,0.0,228.0,0,0,65.19202405202648,True,0
1001,a,a,N,2910,24,-5,-40,a,0,0,0,0,0,0,0,0,0,0,0,0,0,0,0,0.0,0.0,116.4,0,1,40.311288741492746,True,0
1002,a,a,N,1560,15,-48,-62,a,0,0,0,0,0,0,0,0,0,0,0,0,0,0,0,0.0,0.0,97.5,0,1,78.40918313565064,True,0
1003,a,a,N,3460,47,14,18,a,0,0,0,0,0,0,0,0,0,0,0,0,0,0,0,0.0,0.0,72.08333333333333,1,0,22.80350850198276,True,0
1004,a,a,N,5020,32,77,-20,a,0,0,0,0,0,0,0,0,0,0,0,0,0,0,0,0.0,0.0,152.12121212121212,0,0,79.55501241279521,True,0
1005,a,a,N,2430,19,-24,-52,a,0,0,0,0,0,0,0,0,0,0,0,0,0,0,0,0.0,0.0,121.5,0,1,57.271284253105414,True,0
1006,a,a,N,2260,17,-29,-58,a,0,0,0,0,0,0,0,0,0,0,0,0,0,0,0,0.0,0.0,125.55555555555556,0,1,64.8459713474939,True,0
1007,a,a,N,1480,7,-54,-82,a,0,0,0,0,0,0,0,0,0,0,0,0,0,0,0,0.0,0.0,185.0,0,1,98.18350166906862,True,0
1008,a,a,N,920,9,-71,-78,a,0,0,0,0,0,0,0,0,0,0,0,0,0,0,0,0.0,0.0,92.0,0,1,105.47511554864494,True,0
1009,a,a,N,1180,14,-57,-65,a,0,0,0,0,0,0,0,0,0,0,0,0,0,0,0,0.0,0.0,78.66666666666667,0,1,86.45229898620394,True,0
1010,a,a,N,2290,6,-7,-85,a,0,0,0,0,0,0,0,0,0,0,0,0,0,0,0,0.0,0.0,327.14285714285717,0,1,85.28774824088158,True,0
1011,a,a,N,4080,19,73,-52,a,0,0,0,0,0,0,0,0,0,0,0,0,0,0,0,0.0,0.0,204.0,0,0,89.62700485902673,True,0
1012,a,a,N,3380,14,37,-65,a,0,0,0,0,0,0,0,0,0,0,0,0,0,0,0,0.0,0.0,225.33333333333334,0,0,74.79304780526061,True,0
1013,a,a,N,920,9,-65,-78,a,0,0,0,0,0,0,0,0,0,0,0,0,0,0,0,0.0,0.0,92.0,0,1,101.53324578678651,True,0
1014,a,a,N,3840,13,60,-68,a,0,0,0,0,0,0,0,0,0,0,0,0,0,0,0,0.0,0.0,274.2857142857143,0,0,90.68627239003708,True,0
1015,a,a,N,2540,19,12,-52,a,0,0,0,0,0,0,0,0,0,0,0,0,0,0,0,0.0,0.0,127.0,0,0,53.36665625650534,True,0
1016,a,a,N,590,11,-74,-72,a,0,0,0,0,0,0,0,0,0,0,0,0,0,0,0,0.0,0.0,49.166666666666664,0,1,103.24727599312246,True,0
1017,a,a,N,3720,43,75,8,a,0,0,0,0,0,0,0,0,0,0,0,0,0,0,0,0.0,0.0,84.54545454545455,1,0,75.4254598925323,True,0
1018,a,a,N,590,11,-74,-72,a,0,0,0,0,0,0,0,0,0,0,0,0,0,0,0,0.0,0.0,49.166666666666664,0,1,103.24727599312246,True,0
1019,a,a,N,3720,43,75,8,a,0,0,0,0,0,0,0,0,0,0,0,0,0,0,0,0.0,0.0,84.54545454545455,1,0,75.4254598925323,True,0
1020,a,a,N,2340,19,0,-52,a,0,0,0,0,0,0,0,0,0,0,0,0,0,0,0,0.0,0.0,117.0,0,0,52.0,True,0
1021,a,a,N,2610,39,5,-2,a,0,0,0,0,0,0,0,0,0,0,0,0,0,0,0,0.0,0.0,65.25,0,0,5.385164807134504,True,0
1022,a,a,N,3030,29,15,-28,a,0,0,0,0,0,0,0,0,0,0,0,0,0,0,0,0.0,0.0,101.0,0,0,31.76476034853718,True,0
1023,a,a,N,3430,23,27,-42,a,0,0,0,0,0,0,0,0,0,0,0,0,0,0,0,0.0,0.0,142.91666666666666,0,0,49.92995093127971,True,0
1024,a,a,N,3330,17,26,-58,a,0,0,0,0,0,0,0,0,0,0,0,0,0,0,0,0.0,0.0,185.0,0,0,63.56099432828282,True,0
1025,a,a,N,1950,19,-26,-52,a,0,0,0,0,0,0,0,0,0,0,0,0,0,0,0,0.0,0.0,97.5,0,1,58.137767414994535,True,0
1026,a,a,N,3610,20,32,-50,a,0,0,0,0,0,0,0,0,0,0,0,0,0,0,0,0.0,0.0,171.9047619047619,0,0,59.36328831862332,True,0
1027,a,a,N,3530,27,30,-32,a,0,0,0,0,0,0,0,0,0,0,0,0,0,0,0,0.0,0.0,126.07142857142857,0,0,43.86342439892262,True,0
1028,a,a,N,1150,6,-59,-85,a,0,0,0,0,0,0,0,0,0,0,0,0,0,0,0,0.0,0.0,164.28571428571428,0,1,103.46980235798269,True,0
1029,a,a,N,2180,10,-24,-75,a,0,0,0,0,0,0,0,0,0,0,0,0,0,0,0,0.0,0.0,198.1818181818182,0,1,78.74642849044012,True,0
1030,a,a,N,2760,24,2,-40,a,0,0,0,0,0,0,0,0,0,0,0,0,0,0,0,0.0,0.0,110.4,0,0,40.049968789001575,True,0
1031,a,a,N,2740,17,0,-58,a,0,0,0,0,0,0,0,0,0,0,0,0,0,0,0,0.0,0.0,152.22222222222223,0,0,58.0,True,0
1032,a,a,N,750,15,-73,-62,a,0,0,0,0,0,0,0,0,0,0,0,0,0,0,0,0.0,0.0,46.875,0,1,95.77577981932593,True,0
1033,a,a,N,5050,55,99,38,a,0,0,0,0,0,0,0,0,0,0,0,0,0,0,0,0.0,0.0,90.17857142857143,1,0,106.04244433244644,True,0
1034,a,a,N,1920,32,-29,-20,a,0,0,0,0,0,0,0,0,0,0,0,0,0,0,0,0.0,0.0,58.18181818181818,0,1,35.22782990761707,True,0
1035,a,a,N,2820,25,10,-38,a,0,0,0,0,0,0,0,0,0,0,0,0,0,0,0,0.0,0.0,108.46153846153847,0,0,39.293765408777,True,0
1036,a,a,N,3300,15,24,-62,a,0,0,0,0,0,0,0,0,0,0,0,0,0,0,0,0.0,0.0,206.25,0,0,66.48308055437865,True,0
1037,a,a,N,2150,13,-18,-68,a,0,0,0,0,0,0,0,0,0,0,0,0,0,0,0,0.0,0.0,153.57142857142858,0,1,70.3420215802759,True,0
1038,a,a,N,3310,17,33,-58,a,0,0,0,0,0,0,0,0,0,0,0,0,0,0,0,0.0,0.0,183.88888888888889,0,0,66.73080248281148,True,0
1039,a,a,N,2290,29,-15,-28,a,0,0,0,0,0,0,0,0,0,0,0,0,0,0,0,0.0,0.0,76.33333333333333,0,1,31.76476034853718,True,0
1040,a,a,N,1380,56,-49,40,a,0,0,0,0,0,0,0,0,0,0,0,0,0,0,0,0.0,0.0,24.210526315789473,0,0,63.25345840347388,True,0
1041,a,a,N,2780,19,8,-52,a,0,0,0,0,0,0,0,0,0,0,0,0,0,0,0,0.0,0.0,139.0,0,0,52.61178575186362,True,0
1042,a,a,N,2920,16,13,-60,a,0,0,0,0,0,0,0,0,0,0,0,0,0,0,0,0.0,0.0,171.76470588235293,0,0,61.39218191268331,True,0
1043,a,a,N,2700,14,-3,-65,a,0,0,0,0,0,0,0,0,0,0,0,0,0,0,0,0.0,0.0,180.0,0,1,65.06919393998976,True,0
1044,a,a,N,780,6,-70,-85,a,0,0,0,0,0,0,0,0,0,0,0,0,0,0,0,0.0,0.0,111.42857142857143,0,1,110.11357772772621,True,0
1045,a,a,N,2810,7,15,-82,a,0,0,0,0,0,0,0,0,0,0,0,0,0,0,0,0.0,0.0,351.25,0,0,83.3606621854697,True,0
1046,a,a,N,2350,19,-4,-52,a,0,0,0,0,0,0,0,0,0,0,0,0,0,0,0,0.0,0.0,117.5,0,1,52.15361924162119,True,0
1047,a,a,N,1490,10,-37,-75,a,0,0,0,0,0,0,0,0,0,0,0,0,0,0,0,0.0,0.0,135.45454545454547,0,1,83.6301381082203,True,0
1048,a,a,N,1970,17,-14,-58,a,0,0,0,0,0,0,0,0,0,0,0,0,0,0,0,0.0,0.0,109.44444444444444,0,1,59.665735560705194,True,0
1049,a,a,N,3890,46,81,15,a,0,0,0,0,0,0,0,0,0,0,0,0,0,0,0,0.0,0.0,82.76595744680851,1,0,82.37718130647589,True,0
1050,a,a,N,1340,21,-42,-48,a,0,0,0,0,0,0,0,0,0,0,0,0,0,0,0,0.0,0.0,60.90909090909091,0,1,63.7808748764079,True,0
1051,a,a,N,1620,11,-30,-72,a,0,0,0,0,0,0,0,0,0,0,0,0,0,0,0,0.0,0.0,135.0,0,1,78.0,True,0
1052,a,a,N,2570,10,18,-75,a,0,0,0,0,0,0,0,0,0,0,0,0,0,0,0,0.0,0.0,233.63636363636363,0,0,77.12976079309465,True,0
1053,a,a,N,1190,9,-45,-78,a,0,0,0,0,0,0,0,0,0,0,0,0,0,0,0,0.0,0.0,119.0,0,1,90.0499861188218,True,0
1054,a,a,N,2680,14,34,-65,a,0,0,0,0,0,0,0,0,0,0,0,0,0,0,0,0.0,0.0,178.66666666666666,0,0,73.35529974037323,True,0
1055,a,a,N,3390,13,55,-68,a,0,0,0,0,0,0,0,0,0,0,0,0,0,0,0,0.0,0.0,242.14285714285714,0,0,87.45856161634491,True,0
1056,a,a,N,4390,16,95,-60,a,0,0,0,0,0,0,0,0,0,0,0,0,0,0,0,0.0,0.0,258.2352941176471,0,0,112.36102527122117,True,0
1057,a,a,N,1870,11,-24,-72,a,0,0,0,0,0,0,0,0,0,0,0,0,0,0,0,0.0,0.0,155.83333333333334,0,1,75.8946638440411,True,0
1058,a,a,N,2650,18,7,-55,a,0,0,0,0,0,0,0,0,0,0,0,0,0,0,0,0.0,0.0,139.47368421052633,0,0,55.44366510251645,True,0
1059,a,a,N,3680,22,44,-45,a,0,0,0,0,0,0,0,0,0,0,0,0,0,0,0,0.0,0.0,160.0,0,0,62.93647591023825,True,0
1060,a,a,N,2850,10,12,-75,a,0,0,0,0,0,0,0,0,0,0,0,0,0,0,0,0.0,0.0,259.09090909090907,0,0,75.95393340703298,True,0
1061,a,a,N,2070,14,-23,-65,a,0,0,0,0,0,0,0,0,0,0,0,0,0,0,0,0.0,0.0,138.0,0,1,68.9492567037528,True,0
1062,a,a,N,4720,26,73,-35,a,0,0,0,0,0,0,0,0,0,0,0,0,0,0,0,0.0,0.0,174.8148148148148,0,0,80.95677859203639,True,0
1063,a,a,N,1070,10,-64,-75,a,0,0,0,0,0,0,0,0,0,0,0,0,0,0,0,0.0,0.0,97.27272727272727,0,1,98.59513172565875,True,0
1064,a,a,N,3110,23,6,-42,a,0,0,0,0,0,0,0,0,0,0,0,0,0,0,0,0.0,0.0,129.58333333333334,0,0,42.42640687119285,True,0
1065,a,a,N,3100,22,4,-45,a,0,0,0,0,0,0,0,0,0,0,0,0,0,0,0,0.0,0.0,134.7826086956522,0,0,45.17742799230607,True,0
1066,a,a,N,3130,25,6,-38,a,0,0,0,0,0,0,0,0,0,0,0,0,0,0,0,0.0,0.0,120.38461538461539,0,0,38.47076812334269,True,0
1067,a,a,N,2890,28,2,-30,a,0,0,0,0,0,0,0,0,0,0,0,0,0,0,0,0.0,0.0,99.65517241379311,0,0,30.066592756745816,True,0
1068,a,a,N,2870,21,-2,-48,a,0,0,0,0,0,0,0,0,0,0,0,0,0,0,0,0.0,0.0,130.45454545454547,0,1,48.041648597857254,True,0
1069,a,a,N,3090,18,5,-55,a,0,0,0,0,0,0,0,0,0,0,0,0,0,0,0,0.0,0.0,162.6315789473684,0,0,55.226805085936306,True,0
1070,a,a,N,3510,19,22,-52,a,0,0,0,0,0,0,0,0,0,0,0,0,0,0,0,0.0,0.0,175.5,0,0,56.462376853972415,True,0
1071,a,a,N,2970,19,0,-52,a,0,0,0,0,0,0,0,0,0,0,0,0,0,0,0,0.0,0.0,148.5,0,0,52.0,True,0
1072,a,a,N,4290,45,41,12,a,0,0,0,0,0,0,0,0,0,0,0,0,0,0,0,0.0,0.0,93.26086956521739,1,0,42.720018726587654,True,0
1073,a,a,N,2510,17,-16,-58,a,0,0,0,0,0,0,0,0,0,0,0,0,0,0,0,0.0,0.0,139.44444444444446,0,1,60.166435825965294,True,0
1074,a,a,N,2920,20,-7,-50,a,0,0,0,0,0,0,0,0,0,0,0,0,0,0,0,0.0,0.0,139.04761904761904,0,1,50.48762224545735,True,0
1075,a,a,N,6150,25,97,-38,a,0,0,0,0,0,0,0,0,0,0,0,0,0,0,0,0.0,0.0,236.53846153846155,0,0,104.17773274553444,True,0
1076,a,a,N,3600,20,5,-50,a,0,0,0,0,0,0,0,0,0,0,0,0,0,0,0,0.0,0.0,171.42857142857142,0,0,50.24937810560445,True,0
1077,a,a,N,1980,18,-43,-55,a,0,0,0,0,0,0,0,0,0,0,0,0,0,0,0,0.0,0.0,104.21052631578948,0,1,69.81403870282824,True,0
1078,a,a,N,3210,13,-5,-68,a,0,0,0,0,0,0,0,0,0,0,0,0,0,0,0,0.0,0.0,229.28571428571428,0,1,68.18357573492314,True,0
1079,a,a,N,4190,25,22,-38,a,0,0,0,0,0,0,0,0,0,0,0,0,0,0,0,0.0,0.0,161.15384615384616,0,0,43.9089968002003,True,0
1080,a,a,N,560,7,-84,-82,a,0,0,0,0,0,0,0,0,0,0,0,0,0,0,0,0.0,0.0,70.0,0,1,117.38824472663352,True,0
1081,a,a,N,1100,6,-66,-85,a,0,0,0,0,0,0,0,0,0,0,0,0,0,0,0,0.0,0.0,157.14285714285714,0,1,107.61505470890214,True,0
1082,a,a,N,3180,11,4,-72,a,0,0,0,0,0,0,0,0,0,0,0,0,0,0,0,0.0,0.0,265.0,0,0,72.11102550927978,True,0
1083,a,a,N,4350,22,48,-45,a,0,0,0,0,0,0,0,0,0,0,0,0,0,0,0,0.0,0.0,189.1304347826087,0,0,65.79513659838392,True,0
1084,a,a,N,5090,35,63,-12,a,0,0,0,0,0,0,0,0,0,0,0,0,0,0,0,0.0,0.0,141.38888888888889,0,0,64.13267497929586,True,0
1085,a,a,N,2440,16,-27,-60,a,0,0,0,0,0,0,0,0,0,0,0,0,0,0,0,0.0,0.0,143.52941176470588,0,1,65.79513659838392,True,0
1086,a,a,N,950,46,-68,15,a,0,0,0,0,0,0,0,0,0,0,0,0,0,0,0,0.0,0.0,20.21276595744681,0,0,69.63476143421474,True,0
1087,a,a,N,2440,63,-10,58,a,0,0,0,0,0,0,0,0,0,0,0,0,0,0,0,0.0,0.0,38.125,0,0,58.855755878248644,True,0
1088,a,a,N,1820,55,-34,38,a,0,0,0,0,0,0,0,0,0,0,0,0,0,0,0,0.0,0.0,32.5,0,0,50.99019513592785,True,0
1089,a,a,N,1650,46,-37,15,a,0,0,0,0,0,0,0,0,0,0,0,0,0,0,0,0.0,0.0,35.1063829787234,0,0,39.92492955535426,True,0
1090,a,a,N,4310,66,83,65,a,0,0,0,0,0,0,0,0,0,0,0,0,0,0,0,0.0,0.0,64.32835820895522,1,0,105.4229576515476,True,0
1091,a,a,N,4200,74,54,85,a,0,0,0,0,0,0,0,0,0,0,0,0,0,0,0,0.0,0.0,56.0,1,0,100.70253224224304,True,0
1092,a,b,N,7130,105,134,142,b,0,0,0,0,0,0,0,0,0,0,0,0,0,0,0,0.0,0.0,67.26415094339623,1,0,195.2434377898525,False,0
1093,a,b,N,5630,98,64,86,a,0,0,0,0,0,0,0,0,0,0,0,0,0,0,0,0.0,0.0,56.86868686868687,1,0,107.20074626605917,False,0
1094,a,b,N,5660,118,59,95,a,0,0,0,0,0,0,0,0,0,0,0,0,0,0,0,0.0,0.0,47.563025210084035,1,0,111.83022847155415,False,0
1095,a,b,N,7190,123,98,79,b,0,0,0,0,0,0,0,0,0,0,0,0,0,0,0,0.0,0.0,57.983870967741936,1,0,125.87692401707312,False,0
1096,a,b,N,6220,111,52,40,b,0,0,0,0,0,0,0,0,0,0,0,0,0,0,0,0.0,0.0,55.535714285714285,1,0,65.60487786742691,False,0
1097,a,b,N,4030,127,-13,48,b,0,0,0,0,0,0,0,0,0,0,0,0,0,0,0,0.0,0.0,31.484375,0,0,49.72926703662542,False,0
1098,a,b,N,8670,151,-25,-58,a,0,0,0,0,0,0,0,0,0,0,0,0,0,0,0,0.0,0.0,57.03947368421053,0,1,63.15853069855251,False,0
1099,a,b,N,7510,169,-35,-53,a,0,0,0,0,0,0,0,0,0,0,0,0,0,0,0,0.0,0.0,44.1764705882353,0,1,63.51377803280167,False,0
1100,a,b,N,3110,164,-73,-54,a,0,0,0,0,0,0,0,0,0,0,0,0,0,0,0,0.0,0.0,18.848484848484848,0,1,90.80198235721508,False,0
1101,a,b,N,5550,168,-52,-53,a,0,0,0,0,0,0,0,0,0,0,0,0,0,0,0,0.0,0.0,32.84023668639053,0,1,74.24957912338628,False,0
1102,a,b,N,7560,133,-34,-47,a,1,0,1,0,0,0,0,0,4000,4000,0,1,0,0,1,0.0,2000.0,56.417910447761194,0,1,58.008620049092706,False,0
1103,a,a,N,3610,154,-67,-55,a,0,0,0,0,0,0,0,0,0,0,0,0,0,0,0,0.0,0.0,23.29032258064516,0,1,86.68333173107735,True,0
1104,a,a,N,4490,177,-60,-49,a,0,0,0,0,0,0,0,0,0,0,0,0,0,0,0,0.0,0.0,25.224719101123597,0,1,77.46612162745726,True,0
1105,a,a,N,3100,184,-72,-47,a,0,0,0,0,0,0,0,0,0,0,0,0,0,0,0,0.0,0.0,16.756756756756758,0,1,85.98255637046388,True,0
1106,a,a,W,18470,525,-46,-41,a,0,0,0,0,0,0,0,0,0,0,0,0,0,0,0,0.0,0.0,35.11406844106464,0,1,61.61980201201558,True,0
1107,a,a,W,17220,529,-50,-41,a,0,0,0,0,0,0,0,0,0,0,0,0,0,0,0,0.0,0.0,32.490566037735846,0,1,64.66065264130884,True,0
1108,a,a,W,25010,524,-27,-41,a,0,0,0,0,0,0,0,0,0,0,0,0,0,0,0,0.0,0.0,47.63809523809524,0,1,49.09175083453431,True,0
1109,a,a,W,17540,252,-23,-48,a,0,0,0,0,0,0,0,0,0,0,0,0,0,0,0,0.0,0.0,69.32806324110672,0,1,53.225933528685054,True,0
1110,a,a,W,15170,414,-56,-54,a,0,0,0,0,0,0,0,0,0,0,0,0,0,0,0,0.0,0.0,36.55421686746988,0,1,77.79460135510689,True,0
1111,a,a,W,79240,1381,124,47,a,0,0,0,0,0,0,0,0,0,0,1,0,0,0,0,0.0,0.0,57.33719247467438,1,0,132.60844618650805,True,0
1112,a,a,W,103380,2701,193,187,a,1,0,0,0,1,0,0,0,200000,200000,0,1,0,1,0,0.5,100000.0,38.260547742413024,1,0,268.73406929527937,True,0
1113,a,a,W,38230,835,61,63,a,0,0,0,0,0,0,0,0,0,0,0,0,0,0,0,0.0,0.0,45.729665071770334,1,0,87.69264507357501,True,0
1114,a,a,W,43380,693,83,36,a,0,0,0,0,0,0,0,0,0,0,0,0,0,0,0,0.0,0.0,62.50720461095101,1,0,90.47098982546837,True,0
1115,a,a,W,26450,529,12,3,a,0,0,0,0,0,0,0,0,0,0,0,0,0,0,0,0.0,0.0,49.905660377358494,1,0,12.36931687685298,True,0
1116,a,a,W,27450,512,16,0,a,1,1,0,0,0,0,0,0,300,300,0,1,0,0,1,0.0,150.0,53.50877192982456,0,0,16.0,True,0
1117,a,a,W,25750,494,9,-3,a,0,0,0,0,0,0,0,0,0,0,0,0,0,0,0,0.0,0.0,52.02020202020202,0,0,9.486832980505138,True,0
1118,a,a,W,23310,242,-2,-53,a,1,1,0,0,0,0,0,0,700,700,0,1,0,0,1,0.0,350.0,95.92592592592592,0,1,53.03772242470448,True,0
1119,b,a,W,26170,388,23,-19,a,0,0,0,0,0,0,0,0,0,0,0,0,0,0,0,0.0,0.0,67.27506426735218,0,0,29.832867780352597,False,0
1120,b,a,W,42450,429,99,-10,a,0,0,0,0,0,0,0,0,0,0,0,0,0,0,0,0.0,0.0,98.72093023255815,0,0,99.50376877284599,False,0
1121,b,a,W,63560,317,198,-33,a,0,0,0,0,0,0,0,0,0,0,0,0,0,0,0,0.0,0.0,199.874213836478,0,0,200.73116349984124,False,0
1122,b,a,W,58720,513,175,8,a,0,0,0,0,0,0,0,0,0,0,0,0,0,0,0,0.0,0.0,114.24124513618678,1,0,175.18276170902203,False,0
1123,b,a,W,31010,512,45,7,a,0,0,0,0,0,0,0,0,0,0,0,0,0,0,0,0.0,0.0,60.448343079922026,1,0,45.5411901469428,False,0
1124,b,a,W,31450,286,47,-40,a,0,0,0,0,0,0,0,0,0,0,0,0,0,0,0,0.0,0.0,109.58188153310104,0,0,61.71709649683789,False,0
1125,b,a,W,31310,504,47,6,a,0,0,0,0,0,0,0,0,0,0,0,0,0,0,0,0.0,0.0,62.0,1,0,47.38143096192854,False,0
1126,b,a,W,27020,294,334,-5,b,0,0,0,0,0,0,0,0,0,0,0,0,0,0,0,0.0,0.0,91.59322033898304,0,0,334.0374230531663,False,0
1127,a,a,N,10160,278,-5,15,a,0,0,0,0,0,0,0,0,0,0,0,0,0,0,0,0.0,0.0,36.415770609319,0,0,15.811388300841896,True,0
1128,a,a,N,18820,299,75,24,a,1,0,1,0,0,0,0,0,4000,4000,0,1,0,0,1,0.0,2000.0,62.733333333333334,1,0,78.74642849044012,True,0
1129,a,a,N,13780,289,28,20,a,0,0,0,0,0,0,0,0,0,0,0,0,0,0,0,0.0,0.0,47.51724137931034,1,0,34.40930106817051,True,0
1130,a,a,W,14080,172,-38,-65,a,0,0,0,0,0,0,0,0,0,0,0,0,0,0,0,0.0,0.0,81.38728323699422,0,1,75.29276193632427,True,0
1131,a,a,W,11690,235,-48,-52,a,0,0,0,0,0,0,0,0,0,0,0,0,0,0,0,0.0,0.0,49.53389830508475,0,1,70.76722405181653,True,0
1132,a,a,W,33500,231,48,-53,a,0,0,0,0,0,0,0,0,0,0,0,0,0,0,0,0.0,0.0,144.39655172413794,0,0,71.50524456289902,True,0
1133,a,a,W,58190,419,158,-14,a,0,0,0,0,0,0,0,0,0,0,0,0,0,0,0,0.0,0.0,138.54761904761904,0,0,158.61904047118682,True,0
1134,a,a,W,31390,362,39,-26,a,0,0,0,0,0,0,0,0,0,0,0,0,0,0,0,0.0,0.0,86.47382920110194,0,0,46.87216658103186,True,0
1135,a,b,W,25850,476,1,-6,a,0,0,0,0,0,0,0,0,0,0,0,0,0,0,0,0.0,0.0,54.19287211740042,0,0,6.082762530298219,False,0
1136,a,b,W,23040,392,-10,-22,a,0,0,0,0,0,0,0,0,0,0,0,0,0,0,0,0.0,0.0,58.62595419847328,0,1,24.166091947189145,False,0
1137,a,b,W,15300,295,-40,-41,a,0,0,0,0,0,0,0,0,0,0,0,0,0,0,0,0.0,0.0,51.689189189189186,0,1,57.28001396647874,False,0
1138,a,b,W,14050,228,-45,-55,a,0,0,0,0,0,0,0,0,0,0,0,0,0,0,0,0.0,0.0,61.353711790393014,0,1,71.06335201775947,False,0
1139,a,b,W,9450,209,-63,-59,a,0,0,0,0,0,0,0,0,0,0,0,0,0,0,0,0.0,0.0,45.0,0,1,86.31338250816034,False,0
1140,a,b,W,36250,361,42,-28,a,0,0,0,0,0,0,0,0,0,0,0,0,0,0,0,0.0,0.0,100.13812154696133,0,0,50.47771785649585,False,0
1141,a,b,W,24570,327,-4,-35,a,0,0,0,0,0,0,0,0,0,0,0,0,0,0,0,0.0,0.0,74.90853658536585,0,1,35.22782990761707,False,0
1142,a,b,W,26860,319,5,-37,a,0,0,0,0,0,0,0,0,0,0,0,0,0,0,0,0.0,0.0,83.9375,0,0,37.33630940518894,False,0
1143,a,b,W,16000,313,-38,-36,a,0,0,0,0,0,0,0,0,0,0,0,0,0,0,0,0.0,0.0,50.955414012738856,0,1,52.3450093132096,False,0
1144,a,b,W,21860,196,-16,-60,a,0,0,0,0,0,0,0,0,0,0,0,0,0,0,0,0.0,0.0,110.96446700507614,0,1,62.0966987850401,False,0
1145,a,b,W,12900,201,-50,-59,a,0,0,0,0,0,0,0,0,0,0,0,0,0,0,0,0.0,0.0,63.86138613861386,0,1,77.33692520394123,False,0
1146,a,b,W,27590,314,6,-35,a,0,0,0,0,0,0,0,0,0,0,0,0,0,0,0,0.0,0.0,87.58730158730158,0,0,35.510561809129406,False,0
1147,a,b,W,15010,368,-42,-24,a,1,1,0,0,0,0,0,0,800,800,0,1,0,0,1,0.0,400.0,40.67750677506775,0,1,48.373546489791295,False,0
1148,a,b,W,9970,323,-62,-33,a,0,0,0,0,0,0,0,0,0,0,0,0,0,0,0,0.0,0.0,30.771604938271604,0,1,70.2353187506115,False,0
1149,a,b,W,18970,301,-27,-38,a,1,0,1,0,0,0,0,0,1000,1000,0,1,0,0,1,0.0,500.0,62.81456953642384,0,1,46.61544808322666,False,0
1150,a,b,W,13000,311,-50,-36,a,0,0,0,0,0,0,0,0,0,0,0,0,0,0,0,0.0,0.0,41.666666666666664,0,1,61.61168720299745,False,0
1151,a,b,N,14970,409,39,69,a,0,0,0,0,0,0,0,0,0,0,0,0,0,0,0,0.0,0.0,36.51219512195122,1,0,79.25906888173743,False,0
1152,a,b,N,14390,329,34,36,a,0,0,0,0,0,0,0,0,0,0,0,0,0,0,0,0.0,0.0,43.60606060606061,1,0,49.51767361255979,False,0
1153,a,b,N,6790,238,-37,-2,a,0,0,0,0,0,0,0,0,0,0,0,0,0,0,0,0.0,0.0,28.410041841004183,0,1,37.05401462729781,False,0
1154,a,b,W,38430,406,54,-10,a,0,0,0,0,0,0,0,0,0,0,0,0,0,0,0,0.0,0.0,94.42260442260442,0,0,54.91812087098393,False,0
1155,a,b,W,29380,381,18,-15,a,0,0,0,0,0,0,0,0,0,0,0,0,0,0,0,0.0,0.0,76.91099476439791,0,0,23.430749027719962,False,0
1156,a,b,W,35720,306,43,-32,a,0,0,0,0,0,0,0,0,0,0,0,0,0,0,0,0.0,0.0,116.35179153094462,0,0,53.600373133029585,False,0
1157,a,b,W,22990,395,-8,-12,a,0,0,0,0,0,0,0,0,0,0,0,0,0,0,0,0.0,0.0,58.05555555555556,0,1,14.422205101855956,False,0
1158,a,b,W,15190,367,-39,-18,a,0,0,0,0,0,0,0,0,0,0,0,0,0,0,0,0.0,0.0,41.27717391304348,0,1,42.95346318982906,False,0
1159,a,b,W,34750,368,36,-17,a,0,0,0,0,0,0,0,0,0,0,0,0,0,0,0,0.0,0.0,94.17344173441734,0,0,39.81205847478876,False,0
1160,a,b,W,84880,807,233,82,a,1,1,0,0,0,0,0,0,800,800,0,1,0,0,1,0.0,400.0,105.04950495049505,1,0,247.00809703327542,False,0
1161,a,b,W,45560,591,79,33,a,0,0,0,0,0,0,0,0,0,0,0,0,0,0,0,0.0,0.0,76.95945945945945,1,0,85.61541917201598,False,0
1162,a,b,W,36940,439,45,-1,a,0,0,0,0,0,0,0,0,0,0,0,0,0,0,0,0.0,0.0,83.95454545454545,0,0,45.0111097397076,False,0
1163,a,b,W,28960,444,14,0,a,1,1,0,0,0,0,0,0,300,300,0,1,0,0,1,0.0,150.0,65.07865168539325,0,0,14.0,False,0
1164,a,b,W,22260,493,-13,11,a,1,1,0,0,0,0,0,0,900,900,0,1,0,0,1,0.0,450.0,45.06072874493927,0,0,17.029386365926403,False,0
1165,a,b,W,14370,338,-44,-24,a,1,1,0,0,0,0,0,0,400,400,0,1,0,0,1,0.0,200.0,42.389380530973455,0,1,50.11985634456667,False,0
1166,a,b,W,16480,401,-35,-10,a,0,0,0,0,0,0,0,0,0,0,0,0,0,0,0,0.0,0.0,40.995024875621894,0,1,36.40054944640259,False,0
1167,a,b,N,14300,275,33,14,a,0,0,0,0,0,0,0,0,0,0,0,0,0,0,0,0.0,0.0,51.81159420289855,1,0,35.84689665786984,False,0
1168,a,b,N,12280,290,14,20,a,0,0,0,0,0,0,0,0,0,0,0,0,0,0,0,0.0,0.0,42.19931271477663,1,0,24.413111231467404,False,0
1169,a,b,N,11140,295,4,22,a,0,0,0,0,0,0,0,0,0,0,0,0,0,0,0,0.0,0.0,37.63513513513514,1,0,22.360679774997898,False,0
1170,a,b,N,4500,207,-58,-14,a,0,0,0,0,0,0,0,0,0,0,0,0,0,0,0,0.0,0.0,21.634615384615383,0,1,59.665735560705194,False,0
1171,a,b,N,7400,206,-31,-15,a,0,0,0,0,0,0,0,0,0,0,0,0,0,0,0,0.0,0.0,35.7487922705314,0,1,34.438350715445125,False,0
1172,a,b,N,9380,234,-13,-3,a,0,0,0,0,0,0,0,0,0,0,0,0,0,0,0,0.0,0.0,39.91489361702128,0,1,13.341664064126334,False,0
1173,a,b,N,11550,204,8,-16,a,1,1,0,0,0,0,0,0,600,600,0,1,0,0,1,0.0,300.0,56.34146341463415,0,0,17.88854381999832,False,0
1174,a,b,N,10070,243,-6,0,a,0,0,0,0,0,0,0,0,0,0,0,0,0,0,0,0.0,0.0,41.27049180327869,0,0,6.0,False,0
1175,a,b,N,5940,182,-41,-21,a,0,0,0,0,0,0,0,0,0,0,0,0,0,0,0,0.0,0.0,32.459016393442624,0,1,46.06517122512408,False,0
1176,a,b,N,7860,165,-21,-28,a,0,0,0,0,0,0,0,0,0,0,0,0,0,0,0,0.0,0.0,47.34939759036145,0,1,35.0,False,0
1177,a,b,N,5420,163,-46,-29,a,0,0,0,0,0,0,0,0,0,0,0,0,0,0,0,0.0,0.0,33.048780487804876,0,1,54.378304497290095,False,0
1178,a,b,N,7440,130,-26,-43,a,0,0,0,0,0,0,0,0,0,0,0,0,0,0,0,0.0,0.0,56.79389312977099,0,1,50.24937810560445,False,0
1179,a,b,N,8550,205,-15,-11,a,0,0,0,0,0,0,0,0,0,0,0,0,0,0,0,0.0,0.0,41.50485436893204,0,1,18.601075237738275,False,0
1180,a,b,N,11150,201,11,-12,a,0,0,0,0,0,0,0,0,0,0,0,0,0,0,0,0.0,0.0,55.198019801980195,0,0,16.278820596099706,False,0
1181,a,b,N,6510,187,-35,-19,a,0,0,0,0,0,0,0,0,0,0,0,0,0,0,0,0.0,0.0,34.62765957446808,0,1,39.824615503479755,False,0
1182,a,b,N,5000,163,-50,-29,a,0,0,0,0,0,0,0,0,0,0,0,0,0,0,0,0.0,0.0,30.48780487804878,0,1,57.8013840664737,False,0
1183,a,b,N,6550,163,-33,-29,a,0,0,0,0,0,0,0,0,0,0,0,0,0,0,0,0.0,0.0,39.9390243902439,0,1,43.93176527297759,False,0
1184,a,b,N,5880,175,-40,-24,a,0,0,0,0,0,0,0,0,0,0,0,0,0,0,0,0.0,0.0,33.40909090909091,0,1,46.647615158762406,False,0
1185,a,b,N,8290,229,-15,0,a,0,0,0,0,0,0,0,0,0,0,0,0,0,0,0,0.0,0.0,36.04347826086956,0,0,15.0,False,0
1186,a,b,N,6790,194,-30,-15,a,0,0,0,0,0,0,0,0,0,0,0,0,0,0,0,0.0,0.0,34.82051282051282,0,1,33.54101966249684,False,0
1187,a,b,N,7170,170,-27,-26,a,0,0,0,0,0,0,0,0,0,0,0,0,0,0,0,0.0,0.0,41.92982456140351,0,1,37.48332962798263,False,0
1188,a,b,N,8780,226,-10,-1,a,0,0,0,0,0,0,0,0,0,0,0,0,0,0,0,0.0,0.0,38.6784140969163,0,1,10.04987562112089,False,0
1189,a,b,W,16980,451,-30,-38,a,0,0,0,0,0,0,0,0,0,0,0,0,0,0,0,0.0,0.0,37.56637168141593,0,1,48.41487374764082,False,0
1190,a,b,W,21910,695,-10,-4,a,1,1,0,0,0,0,0,0,300,300,0,1,0,0,1,0.0,150.0,31.479885057471265,0,1,10.770329614269007,False,0
1191,a,b,W,28130,304,15,-28,a,1,0,1,0,0,0,0,0,6000,6000,0,1,0,0,1,0.0,3000.0,92.22950819672131,0,0,31.76476034853718,False,0
1192,a,b,W,28210,618,15,47,a,0,0,0,0,0,0,0,0,0,0,0,0,0,0,0,0.0,0.0,45.5735056542811,1,0,49.33558553417604,False,0
1193,a,b,W,21060,242,-14,-42,a,0,0,0,0,0,0,0,0,0,0,1,0,0,0,0,0.0,0.0,86.66666666666667,0,1,44.27188724235731,False,0
1194,a,b,W,22130,390,-10,-7,a,2,1,0,1,0,0,0,0,30300,30000,0,1,0,1,1,0.3333333333333333,10100.0,56.59846547314578,0,1,12.206555615733702,False,0
1195,a,b,N,9860,324,7,46,a,0,0,0,0,0,0,0,0,0,0,0,0,0,0,0,0.0,0.0,30.338461538461537,1,0,46.52956049652737,False,0
1196,a,b,W,18830,201,-23,-52,a,0,0,0,0,0,0,0,0,0,0,0,0,0,0,0,0.0,0.0,93.21782178217822,0,1,56.859475903318,False,0
1197,a,b,W,34360,604,40,44,a,0,0,0,0,0,0,0,0,0,0,0,0,0,0,0,0.0,0.0,56.79338842975206,1,0,59.464274989274024,False,0
1198,a,b,N,15640,517,67,72,a,0,0,0,0,0,0,0,0,0,0,0,0,0,0,0,0.0,0.0,30.193050193050194,1,0,98.35141076771599,False,0
1199,b,b,N,19760,445,114,101,a,0,0,0,0,0,0,0,0,0,0,0,0,0,0,0,0.0,0.0,44.30493273542601,1,0,152.3056138164316,False,0
1200,b,b,N,11660,330,26,49,a,0,0,0,0,0,0,0,0,0,0,0,0,0,0,0,0.0,0.0,35.22658610271903,1,0,55.47071299343465,False,0
1201,b,b,W,17390,278,-31,-32,a,1,1,0,0,0,0,0,0,600,600,0,1,0,0,1,0.0,300.0,62.32974910394265,0,1,44.553338819890925,False,0
1202,b,b,W,41300,336,64,-17,a,1,0,1,0,0,0,0,0,4000,4000,0,1,0,0,1,0.0,2000.0,122.55192878338279,0,0,66.21933252457322,False,0
1203,b,b,W,26880,317,6,-22,a,0,0,0,0,0,0,0,0,0,0,0,0,0,0,0,0.0,0.0,84.52830188679245,0,0,22.80350850198276,False,0
1204,b,b,W,30820,389,22,-4,a,0,0,0,0,0,0,0,0,0,0,0,0,0,0,0,0.0,0.0,79.02564102564102,0,0,22.360679774997898,False,0
1205,b,b,W,20610,274,-18,-33,a,0,0,0,0,0,0,0,0,0,0,0,0,0,0,0,0.0,0.0,74.94545454545455,0,1,37.589892258425,False,0
1206,b,b,W,47470,466,88,14,a,0,0,0,0,0,0,0,0,0,0,0,0,0,0,0,0.0,0.0,101.64882226980728,1,0,89.10667763978185,False,0
1207,b,a,W,49510,521,89,27,a,0,0,0,0,0,0,0,0,0,0,1,0,0,0,0,0.0,0.0,94.84674329501915,1,0,93.00537618869137,False,0
1208,b,a,W,87260,2457,275,258,a,1,0,0,1,0,0,0,0,80000,80000,0,1,0,1,0,0.5,40000.0,35.500406834825064,1,0,377.07956720034565,False,0
1209,b,a,W,30060,1135,29,66,a,0,0,0,0,0,0,0,0,0,0,0,0,0,0,0,0.0,0.0,26.461267605633804,1,0,72.09022125087424,False,0
1210,b,a,N,23670,721,153,140,a,1,1,0,0,0,0,0,0,300,300,0,1,0,0,1,0.0,150.0,32.78393351800554,1,0,207.38611332488009,False,0
1211,b,a,N,15600,548,67,83,a,0,0,0,0,0,0,0,0,0,0,0,0,0,0,0,0.0,0.0,28.415300546448087,1,0,106.66770832824712,False,0
1212,b,a,W,13520,528,-42,-23,a,0,0,0,0,0,0,0,0,0,0,0,0,0,0,0,0.0,0.0,25.55765595463138,0,1,47.885279575251516,False,0
1213,b,a,W,16590,324,61,17,a,1,1,0,0,0,0,0,0,300,300,0,1,0,0,1,0.0,150.0,51.04615384615385,1,0,63.324560795950255,False,0
1214,b,a,W,10000,208,-62,-49,a,1,1,0,0,0,0,0,0,500,500,0,1,0,0,1,0.0,250.0,47.84688995215311,0,1,79.02531240052139,False,0
1215,b,a,W,19140,545,-10,-12,a,0,0,0,0,0,0,0,0,0,0,0,0,0,0,0,0.0,0.0,35.05494505494506,0,1,15.620499351813308,False,0
1216,b,a,W,34020,858,60,38,a,0,0,0,0,0,0,0,0,0,0,0,0,0,0,0,0.0,0.0,39.60419091967404,1,0,71.02112361825881,False,0
1217,b,a,W,25400,810,19,31,a,0,0,0,0,0,0,0,0,0,0,0,0,0,0,0,0.0,0.0,31.319358816276203,1,0,36.359317925395686,False,0
1218,b,a,W,19910,373,-24,-2,a,1,0,1,0,0,0,0,0,5000,5000,0,1,0,0,1,0.0,2500.0,53.23529411764706,0,1,24.08318915758459,False,0
1219,b,a,W,15770,549,-26,-12,a,0,0,0,0,0,0,0,0,0,0,0,0,0,0,0,0.0,0.0,28.672727272727272,0,1,28.635642126552707,False,0
1220,b,a,W,19860,300,-24,-21,a,0,0,0,0,0,0,0,0,0,0,0,0,0,0,0,0.0,0.0,65.98006644518273,0,1,31.89043743820395,False,0
1221,b,a,W,35130,859,65,38,a,0,0,0,0,0,0,0,0,0,0,0,0,0,0,0,0.0,0.0,40.848837209302324,1,0,75.29276193632427,False,0
1222,b,a,W,26630,785,25,27,a,0,0,0,0,0,0,0,0,0,0,0,0,0,0,0,0.0,0.0,33.88040712468193,1,0,36.796738985948195,False,0
1223,b,a,N,15280,521,63,74,a,0,0,0,0,0,0,0,0,0,0,0,0,0,0,0,0.0,0.0,29.272030651340994,1,0,97.18538984847466,False,0
1224,b,a,N,10820,524,16,75,a,0,0,0,0,0,0,0,0,0,0,0,0,0,0,0,0.0,0.0,20.60952380952381,1,0,76.68767828015137,False,0
1225,b,a,N,7170,278,-23,-7,a,0,0,0,0,0,0,0,0,0,0,0,0,0,0,0,0.0,0.0,25.698924731182796,0,1,24.041630560342615,False,0
1226,b,a,W,14930,244,-46,-42,a,0,0,0,0,0,0,0,0,0,0,0,0,0,0,0,0.0,0.0,60.93877551020408,0,1,62.289646009589745,False,0
1227,b,a,W,20670,376,-25,-10,a,0,0,0,0,0,0,0,0,0,0,0,0,0,0,0,0.0,0.0,54.827586206896555,0,1,26.92582403567252,False,0
1228,b,a,W,17360,380,-37,-9,a,0,0,0,0,0,0,0,0,0,0,0,0,0,0,0,0.0,0.0,45.56430446194226,0,1,38.07886552931954,False,0
1229,b,a,W,12840,350,157,40,a,0,0,0,0,0,0,0,0,0,0,0,0,0,0,0,0.0,0.0,36.58119658119658,1,0,162.0154313638056,False,0
1230,b,a,W,28010,693,23,3,a,0,0,0,0,0,0,0,0,0,0,0,0,0,0,0,0.0,0.0,40.36023054755043,1,0,23.194827009486403,False,0
1231,b,a,N,17620,557,91,151,a,1,1,0,0,0,0,0,0,300,300,0,1,0,0,1,0.0,150.0,31.57706093189964,1,0,176.30087918101827,False,0
1232,b,a,W,12950,428,-38,-31,a,0,0,0,0,0,0,0,0,0,0,0,0,0,0,0,0.0,0.0,30.186480186480185,0,1,49.040799340956916,False,0
1233,b,a,W,17320,586,-17,-6,a,0,0,0,0,0,0,0,0,0,0,0,0,0,0,0,0.0,0.0,29.50596252129472,0,1,18.027756377319946,False,0
1234,b,a,W,28610,330,12,-15,a,2,1,1,0,0,0,0,0,6900,6000,0,1,0,0,2,0.0,2300.0,86.43504531722054,0,0,19.209372712298546,False,0
1235,b,a,W,16170,414,-37,6,a,0,0,0,0,0,0,0,0,0,0,0,0,0,0,0,0.0,0.0,38.963855421686745,0,0,37.48332962798263,False,0
1236,b,a,W,15600,274,-39,-30,a,0,0,0,0,0,0,0,0,0,0,0,0,0,0,0,0.0,0.0,56.72727272727273,0,1,49.20365840057018,False,0
1237,b,a,W,52360,1004,150,61,a,0,0,0,0,0,0,0,0,0,0,0,0,0,0,0,0.0,0.0,52.09950248756219,1,0,161.92899678562824,False,0
1238,b,a,W,44960,1172,115,88,a,1,1,0,0,0,0,0,0,200,200,0,1,0,0,1,0.0,100.0,38.329070758738276,1,0,144.80676779764127,False,0
1239,a,a,W,18580,753,-7,25,a,0,0,0,0,0,0,0,0,0,0,0,0,0,0,0,0.0,0.0,24.641909814323608,0,0,25.96150997149434,True,0
1240,a,a,N,12240,452,33,104,a,0,0,0,0,0,0,0,0,0,0,0,0,0,0,0,0.0,0.0,27.019867549668874,1,0,109.11003620199197,True,0
1241,a,a,W,16840,318,-28,-17,a,0,0,0,0,0,0,0,0,0,0,0,0,0,0,0,0.0,0.0,52.789968652037615,0,1,32.7566787083184,True,0
1242,a,a,W,15820,382,-32,0,a,0,0,0,0,0,0,0,0,0,0,0,0,0,0,0,0.0,0.0,41.30548302872063,0,0,32.0,True,0
1243,a,a,W,17690,284,-24,-26,a,1,1,0,0,0,0,0,0,300,300,0,1,0,0,1,0.0,150.0,62.07017543859649,0,1,35.38361202590826,True,0
1244,a,a,W,15380,251,-34,-34,a,0,0,0,0,0,0,0,0,0,0,0,0,0,0,0,0.0,0.0,61.03174603174603,0,1,48.08326112068523,True,0
1245,a,a,N,9540,339,3,53,a,0,0,0,0,0,0,0,0,0,0,0,0,0,0,0,0.0,0.0,28.058823529411764,1,0,53.08483775994799,True,0
1246,a,a,N,18040,317,95,43,a,0,0,0,0,0,0,0,0,0,0,0,0,0,0,0,0.0,0.0,56.729559748427675,1,0,104.27847332982968,True,0
1247,a,a,N,8100,300,-12,35,a,0,0,0,0,0,0,0,0,0,0,0,0,0,0,0,0.0,0.0,26.910299003322258,0,0,37.0,True,0
1248,a,a,N,8690,262,-6,18,a,0,0,0,0,0,0,0,0,0,0,0,0,0,0,0,0.0,0.0,33.041825095057035,0,0,18.973665961010276,True,0
1249,a,a,N,7120,227,-23,2,a,0,0,0,0,0,0,0,0,0,0,0,0,0,0,0,0.0,0.0,31.228070175438596,0,0,23.08679276123039,True,0
1250,a,a,N,8380,234,-9,6,a,0,0,0,0,0,0,0,0,0,0,0,0,0,0,0,0.0,0.0,35.659574468085104,0,0,10.816653826391969,True,0
1251,a,a,N,5280,232,-43,5,a,0,0,0,0,0,0,0,0,0,0,0,0,0,0,0,0.0,0.0,22.660944206008583,0,0,43.289721643826724,True,0
1252,a,a,N,6260,268,-33,-11,a,0,0,0,0,0,0,0,0,0,0,0,0,0,0,0,0.0,0.0,23.271375464684017,0,1,34.785054261852174,True,0
1253,a,a,N,6170,187,-33,-16,a,0,0,0,0,0,0,0,0,0,0,0,0,0,0,0,0.0,0.0,32.819148936170215,0,1,36.6742416417845,True,0
1254,a,a,N,5510,157,-40,-29,a,0,0,0,0,0,0,0,0,0,0,0,0,0,0,0,0.0,0.0,34.87341772151899,0,1,49.4064773081425,True,0
1255,a,a,N,5780,163,-36,-25,a,0,0,0,0,0,0,0,0,0,0,0,0,0,0,0,0.0,0.0,35.24390243902439,0,1,43.829214001622255,True,0
1256,a,a,N,6390,138,-29,-36,a,0,0,0,0,0,0,0,0,0,0,0,0,0,0,0,0.0,0.0,45.97122302158273,0,1,46.22769732530488,True,0
1257,a,a,N,7340,213,-19,-28,a,0,0,0,0,0,0,0,0,0,0,0,0,0,0,0,0.0,0.0,34.299065420560744,0,1,33.83784863137726,True,0
1258,a,a,N,17730,134,97,-38,a,0,0,0,0,0,0,0,0,0,0,0,0,0,0,0,0.0,0.0,131.33333333333334,0,0,104.17773274553444,True,0
1259,a,a,N,650,80,-82,-28,a,0,0,0,0,0,0,0,0,0,0,0,0,0,0,0,0.0,0.0,8.024691358024691,0,1,86.64871608973787,True,0
1260,a,a,N,1400,58,-62,-47,a,0,0,0,0,0,0,0,0,0,0,0,0,0,0,0,0.0,0.0,23.728813559322035,0,1,77.80102827083971,True,0
1261,a,a,N,2390,50,-73,-77,a,0,0,0,0,0,0,0,0,0,0,0,0,0,0,0,0.0,0.0,46.86274509803921,0,1,106.10372283760829,True,0
1262,a,a,N,5760,65,-36,-70,a,0,0,0,0,0,0,0,0,0,0,0,0,0,0,0,0.0,0.0,87.27272727272727,0,1,78.71467461661771,True,0
1263,a,a,N,1910,87,-48,-20,a,0,0,0,0,0,0,0,0,0,0,0,0,0,0,0,0.0,0.0,21.704545454545453,0,1,52.0,True,0
1264,a,a,N,6220,76,-26,-65,a,0,0,0,0,0,0,0,0,0,0,0,0,0,0,0,0.0,0.0,80.77922077922078,0,1,70.00714249274856,True,0
1265,a,a,N,2770,45,-67,-79,a,0,0,0,0,0,0,0,0,0,0,0,0,0,0,0,0.0,0.0,60.21739130434783,0,1,103.58571330062848,True,0
1266,a,a,N,2940,65,-20,-40,a,0,0,0,0,0,0,0,0,0,0,0,0,0,0,0,0.0,0.0,44.54545454545455,0,1,44.721359549995796,True,0
1267,a,a,N,2960,91,-19,-16,a,0,0,0,0,0,0,0,0,0,0,0,0,0,0,0,0.0,0.0,32.17391304347826,0,1,24.839484696748443,True,0
1268,a,a,N,3990,231,66,98,a,0,0,0,0,0,0,0,0,0,0,0,0,0,0,0,0.0,0.0,17.198275862068964,1,0,118.15244390193544,True,0
1269,a,a,N,2840,115,18,-1,a,0,0,0,0,0,0,0,0,0,0,0,0,0,0,0,0.0,0.0,24.482758620689655,0,0,18.027756377319946,True,0
1270,a,a,N,5900,63,-30,-71,a,1,0,1,0,0,0,0,0,2000,2000,0,1,0,0,1,0.0,1000.0,92.1875,0,1,77.07788269017254,True,0
1271,a,a,N,6980,37,-10,-81,a,1,1,0,0,0,0,0,0,300,300,0,1,0,0,1,0.0,150.0,183.68421052631578,0,1,81.61494961096282,True,0
1272,a,a,N,3540,186,62,74,a,0,0,0,0,0,0,0,0,0,0,0,0,0,0,0,0.0,0.0,18.93048128342246,1,0,96.54014708917737,True,0
1273,a,a,W,10360,131,76,-49,a,0,0,0,0,0,0,0,0,0,0,0,0,0,0,0,0.0,0.0,78.48484848484848,0,0,90.4267659490264,True,0
1274,a,a,W,8820,243,50,-5,a,0,0,0,0,0,0,0,0,0,0,0,0,0,0,0,0.0,0.0,36.14754098360656,0,0,50.24937810560445,True,0
1275,a,a,W,2880,92,-74,-67,a,1,0,1,0,0,0,0,0,2000,2000,0,1,0,0,1,0.0,1000.0,30.967741935483872,0,1,99.82484660644363,True,0
1276,a,a,W,15470,286,163,12,a,0,0,0,0,0,0,0,0,0,0,0,0,0,0,0,0.0,0.0,53.90243902439025,1,0,163.44112089679268,True,0
1277,a,a,W,15120,166,-35,-58,a,1,0,1,0,0,0,0,0,3000,3000,0,1,0,0,1,0.0,1500.0,90.53892215568862,0,1,67.7421582177598,True,0
1278,a,a,W,14140,200,-39,-50,a,0,0,0,0,0,0,0,0,0,0,0,0,0,0,0,0.0,0.0,70.34825870646766,0,1,63.41135544995076,True,0
1279,a,a,W,8180,136,-64,-66,a,0,0,0,0,0,0,0,0,0,0,0,0,0,0,0,0.0,0.0,59.70802919708029,0,1,91.93475947648963,True,0
1280,a,a,W,16360,149,-28,-63,a,1,1,0,0,0,0,0,0,800,800,0,1,0,0,1,0.0,400.0,109.06666666666666,0,1,68.94200461257273,True,0
1281,a,a,W,8450,121,-63,-70,a,0,0,0,0,0,0,0,0,0,0,0,0,0,0,0,0.0,0.0,69.26229508196721,0,1,94.17536832951598,True,0
1282,a,a,W,7090,124,-69,-69,a,0,0,0,0,0,0,0,0,0,0,0,0,0,0,0,0.0,0.0,56.72,0,1,97.58073580374356,True,0
1283,a,a,W,15160,180,-33,-55,a,1,1,0,0,0,0,0,0,500,500,0,1,0,0,1,0.0,250.0,83.75690607734806,0,1,64.1404708432983,True,0
1284,a,a,W,22140,190,-2,-53,a,1,0,1,0,0,0,0,0,2000,2000,0,1,0,0,1,0.0,1000.0,115.91623036649214,0,1,53.03772242470448,True,0
1285,a,a,W,17710,191,-22,-52,a,0,0,0,0,0,0,0,0,0,0,0,0,0,0,0,0.0,0.0,92.23958333333333,0,1,56.462376853972415,True,0
1286,a,a,W,16430,213,-27,-47,a,1,0,1,0,0,0,0,0,6000,6000,0,1,0,0,1,0.0,3000.0,76.77570093457943,0,1,54.20332093147061,True,0
1287,a,a,W,38820,647,259,137,a,0,0,0,0,0,0,0,0,0,0,0,0,0,0,0,0.0,0.0,59.907407407407405,1,0,293.00170647967224,True,0
1288,a,a,W,27540,291,28,-24,a,0,0,0,0,0,0,0,0,0,0,0,0,0,0,0,0.0,0.0,94.31506849315069,0,0,36.87817782917155,True,0
1289,a,a,W,21280,217,-1,-43,a,0,0,0,0,0,0,0,0,0,0,0,0,0,0,0,0.0,0.0,97.61467889908256,0,1,43.01162633521314,True,0
1290,a,a,W,11570,166,-46,-56,a,0,0,0,0,0,0,0,0,0,0,0,0,0,0,0,0.0,0.0,69.2814371257485,0,1,72.47068372797375,True,0
1291,a,a,W,12350,296,101,21,a,0,0,0,0,0,0,0,0,0,0,0,0,0,0,0,0.0,0.0,41.582491582491585,1,0,103.16006979447037,True,0
1292,a,a,W,18850,215,-13,-43,a,0,0,0,0,0,0,0,0,0,0,0,0,0,0,0,0.0,0.0,87.26851851851852,0,1,44.9221548904324,True,0
1293,a,a,N,14000,160,81,-20,a,0,0,0,0,0,0,0,0,0,0,0,0,0,0,0,0.0,0.0,86.95652173913044,0,0,83.43260753446461,True,0
1294,a,a,N,12470,124,61,-38,a,0,0,0,0,0,0,0,0,0,0,0,0,0,0,0,0.0,0.0,99.76,0,0,71.8679344353238,True,0
1295,a,a,W,7100,227,-37,-19,a,0,0,0,0,0,0,0,0,0,0,0,0,0,0,0,0.0,0.0,31.140350877192983,0,1,41.593268686170845,True,0
1296,a,a,W,6020,129,-71,-64,a,0,0,0,0,0,0,0,0,0,0,0,0,0,0,0,0.0,0.0,46.30769230769231,0,1,95.58765610684259,True,0
1297,a,a,W,17800,436,58,56,a,0,0,0,0,0,0,0,0,0,0,0,0,0,0,0,0.0,0.0,40.732265446224254,1,0,80.62257748298549,True,0
1298,a,a,W,20500,717,82,157,a,0,0,0,0,0,0,0,0,0,0,0,0,0,0,0,0.0,0.0,28.551532033426184,1,0,177.12425017484196,True,0
1299,a,a,W,23210,264,12,-27,a,1,1,0,0,0,0,0,0,900,900,0,1,0,0,1,0.0,450.0,87.58490566037736,0,0,29.546573405388315,True,0
1300,a,a,W,14070,504,25,81,a,0,0,0,0,0,0,0,0,0,0,0,0,0,0,0,0.0,0.0,27.861386138613863,1,0,84.77027781009096,True,0
1301,a,a,W,24100,197,16,-45,a,0,0,0,0,0,0,0,0,0,0,0,0,0,0,0,0.0,0.0,121.71717171717172,0,0,47.75981574503821,True,0
1302,a,a,W,15380,418,37,50,a,0,0,0,0,0,0,0,0,0,0,0,0,0,0,0,0.0,0.0,36.70644391408115,1,0,62.20128616033595,True,0
1303,a,a,W,33560,590,194,111,a,0,0,0,0,0,0,0,0,0,0,0,0,0,0,0,0.0,0.0,56.78510998307953,1,0,223.5106261456041,True,0
1304,a,a,W,38560,741,237,166,a,1,0,1,0,0,0,0,0,7000,7000,0,1,0,0,1,0.0,3500.0,51.96765498652291,1,0,289.35272592460575,True,0
1305,a,a,W,11440,505,0,81,a,0,0,0,0,0,0,0,0,0,0,0,0,0,0,0,0.0,0.0,22.608695652173914,0,0,81.0,True,0
1306,a,a,W,11720,178,-39,-47,a,1,1,0,0,0,0,0,0,700,700,0,1,0,0,1,0.0,350.0,65.47486033519553,0,1,61.07372593840988,True,0
1307,a,a,W,12740,203,-33,-39,a,0,0,0,0,0,0,0,0,0,0,0,0,0,0,0,0.0,0.0,62.450980392156865,0,1,51.088159097779204,True,0
1308,a,a,W,19820,527,73,89,a,0,0,0,0,0,0,0,0,0,0,0,0,0,0,0,0.0,0.0,37.53787878787879,1,0,115.10864433221339,True,0
1309,a,a,W,12400,402,9,44,a,0,0,0,0,0,0,0,0,0,0,0,0,0,0,0,0.0,0.0,30.76923076923077,1,0,44.91102314577124,True,0
1310,a,a,W,22900,332,20,-1,a,0,0,0,0,0,0,0,0,0,0,0,0,0,0,0,0.0,0.0,68.76876876876877,0,0,20.024984394500787,True,0
1311,a,b,W,11320,472,-6,56,b,0,0,0,0,0,0,0,0,0,0,0,0,0,0,0,0.0,0.0,23.932346723044397,0,0,56.32051136131489,False,0
1312,a,b,W,14770,241,-19,-24,a,0,0,0,0,0,0,0,0,0,0,0,0,0,0,0,0.0,0.0,61.03305785123967,0,1,30.610455730027933,False,0
1313,a,b,W,18170,408,50,35,b,0,0,0,0,0,0,0,0,0,0,0,0,0,0,0,0.0,0.0,44.42542787286064,1,0,61.032778078668514,False,0
1314,a,b,W,19300,509,60,69,b,0,0,0,0,0,0,0,0,0,0,0,0,0,0,0,0.0,0.0,37.84313725490196,1,0,91.43850392476902,False,0
1315,a,b,W,16640,407,38,35,b,0,0,0,0,0,0,0,0,0,0,0,0,0,0,0,0.0,0.0,40.78431372549019,1,0,51.66236541235796,False,0
1316,a,b,W,12370,346,2,15,b,0,0,0,0,0,0,0,0,0,0,0,0,0,0,0,0.0,0.0,35.648414985590776,1,0,15.132745950421556,False,0
1317,a,b,W,20720,284,13,-11,a,0,0,0,0,0,0,0,0,0,0,0,0,0,0,0,0.0,0.0,72.70175438596492,0,0,17.029386365926403,False,0
1318,a,b,W,12430,187,-32,-41,a,0,0,0,0,0,0,0,0,0,0,0,0,0,0,0,0.0,0.0,66.11702127659575,0,1,52.009614495783374,False,0
1319,a,b,W,6360,274,-51,-16,b,0,0,0,0,0,0,0,0,0,0,0,0,0,0,0,0.0,0.0,23.12727272727273,0,1,53.45091205957107,False,0
1320,a,b,W,7600,246,-42,-25,b,0,0,0,0,0,0,0,0,0,0,0,0,0,0,0,0.0,0.0,30.76923076923077,0,1,48.877397639399746,False,0
1321,a,b,W,8690,251,-34,-23,b,0,0,0,0,0,0,0,0,0,0,0,0,0,0,0,0.0,0.0,34.48412698412698,0,1,41.048751503547585,False,0
1322,a,b,W,10980,327,-16,0,b,0,0,0,0,0,0,0,0,0,0,0,0,0,0,0,0.0,0.0,33.47560975609756,0,0,16.0,False,0
1323,a,b,W,16110,402,23,23,b,0,0,0,0,0,0,0,0,0,0,0,0,0,0,0,0.0,0.0,39.97518610421836,1,0,32.526911934581186,False,0
1324,a,b,W,38880,689,197,110,b,1,0,1,0,0,0,0,0,2000,2000,0,1,0,0,1,0.0,1000.0,56.34782608695652,1,0,225.63022847127553,False,0
1325,a,b,W,36230,822,177,151,b,1,0,1,0,0,0,0,0,8000,8000,0,1,0,0,1,0.0,4000.0,44.02187120291616,1,0,232.65854809140367,False,0
1326,a,b,W,23800,540,82,65,b,0,0,0,0,0,0,0,0,0,0,0,0,0,0,0,0.0,0.0,43.99260628465804,1,0,104.63746938836012,False,0
1327,a,b,W,17590,500,36,53,b,0,0,0,0,0,0,0,0,0,0,0,0,0,0,0,0.0,0.0,35.10978043912176,1,0,64.07027391856539,False,0
1328,a,b,W,19810,209,21,-22,a,0,0,0,0,0,0,0,0,0,0,0,0,0,0,0,0.0,0.0,94.33333333333333,0,0,30.4138126514911,False,0
1329,a,b,W,12800,213,-22,-20,a,0,0,0,0,0,0,0,0,0,0,0,0,0,0,0,0.0,0.0,59.81308411214953,0,1,29.732137494637012,False,0
1330,a,b,W,26350,569,104,75,b,0,0,0,0,0,0,0,0,0,0,0,0,0,0,0,0.0,0.0,46.228070175438596,1,0,128.22246293064254,False,0
1331,a,b,W,25850,595,100,83,b,0,0,0,0,0,0,0,0,0,0,0,0,0,0,0,0.0,0.0,43.37248322147651,1,0,129.9576854210631,False,0
1332,a,b,W,24840,609,92,87,b,0,0,0,0,0,0,0,0,0,0,0,0,0,0,0,0.0,0.0,40.721311475409834,1,0,126.62148316932637,False,0
1333,a,b,W,19340,218,18,-19,a,1,0,1,0,0,0,0,0,3000,3000,0,1,0,0,1,0.0,1500.0,88.31050228310502,0,0,26.1725046566048,False,0
1334,a,b,W,29060,660,125,103,b,1,1,0,0,0,0,0,0,300,300,0,1,0,0,1,0.0,150.0,43.963691376701966,1,0,161.96913286178943,False,0
1335,a,b,W,39970,831,196,147,b,0,0,0,0,0,0,0,0,0,0,0,0,0,0,0,0.0,0.0,48.04086538461539,1,0,245.0,False,0
1336,a,b,W,28920,659,114,96,b,0,0,0,0,0,0,0,0,0,0,0,0,0,0,0,0.0,0.0,43.81818181818182,1,0,149.03690818049066,False,0
1337,a,b,W,21860,283,39,14,a,1,0,1,0,0,0,0,0,4000,4000,0,1,0,0,1,0.0,2000.0,76.97183098591549,1,0,41.43669871020132,False,0
1338,a,b,W,15180,196,-3,-21,a,0,0,0,0,0,0,0,0,0,0,0,0,0,0,0,0.0,0.0,77.05583756345177,0,1,21.213203435596427,False,0
1339,a,b,W,10150,326,-25,-3,b,0,0,0,0,0,0,0,0,0,0,0,0,0,0,0,0.0,0.0,31.039755351681958,0,1,25.179356624028344,False,0
1340,a,b,W,8260,343,-39,2,b,0,0,0,0,0,0,0,0,0,0,0,0,0,0,0,0.0,0.0,24.011627906976745,0,0,39.05124837953327,False,0
1341,a,b,W,27670,305,283,53,a,0,0,0,0,0,0,0,0,0,0,0,0,0,0,0,0.0,0.0,90.42483660130719,1,0,287.9201278132531,False,0
1342,a,b,W,32730,1209,353,506,b,0,0,0,0,0,0,0,0,0,0,0,0,0,0,0,0.0,0.0,27.049586776859503,1,0,616.9643425677046,False,0
1343,a,b,W,11090,639,54,249,a,0,0,0,0,0,0,0,0,0,0,0,0,0,0,0,0.0,0.0,17.328125,1,0,254.78814729103863,False,0
1344,a,b,W,15740,278,8,-24,b,1,0,1,0,0,0,0,0,3000,3000,0,1,0,0,1,0.0,1500.0,56.415770609319,0,0,25.298221281347036,False,0
1345,a,b,W,10730,233,-26,-36,b,0,0,0,0,0,0,0,0,0,0,0,0,0,0,0,0.0,0.0,45.85470085470085,0,1,44.40720662234904,False,0
1346,a,b,W,26740,583,83,60,b,2,2,0,0,0,0,0,0,1400,800,0,1,0,0,2,0.0,466.6666666666667,45.78767123287671,1,0,102.41581909060729,False,0
1347,a,b,W,26960,514,85,41,b,0,0,0,0,0,0,0,0,0,0,0,0,0,0,0,0.0,0.0,52.349514563106794,1,0,94.37160589923221,False,0
1348,a,b,W,16540,213,2,-11,a,0,0,0,0,0,0,0,0,0,0,0,0,0,0,0,0.0,0.0,77.28971962616822,0,0,11.180339887498949,False,0
1349,a,b,W,13550,358,-7,-2,b,0,0,0,0,0,0,0,0,0,0,0,0,0,0,0,0.0,0.0,37.74373259052925,0,1,7.280109889280518,False,0
1350,a,b,W,23820,525,63,44,b,0,0,0,0,0,0,0,0,0,0,0,0,0,0,0,0.0,0.0,45.2851711026616,1,0,76.84399781375251,False,0
1351,a,b,W,21000,483,40,28,b,1,1,0,0,0,0,0,0,200,200,0,1,0,0,1,0.0,100.0,43.388429752066116,1,0,48.82622246293481,False,0
1352,a,b,W,31340,726,109,92,b,2,1,1,0,0,0,0,0,9500,9000,0,1,0,0,2,0.0,3166.6666666666665,43.10866574965612,1,0,142.63590010933433,False,0
1353,a,b,W,22830,608,53,61,b,0,0,0,0,0,0,0,0,0,0,0,0,0,0,0,0.0,0.0,37.48768472906404,1,0,80.8084154033477,False,0
1354,a,b,W,25080,244,62,12,a,2,1,1,0,0,0,0,0,9500,9000,0,1,0,0,2,0.0,3166.6666666666665,102.36734693877551,1,0,63.150613615387776,False,0
1355,a,b,W,12980,436,-13,16,b,0,0,0,0,0,0,0,0,0,0,0,0,0,0,0,0.0,0.0,29.702517162471395,0,0,20.615528128088304,False,0
1356,a,b,W,10270,306,-31,-19,b,0,0,0,0,0,0,0,0,0,0,0,0,0,0,0,0.0,0.0,33.4527687296417,0,1,36.359317925395686,False,0
1357,a,b,W,20910,546,179,233,b,0,0,0,0,0,0,0,0,0,0,0,0,0,0,0,0.0,0.0,38.226691042047534,1,0,293.8196725884773,False,0
1358,a,b,W,9410,383,-37,2,b,0,0,0,0,0,0,0,0,0,0,0,0,0,0,0,0.0,0.0,24.505208333333332,0,0,37.05401462729781,False,0
1359,a,b,W,41740,966,164,143,a,0,0,0,0,0,0,0,0,0,0,0,0,0,0,0,0.0,0.0,43.16442605997932,1,0,217.5890622251036,False,0
1360,a,b,W,22710,481,191,166,a,0,0,0,0,0,0,0,0,0,0,0,0,0,0,0,0.0,0.0,47.11618257261411,1,0,253.0553299181821,False,0
1361,a,b,W,15710,308,101,70,a,0,0,0,0,0,0,0,0,0,0,0,0,0,0,0,0.0,0.0,50.84142394822006,1,0,122.88612614937456,False,0
1362,a,b,W,15030,484,-5,22,a,0,0,0,0,0,0,0,0,0,0,0,0,0,0,0,0.0,0.0,30.989690721649485,0,0,22.561028345356956,False,0
1363,a,b,W,26860,458,244,153,a,0,0,0,0,0,0,0,0,0,0,0,0,0,0,0,0.0,0.0,58.51851851851852,1,0,288.00173610587836,False,0
1364,a,b,W,11630,481,-27,21,a,0,0,0,0,0,0,0,0,0,0,0,0,0,0,0,0.0,0.0,24.12863070539419,0,0,34.20526275297414,False,0
1365,a,b,W,24690,565,56,42,a,0,0,0,0,0,0,0,0,0,0,0,0,0,0,0,0.0,0.0,43.62190812720848,1,0,70.0,False,0
1366,a,b,W,14570,326,-8,-18,a,0,0,0,0,0,0,0,0,0,0,0,0,0,0,0,0.0,0.0,44.5565749235474,0,1,19.697715603592208,False,0
1367,a,b,N,10210,394,169,251,a,0,0,0,0,0,0,0,0,0,0,0,0,0,0,0,0.0,0.0,25.848101265822784,1,0,302.59213472924245,False,0
1368,a,b,N,8070,404,270,278,a,0,0,0,0,0,0,0,0,0,0,0,0,0,0,0,0.0,0.0,19.925925925925927,1,0,387.5358047974406,False,0
1369,a,b,W,15930,171,-2,-21,a,0,0,0,0,0,0,0,0,0,0,0,0,0,0,0,0.0,0.0,92.61627906976744,0,1,21.095023109728988,False,0
1370,a,b,W,33620,762,97,77,a,1,1,0,0,0,0,0,0,700,700,0,1,0,0,1,0.0,350.0,44.062909567496725,1,0,123.84667940643382,False,0
1371,a,b,W,32960,982,93,128,a,0,0,0,0,0,0,0,0,0,0,0,0,0,0,0,0.0,0.0,33.53001017293998,1,0,158.21820375671064,False,0
1372,a,b,W,22640,691,32,60,a,2,2,0,0,0,0,0,0,400,300,0,1,0,0,2,0.0,133.33333333333334,32.716763005780344,1,0,68.0,False,0
1373,a,b,W,31800,769,295,313,b,0,0,0,0,0,0,0,0,0,0,1,0,0,0,0,0.0,0.0,41.298701298701296,1,0,430.10928843725287,False,0
1374,a,b,W,16940,455,-1,6,a,1,0,0,1,0,0,0,0,30000,30000,0,1,0,1,0,0.5,15000.0,37.14912280701754,0,0,6.082762530298219,False,0
1375,b,b,W,13880,507,-22,11,a,0,0,0,0,0,0,0,0,0,0,0,0,0,0,0,0.0,0.0,27.322834645669293,0,0,24.596747752497688,False,0
1376,b,b,W,18340,534,3,17,a,0,0,0,0,0,0,0,0,0,0,0,0,0,0,0,0.0,0.0,34.2803738317757,1,0,17.26267650163207,False,0
1377,b,b,W,19420,591,9,29,a,0,0,0,0,0,0,0,0,0,0,0,0,0,0,0,0.0,0.0,32.804054054054056,1,0,30.364452901377952,False,0
1378,b,b,W,21300,710,19,55,a,1,0,1,0,0,0,0,0,2000,2000,0,1,0,0,1,0.0,1000.0,29.957805907172997,1,0,58.18934610390462,False,0
1379,b,b,W,23490,748,32,63,a,0,0,0,0,0,0,0,0,0,0,0,0,0,0,0,0.0,0.0,31.36181575433912,1,0,70.66116330771806,False,0
1380,b,b,W,17970,518,1,13,a,0,0,0,0,0,0,0,0,0,0,0,0,0,0,0,0.0,0.0,34.6242774566474,1,0,13.038404810405298,False,0
1381,b,b,W,17310,485,-3,6,a,0,0,0,0,0,0,0,0,0,0,0,0,0,0,0,0.0,0.0,35.617283950617285,0,0,6.708203932499369,False,0
1382,b,b,W,17730,568,-1,24,a,0,0,0,0,0,0,0,0,0,0,0,0,0,0,0,0.0,0.0,31.15992970123023,0,0,24.020824298928627,False,0
1383,b,b,W,25180,592,39,24,a,0,0,0,0,0,0,0,0,0,0,0,0,0,0,0,0.0,0.0,42.46205733558179,1,0,45.79301256742124,False,0
1384,b,b,W,32240,702,77,47,a,0,0,0,0,0,0,0,0,0,0,0,0,0,0,0,0.0,0.0,45.86059743954481,1,0,90.21086409075129,False,0
1385,b,b,W,21770,292,35,28,a,0,0,0,0,0,0,0,0,0,0,0,0,0,0,0,0.0,0.0,74.30034129692832,1,0,44.82186966202994,False,0
1386,b,b,W,19680,288,121,37,b,0,0,0,0,0,0,0,0,0,0,1,0,0,0,0,0.0,0.0,68.09688581314879,1,0,126.53062870309307,True,0
1387,b,b,W,22320,337,39,48,a,1,0,0,1,0,0,0,0,10000,10000,0,1,0,1,0,0.5,5000.0,66.03550295857988,1,0,61.84658438426491,False,0
1388,b,b,W,15060,618,-17,29,a,0,0,0,0,0,0,0,0,0,0,0,0,0,0,0,0.0,0.0,24.32956381260097,0,0,33.61547262794322,False,0
1389,b,b,W,23020,669,27,40,a,0,0,0,0,0,0,0,0,0,0,0,0,0,0,0,0.0,0.0,34.35820895522388,1,0,48.25971404805462,False,0
1390,b,b,W,18850,587,4,23,a,0,0,0,0,0,0,0,0,0,0,0,0,0,0,0,0.0,0.0,32.0578231292517,1,0,23.345235059857504,False,0
1391,b,b,W,9090,511,-51,4,a,0,0,0,0,0,0,0,0,0,0,0,0,0,0,0,0.0,0.0,17.75390625,0,0,51.15662224971465,False,0
1392,b,b,N,10690,367,182,227,a,0,0,0,0,0,0,0,0,0,0,0,0,0,0,0,0.0,0.0,29.04891304347826,1,0,290.9518860567843,False,0
1393,b,b,N,11040,316,191,181,a,0,0,0,0,0,0,0,0,0,0,0,0,0,0,0,0.0,0.0,34.82649842271293,1,0,263.1387466717891,False,0
1394,b,b,W,19430,453,5,-8,a,1,1,0,0,0,0,0,0,600,600,0,1,0,0,1,0.0,300.0,42.797356828193834,0,0,9.433981132056603,False,0
1395,b,b,W,21300,257,33,10,a,0,0,0,0,0,0,0,0,0,0,0,0,0,0,0,0.0,0.0,82.55813953488372,1,0,34.48187929913333,False,0
1396,b,b,W,13200,199,-18,-15,a,0,0,0,0,0,0,0,0,0,0,0,0,0,0,0,0.0,0.0,66.0,0,1,23.430749027719962,False,0
1397,b,b,W,13770,254,-14,9,a,0,0,0,0,0,0,0,0,0,0,0,0,0,0,0,0.0,0.0,54.0,0,0,16.64331697709324,False,0
1398,b,b,W,33400,749,81,52,a,0,0,0,0,0,0,0,0,0,0,0,0,0,0,0,0.0,0.0,44.53333333333333,1,0,96.25487000666512,False,0
1399,a,b,W,46080,942,146,87,a,0,0,0,0,0,0,0,0,0,0,0,0,0,0,0,0.0,0.0,48.86532343584305,1,0,169.95587662684687,False,0
1400,a,b,W,27940,334,74,39,a,0,0,0,0,0,0,0,0,0,0,0,0,0,0,0,0.0,0.0,83.40298507462687,1,0,83.64807230295268,False,0
1401,a,b,W,17600,543,-6,8,a,0,0,0,0,0,0,0,0,0,0,0,0,0,0,0,0.0,0.0,32.35294117647059,0,0,10.0,False,0
1402,a,b,W,17050,476,-9,-5,a,0,0,0,0,0,0,0,0,0,0,0,0,0,0,0,0.0,0.0,35.744234800838576,0,1,10.295630140987,False,0
1403,a,b,W,10220,434,-45,-14,a,0,0,0,0,0,0,0,0,0,0,0,0,0,0,0,0.0,0.0,23.49425287356322,0,1,47.12748667179272,False,0
1404,a,b,W,14830,492,-21,-2,a,0,0,0,0,0,0,0,0,0,0,0,0,0,0,0,0.0,0.0,30.081135902636916,0,1,21.095023109728988,False,0
1405,a,b,W,23560,546,26,9,a,0,0,0,0,0,0,0,0,0,0,0,0,0,0,0,0.0,0.0,43.07129798903108,1,0,27.51363298439521,False,0
1406,a,b,W,34110,408,112,70,a,3,2,1,0,0,0,0,0,5300,4000,0,1,0,0,3,0.0,1325.0,83.39853300733496,1,0,132.07573584879245,False,0
1407,a,b,W,26120,341,62,39,a,1,1,0,0,0,0,0,0,400,400,0,1,0,0,1,0.0,200.0,76.37426900584795,1,0,73.24616030891995,False,0
1408,a,b,W,11160,543,-41,7,a,0,0,0,0,0,0,0,0,0,0,0,0,0,0,0,0.0,0.0,20.514705882352942,0,0,41.593268686170845,False,0
1409,a,b,W,11830,201,-27,-18,a,0,0,0,0,0,0,0,0,0,0,0,0,0,0,0,0.0,0.0,58.56435643564357,0,1,32.449961479175904,False,0
1410,a,b,W,12150,361,-36,-29,a,0,0,0,0,0,0,0,0,0,0,0,0,0,0,0,0.0,0.0,33.56353591160221,0,1,46.22769732530488,False,0
1411,a,b,W,12180,351,-24,44,a,0,0,0,0,0,0,0,0,0,0,0,0,0,0,0,0.0,0.0,34.60227272727273,0,0,50.11985634456667,False,0
1412,a,b,W,14980,267,-7,9,a,0,0,0,0,0,0,0,0,0,0,0,0,0,0,0,0.0,0.0,55.8955223880597,0,0,11.40175425099138,False,0
1413,a,b,W,44150,951,134,88,a,0,0,0,0,0,0,0,0,0,0,0,0,0,0,0,0.0,0.0,46.37605042016807,1,0,160.31219541881399,False,0
1414,a,b,W,32670,476,103,95,a,1,1,0,0,0,0,0,0,800,800,0,1,0,0,1,0.0,400.0,68.49056603773585,1,0,140.12137595670404,False,0
1415,a,b,W,17470,643,-9,23,a,1,1,0,0,0,0,0,0,300,300,0,1,0,0,1,0.0,150.0,27.127329192546583,0,0,24.698178070456937,False,0
1416,a,b,N,12840,471,37,51,a,1,1,0,0,0,0,0,0,200,200,0,1,0,0,1,0.0,100.0,27.203389830508474,1,0,63.00793600809346,False,0
1417,a,b,N,12260,413,31,32,a,1,1,0,0,0,0,0,0,200,200,0,1,0,0,1,0.0,100.0,29.613526570048307,1,0,44.553338819890925,False,0
1418,a,b,N,6010,329,-36,5,a,0,0,0,0,0,0,0,0,0,0,0,0,0,0,0,0.0,0.0,18.21212121212121,0,0,36.345563690772494,False,0
1419,a,b,N,9450,349,1,12,a,0,0,0,0,0,0,0,0,0,0,0,0,0,0,0,0.0,0.0,27.0,1,0,12.041594578792296,False,0
1420,a,b,N,10890,283,16,-9,a,0,0,0,0,0,0,0,0,0,0,0,0,0,0,0,0.0,0.0,38.34507042253521,0,0,18.35755975068582,False,0
1421,a,b,N,7780,291,-17,-7,a,0,0,0,0,0,0,0,0,0,0,0,0,0,0,0,0.0,0.0,26.643835616438356,0,1,18.384776310850235,False,0
1422,a,b,N,9430,123,22,-38,a,1,1,0,0,0,0,0,0,400,400,0,1,0,0,1,0.0,200.0,76.04838709677419,0,0,43.9089968002003,False,0
1423,a,a,N,9220,277,-2,-11,a,0,0,0,0,0,0,0,0,0,0,0,0,0,0,0,0.0,0.0,33.16546762589928,0,1,11.180339887498949,True,0
1424,a,a,N,5590,261,-40,-16,a,1,1,0,0,0,0,0,0,300,300,0,1,0,0,1,0.0,150.0,21.33587786259542,0,1,43.08131845707603,True,0
1425,a,a,N,5030,125,-28,-29,a,0,0,0,0,0,0,0,0,0,0,0,0,0,0,0,0.0,0.0,39.92063492063492,0,1,40.311288741492746,True,0
1426,a,a,N,7330,102,5,-42,a,0,0,0,0,0,0,0,0,0,0,0,0,0,0,0,0.0,0.0,71.16504854368932,0,0,42.2965719651132,True,0
1427,a,a,N,5480,223,-21,27,a,0,0,0,0,0,0,0,0,0,0,0,0,0,0,0,0.0,0.0,24.464285714285715,0,0,34.20526275297414,True,0
1428,a,a,N,10970,342,17,9,a,1,1,0,0,0,0,0,0,500,500,0,1,0,0,1,0.0,250.0,31.982507288629737,1,0,19.235384061671343,True,0
1429,a,a,N,3320,98,-52,-44,a,0,0,0,0,0,0,0,0,0,0,0,0,0,0,0,0.0,0.0,33.535353535353536,0,1,68.11754546370561,True,0
1430,a,a,N,2910,80,-58,-54,a,0,0,0,0,0,0,0,0,0,0,0,0,0,0,0,0.0,0.0,35.925925925925924,0,1,79.2464510246358,True,0
1431,a,a,N,8510,104,22,-38,a,0,0,0,0,0,0,0,0,0,0,0,0,0,0,0,0.0,0.0,81.04761904761905,0,0,43.9089968002003,True,0
1432,a,a,N,7410,133,6,-20,a,0,0,0,0,0,0,0,0,0,0,0,0,0,0,0,0.0,0.0,55.298507462686565,0,0,20.8806130178211,True,0
1433,a,a,N,6470,98,-7,-41,a,0,0,0,0,0,0,0,0,0,0,0,0,0,0,0,0.0,0.0,65.35353535353535,0,1,41.593268686170845,True,0
1434,a,a,N,5840,102,-17,-39,a,0,0,0,0,0,0,0,0,0,0,0,0,0,0,0,0.0,0.0,56.699029126213595,0,1,42.5440947723653,True,0
1435,a,a,N,6980,85,0,-49,a,0,0,0,0,0,0,0,0,0,0,0,0,0,0,0,0.0,0.0,81.16279069767442,0,0,49.0,True,0
1436,a,a,N,4810,142,-49,-56,a,0,0,0,0,0,0,0,0,0,0,0,0,0,0,0,0.0,0.0,33.63636363636363,0,1,74.41102068914255,True,0
1437,a,a,N,8540,82,22,-51,a,2,1,1,0,0,0,0,0,2600,2000,0,1,0,0,2,0.0,866.6666666666666,102.89156626506023,0,0,55.54277630799526,True,0
1438,a,a,N,3580,84,-49,-50,a,0,0,0,0,0,0,0,0,0,0,0,0,0,0,0,0.0,0.0,42.11764705882353,0,1,70.00714249274856,True,0
1439,a,b,N,6450,163,-30,-48,a,0,0,0,0,0,0,0,0,0,0,0,0,0,0,0,0.0,0.0,39.329268292682926,0,1,56.60388679233962,False,0
1440,a,b,N,2000,130,-78,-58,a,0,0,0,0,0,0,0,0,0,0,0,0,0,0,0,0.0,0.0,15.267175572519085,0,1,97.20082304178294,False,0
1441,a,b,N,4120,67,-40,-59,a,0,0,0,0,0,0,0,0,0,0,0,0,0,0,0,0.0,0.0,60.588235294117645,0,1,71.28113354878694,False,0
1442,a,b,W,3560,83,-79,-67,a,0,0,0,0,0,0,0,0,0,0,0,0,0,0,0,0.0,0.0,42.38095238095238,0,1,103.58571330062848,False,0
1443,a,b,W,6340,102,-62,-60,a,0,0,0,0,0,0,0,0,0,0,0,0,0,0,0,0.0,0.0,61.55339805825243,0,1,86.27861844049197,False,0
1444,a,b,W,7680,253,-59,-60,a,0,0,0,0,0,0,0,0,0,0,0,0,0,0,0,0.0,0.0,30.236220472440944,0,1,84.1486779456457,False,0
1445,a,b,W,7920,178,-53,-30,a,0,0,0,0,0,0,0,0,0,0,0,0,0,0,0,0.0,0.0,44.245810055865924,0,1,60.90155991434045,False,0
1446,a,b,W,8720,175,-48,-31,a,0,0,0,0,0,0,0,0,0,0,0,0,0,0,0,0.0,0.0,49.54545454545455,0,1,57.14017850864661,False,0
1447,a,b,N,10920,136,58,-16,a,1,1,0,0,0,0,0,0,200,200,0,1,0,0,1,0.0,100.0,79.7080291970803,0,0,60.166435825965294,False,0
1448,a,b,N,9870,363,8,16,a,1,0,1,0,0,0,0,0,8000,8000,0,1,0,0,1,0.0,4000.0,27.115384615384617,1,0,17.88854381999832,False,0
1449,a,b,N,6690,163,-3,0,a,0,0,0,0,0,0,0,0,0,0,0,0,0,0,0,0.0,0.0,40.792682926829265,0,0,3.0,False,0
1450,a,b,N,5820,308,-37,-1,a,0,0,0,0,0,0,0,0,0,0,0,0,0,0,0,0.0,0.0,18.83495145631068,0,1,37.013511046643494,False,0
1451,a,b,N,12520,321,37,3,a,0,0,0,0,0,0,0,0,0,0,0,0,0,0,0,0.0,0.0,38.88198757763975,1,0,37.12142238654117,False,0
1452,a,b,N,8820,280,-4,-10,a,0,0,0,0,0,0,0,0,0,0,0,0,0,0,0,0.0,0.0,31.387900355871885,0,1,10.770329614269007,False,0
1453,a,b,N,10540,321,15,3,a,0,0,0,0,0,0,0,0,0,0,0,0,0,0,0,0.0,0.0,32.732919254658384,1,0,15.297058540778355,False,0
1454,a,b,N,16010,446,75,43,a,0,0,0,0,0,0,0,0,0,0,0,0,0,0,0,0.0,0.0,35.8165548098434,1,0,86.45229898620394,False,0
1455,a,b,W,17610,228,5,-13,a,0,0,0,0,0,0,0,0,0,0,0,0,0,0,0,0.0,0.0,76.8995633187773,0,0,13.92838827718412,False,0
1456,a,b,W,13930,423,-26,-32,a,0,0,0,0,0,0,0,0,0,0,0,0,0,0,0,0.0,0.0,32.85377358490566,0,1,41.23105625617661,False,0
1457,a,b,N,15290,436,75,47,a,0,0,0,0,0,0,0,0,0,0,0,0,0,0,0,0.0,0.0,34.98855835240275,1,0,88.50988645343524,False,0
1458,a,b,N,14190,384,62,30,a,0,0,0,0,0,0,0,0,0,0,0,0,0,0,0,0.0,0.0,36.857142857142854,1,0,68.87670143089025,False,0
1459,a,b,N,11730,336,34,13,a,0,0,0,0,0,0,0,0,0,0,0,0,0,0,0,0.0,0.0,34.80712166172107,1,0,36.40054944640259,False,0
1460,a,b,W,9670,277,-48,-56,a,0,0,0,0,0,0,0,0,0,0,0,0,0,0,0,0.0,0.0,34.78417266187051,0,1,73.7563556583431,False,0
1461,a,b,W,14180,348,-24,-44,a,0,0,0,0,0,0,0,0,0,0,0,0,0,0,0,0.0,0.0,40.63037249283668,0,1,50.11985634456667,False,0
1462,a,b,W,48240,565,187,116,a,0,0,0,0,0,0,0,0,0,0,0,0,0,0,0,0.0,0.0,85.22968197879858,1,0,220.05681084665386,False,0
1463,a,b,W,5680,210,-66,-20,a,0,0,0,0,0,0,0,0,0,0,0,0,0,0,0,0.0,0.0,26.919431279620852,0,1,68.96375859826666,False,0
1464,a,b,W,9590,222,-49,-64,a,1,1,0,0,0,0,0,0,300,300,0,1,0,0,1,0.0,150.0,43.00448430493274,0,1,80.60397012554654,False,0
1465,a,b,W,5930,120,-65,-54,a,0,0,0,0,0,0,0,0,0,0,0,0,0,0,0,0.0,0.0,49.00826446280992,0,1,84.50443775329198,False,0
1466,a,b,W,4170,224,-78,-64,a,0,0,0,0,0,0,0,0,0,0,0,0,0,0,0,0.0,0.0,18.533333333333335,0,1,100.89598604503551,False,0
1467,a,b,W,30740,318,83,22,a,1,1,0,0,0,0,0,0,900,900,0,1,0,0,1,0.0,450.0,96.36363636363636,1,0,85.86617494683223,False,0
1468,a,b,W,29990,354,79,35,a,1,1,0,0,0,0,0,0,400,400,0,1,0,0,1,0.0,200.0,84.47887323943662,1,0,86.4060183089118,False,0
1469,a,b,W,16330,449,-13,-28,a,0,0,0,0,0,0,0,0,0,0,0,0,0,0,0,0.0,0.0,36.28888888888889,0,1,30.870698080866262,False,0
1470,a,b,W,17000,336,1,28,a,0,0,0,0,0,0,0,0,0,0,0,0,0,0,0,0.0,0.0,50.445103857566764,1,0,28.0178514522438,False,0
1471,a,a,W,9840,421,-43,-28,a,0,0,0,0,0,0,0,0,0,0,0,0,0,0,0,0.0,0.0,23.317535545023695,0,1,51.31276644267,True,0
1472,a,a,W,17050,404,-2,-30,a,1,1,0,0,0,0,0,0,700,700,0,1,0,0,1,0.0,350.0,42.098765432098766,0,1,30.066592756745816,True,0
1473,a,a,W,26220,707,51,22,a,0,0,0,0,0,0,0,0,0,0,0,0,0,0,0,0.0,0.0,37.03389830508475,1,0,55.54277630799526,True,0
1474,a,a,W,26800,657,54,13,a,0,0,0,0,0,0,0,0,0,0,0,0,0,0,0,0.0,0.0,40.72948328267477,1,0,55.54277630799526,True,0
1475,a,a,W,31690,656,82,13,a,0,0,0,0,0,0,0,0,0,0,0,0,0,0,0,0.0,0.0,48.23439878234399,1,0,83.02409288875127,True,0
1476,a,a,W,30110,868,73,49,a,1,0,1,0,0,0,0,0,4000,4000,0,1,0,0,1,0.0,2000.0,34.64902186421174,1,0,87.92041856133307,True,0
1477,a,a,W,13710,613,-21,6,a,0,0,0,0,0,0,0,0,0,0,0,0,0,0,0,0.0,0.0,22.32899022801303,0,0,21.840329667841555,True,0
1478,a,a,W,15300,242,-2,-4,a,1,1,0,0,0,0,0,0,400,400,0,1,0,0,1,0.0,200.0,62.96296296296296,0,1,4.47213595499958,True,0
1479,a,a,W,15300,293,-2,15,a,0,0,0,0,0,0,0,0,0,0,0,0,0,0,0,0.0,0.0,52.04081632653061,0,0,15.132745950421556,True,0
1480,a,a,W,10100,295,-35,16,a,0,0,0,0,0,0,0,0,0,0,0,0,0,0,0,0.0,0.0,34.12162162162162,0,0,38.48376280978771,True,0
1481,a,a,N,10670,223,47,38,a,0,0,0,0,0,0,0,0,0,0,0,0,0,0,0,0.0,0.0,47.63392857142857,1,0,60.440052945046304,True,0
1482,a,a,N,9920,221,37,36,a,0,0,0,0,0,0,0,0,0,0,0,0,0,0,0,0.0,0.0,44.68468468468468,1,0,51.62363799656123,True,0
1483,a,a,N,5280,294,-40,-1,a,0,0,0,0,0,0,0,0,0,0,0,0,0,0,0,0.0,0.0,17.89830508474576,0,1,40.01249804748511,True,0
1484,a,a,N,11800,185,63,14,a,0,0,0,0,0,0,0,0,0,0,0,0,0,0,0,0.0,0.0,63.44086021505376,1,0,64.53681120105021,True,0
1485,a,a,N,22200,685,153,130,a,1,0,1,0,0,0,0,0,3000,3000,0,1,0,0,1,0.0,1500.0,32.36151603498542,1,0,200.7710138441304,True,0
1486,a,a,N,19560,659,123,121,a,1,1,0,0,0,0,0,0,700,700,0,1,0,0,1,0.0,350.0,29.636363636363637,1,0,172.53985046939155,True,0
1487,a,a,W,17670,538,4,-3,a,0,0,0,0,0,0,0,0,0,0,1,0,0,0,0,0.0,0.0,32.782931354359924,0,0,5.0,True,0
1488,a,a,W,16290,463,-4,-17,a,1,0,0,1,0,0,0,0,20000,20000,0,1,0,1,0,0.5,10000.0,35.10775862068966,0,1,17.46424919657298,True,0
1489,a,a,W,10160,437,-40,-21,a,0,0,0,0,0,0,0,0,0,0,0,0,0,0,0,0.0,0.0,23.19634703196347,0,1,45.17742799230607,True,0
1490,a,a,W,10050,342,-41,-39,a,0,0,0,0,0,0,0,0,0,0,0,0,0,0,0,0.0,0.0,29.300291545189506,0,1,56.586217403180434,True,0
1491,a,a,W,8210,351,-52,-37,a,0,0,0,0,0,0,0,0,0,0,0,0,0,0,0,0.0,0.0,23.323863636363637,0,1,63.8200595424354,True,0
1492,a,a,W,8880,309,-48,-44,a,0,0,0,0,0,0,0,0,0,0,0,0,0,0,0,0.0,0.0,28.64516129032258,0,1,65.11528238439882,True,0
1493,a,a,W,29730,472,283,120,a,0,0,0,0,0,0,0,0,0,0,0,0,0,0,0,0.0,0.0,62.854122621564485,1,0,307.3906309567681,True,0
1494,a,a,W,13540,437,-20,-21,a,0,0,0,0,0,0,0,0,0,0,0,0,0,0,0,0.0,0.0,30.91324200913242,0,1,29.0,True,0
1495,b,a,W,20860,470,180,131,a,0,0,0,0,0,0,0,0,0,0,1,0,0,0,0,0.0,0.0,44.288747346072185,1,0,222.62299971027252,False,0
1496,b,a,W,13960,293,-12,12,a,1,0,0,1,0,0,0,0,30000,30000,0,1,0,1,0,0.5,15000.0,47.48299319727891,0,0,16.97056274847714,False,0
1497,b,a,W,24880,527,85,37,a,0,0,0,0,0,0,0,0,0,0,0,0,0,0,0,0.0,0.0,47.121212121212125,1,0,92.70382947861431,False,0
1498,b,a,W,33640,699,150,81,a,0,0,0,0,0,0,0,0,0,0,0,0,0,0,0,0.0,0.0,48.05714285714286,1,0,170.47287174210447,False,0
1499,b,a,W,29790,695,121,80,a,0,0,0,0,0,0,0,0,0,0,0,0,0,0,0,0.0,0.0,42.80172413793103,1,0,145.0551619212498,False,0
1500,b,a,W,29500,794,119,106,a,0,0,0,0,0,0,0,0,0,0,1,0,0,0,0,0.0,0.0,37.106918238993714,1,0,159.3643623900902,False,0
1501,b,a,W,26780,1003,99,160,a,1,0,0,1,0,0,0,0,60000,60000,0,1,0,1,0,0.5,30000.0,26.673306772908365,1,0,188.1515346735179,False,0
1502,b,a,W,19370,715,44,85,a,0,0,0,0,0,0,0,0,0,0,0,0,0,0,0,0.0,0.0,27.053072625698324,1,0,95.71311299921238,False,0
1503,b,a,W,22910,629,72,62,a,0,0,0,0,0,0,0,0,0,0,0,0,0,0,0,0.0,0.0,36.36507936507937,1,0,95.01578816175763,False,0
1504,b,a,W,16240,673,22,74,a,0,0,0,0,0,0,0,0,0,0,0,0,0,0,0,0.0,0.0,24.094955489614243,1,0,77.20103626247513,False,0
1505,b,a,W,27960,740,110,91,a,0,0,0,0,0,0,0,0,0,0,0,0,0,0,0,0.0,0.0,37.73279352226721,1,0,142.76203977248295,False,0
1506,b,a,W,39760,783,198,102,a,1,1,0,0,0,0,0,0,900,900,0,1,0,0,1,0.0,450.0,50.714285714285715,1,0,222.72853431924702,False,0
1507,b,a,W,22460,732,69,89,a,1,1,0,0,0,0,0,0,400,400,0,1,0,0,1,0.0,200.0,30.641200545702592,1,0,112.61438629233834,False,0
1508,b,a,W,11320,514,-15,33,a,0,0,0,0,0,0,0,0,0,0,0,0,0,0,0,0.0,0.0,21.980582524271846,0,0,36.24913792078372,False,0
1509,b,a,W,16320,454,23,17,a,0,0,0,0,0,0,0,0,0,0,0,0,0,0,0,0.0,0.0,35.86813186813187,1,0,28.600699292150182,False,0
1510,b,a,W,23490,595,76,54,a,1,0,1,0,0,0,0,0,1000,1000,0,1,0,0,1,0.0,500.0,39.41275167785235,1,0,93.23089616645332,False,0
1511,b,a,W,13260,563,-8,36,a,0,0,0,0,0,0,0,0,0,0,0,0,0,0,0,0.0,0.0,23.51063829787234,0,0,36.87817782917155,False,0
1512,b,a,W,14300,431,0,4,a,2,0,2,0,0,0,0,0,8000,6000,0,1,0,0,2,0.0,2666.6666666666665,33.101851851851855,0,0,4.0,False,0
1513,b,a,W,12160,364,-15,-12,a,0,0,0,0,0,0,0,0,0,0,0,0,0,0,0,0.0,0.0,33.31506849315068,0,1,19.209372712298546,False,0
1514,b,a,W,12030,308,-16,-26,a,0,0,0,0,0,0,0,0,0,0,0,0,0,0,0,0.0,0.0,38.932038834951456,0,1,30.528675044947494,False,0
1515,b,a,W,17050,367,19,-12,a,0,0,0,0,0,0,0,0,0,0,0,0,0,0,0,0.0,0.0,46.33152173913044,0,0,22.47220505424423,False,0
1516,b,a,W,62880,826,338,99,b,1,1,0,0,0,0,0,0,700,700,0,1,0,0,1,0.0,350.0,76.03385731559855,1,0,352.2002271435951,False,0
1517,b,a,W,45070,1016,214,145,a,0,0,0,0,0,0,0,0,0,0,0,0,0,0,0,0.0,0.0,44.31661750245821,1,0,258.4975821937219,False,0
1518,b,a,W,27960,804,95,94,a,0,0,0,0,0,0,0,0,0,0,0,0,0,0,0,0.0,0.0,34.732919254658384,1,0,133.64505228402584,False,0
1519,b,b,W,25930,631,70,43,b,0,0,0,0,0,0,0,0,0,0,0,0,0,0,0,0.0,0.0,41.028481012658226,1,0,82.15229759416349,True,0
1520,b,b,W,41230,487,152,70,a,1,1,0,0,0,0,0,0,400,400,0,1,0,0,1,0.0,200.0,84.48770491803279,1,0,167.3439571660716,False,0
1521,b,b,W,33430,518,105,80,a,0,0,0,0,0,0,0,0,0,0,0,0,0,0,0,0.0,0.0,64.41233140655106,1,0,132.00378782444085,False,0
1522,b,b,W,42220,515,159,79,a,0,0,0,0,0,0,0,0,0,0,1,0,0,0,0,0.0,0.0,81.82170542635659,1,0,177.54436065389405,False,0
1523,b,b,W,37590,1115,146,153,b,1,0,0,1,0,0,0,0,40000,40000,0,1,0,1,0,0.5,20000.0,33.68279569892473,1,0,211.482859825566,True,0
1524,b,b,W,22450,568,47,29,b,0,0,0,0,0,0,0,0,0,0,0,0,0,0,0,0.0,0.0,39.45518453427065,1,0,55.226805085936306,True,0
1525,b,b,W,23790,589,56,34,b,0,0,0,0,0,0,0,0,0,0,0,0,0,0,0,0.0,0.0,40.32203389830509,1,0,65.5133574166368,True,0
1526,b,b,W,43780,529,168,84,a,1,0,1,0,0,0,0,0,1000,1000,0,1,0,0,1,0.0,500.0,82.60377358490567,1,0,187.82971010998233,False,0
1527,b,b,W,44010,961,167,109,b,1,1,0,0,0,0,0,0,500,500,0,1,0,0,1,0.0,250.0,45.74844074844075,1,0,199.42417105255822,True,0
1528,b,b,W,32500,873,97,90,b,1,1,0,0,0,0,0,0,300,300,0,1,0,0,1,0.0,150.0,37.18535469107552,1,0,132.32157798333574,True,0
1529,b,b,W,54860,989,233,115,b,0,0,0,0,0,0,0,0,0,0,0,0,0,0,0,0.0,0.0,55.41414141414141,1,0,259.83456275099354,True,0
1530,b,b,W,60140,800,267,181,a,2,0,2,0,0,0,0,0,3000,2000,0,1,0,0,2,0.0,1000.0,75.08114856429464,1,0,322.56782232578627,False,0
1531,b,b,W,45520,1214,177,164,b,0,0,0,0,0,0,0,0,0,0,0,0,0,0,0,0.0,0.0,37.465020576131685,1,0,241.29857024027308,True,0
1532,b,b,W,72090,1139,338,147,b,0,0,0,0,0,0,0,0,0,0,0,0,0,0,0,0.0,0.0,63.23684210526316,1,0,368.5824195481928,True,0
1533,b,b,W,61310,931,274,227,b,1,0,1,0,0,0,0,0,3000,3000,0,1,0,0,1,0.0,1500.0,65.78326180257511,1,0,355.81596366661233,True,0
1534,b,b,W,65800,1634,300,255,b,0,0,0,0,0,0,0,0,0,0,0,0,0,0,0,0.0,0.0,40.24464831804281,1,0,393.7321424522006,True,0
1535,b,b,W,40130,1324,120,162,b,2,2,0,0,0,0,0,0,1100,600,0,1,0,0,2,0.0,366.6666666666667,30.286792452830188,1,0,201.6035713969373,True,0
1536,b,b,N,30840,1022,235,235,b,0,0,0,0,0,0,0,0,0,0,0,0,0,0,0,0.0,0.0,30.146627565982406,1,0,332.34018715767735,True,0
1537,b,b,W,22820,833,25,65,b,0,0,0,0,0,0,0,0,0,0,0,0,0,0,0,0.0,0.0,27.362110311750598,1,0,69.6419413859206,True,0
1538,b,b,W,23750,442,32,44,b,1,1,0,0,0,0,0,0,600,600,0,1,0,0,1,0.0,300.0,53.6117381489842,1,0,54.405882034941776,True,0
1539,b,b,W,23260,746,27,48,b,0,0,0,0,0,0,0,0,0,0,0,0,0,0,0,0.0,0.0,31.137884872824632,1,0,55.072679252057455,True,0
1540,b,b,W,50860,982,178,94,b,0,0,0,0,0,0,0,0,0,0,0,0,0,0,0,0.0,0.0,51.739572736520856,1,0,201.2958022413781,True,0
1541,b,b,W,75890,1742,315,245,b,1,0,1,0,0,0,0,0,1000,1000,0,1,0,0,1,0.0,500.0,43.53987378083764,1,0,399.06139878469827,True,0
1542,b,b,W,48130,1330,163,163,b,0,0,0,0,0,0,0,0,0,0,0,0,0,0,0,0.0,0.0,36.160781367392936,1,0,230.5168106668145,True,0
1543,b,b,W,24490,1079,10,82,a,0,0,0,0,0,0,0,0,0,0,0,0,0,0,0,0.0,0.0,22.675925925925927,1,0,82.60750571225353,False,0
1544,b,b,W,32180,934,44,57,a,1,1,0,0,0,0,0,0,400,400,0,1,0,0,1,0.0,200.0,34.41711229946524,1,0,72.00694410957877,False,0
1545,b,b,W,40560,1130,82,90,a,2,2,0,0,0,0,0,0,1200,700,0,1,0,0,2,0.0,400.0,35.86206896551724,1,0,121.75385004179539,False,0
1546,b,b,W,50130,1613,125,172,a,2,2,0,0,0,0,0,0,1100,600,0,1,0,0,2,0.0,366.6666666666667,31.059479553903344,1,0,212.6240814207083,False,0
1547,b,b,W,58100,1267,161,113,a,1,1,0,0,0,0,0,0,300,300,0,1,0,0,1,0.0,150.0,45.82018927444795,1,0,196.69773765857096,False,0
1548,b,b,W,30610,1260,37,112,a,1,1,0,0,0,0,0,0,300,300,0,1,0,0,1,0.0,150.0,24.274385408406026,1,0,117.95338062132852,False,0
1549,b,b,W,61620,1211,176,104,a,0,0,0,0,0,0,0,0,0,0,1,0,0,0,0,0.0,0.0,50.84158415841584,1,0,204.4309174268902,False,0
1550,b,b,W,90960,2039,308,243,b,2,0,1,1,0,0,0,0,32000,30000,0,1,0,1,1,0.3333333333333333,10666.666666666666,44.588235294117645,1,0,392.3174734828924,True,0
1551,b,b,W,91210,2362,267,255,a,0,0,0,0,0,0,0,0,0,0,0,0,0,0,0,0.0,0.0,38.59923825645366,1,0,369.2072588668863,False,0
1552,b,b,W,66780,2022,169,204,a,0,0,0,0,0,0,0,0,0,0,0,0,0,0,0,0.0,0.0,33.01038062283737,1,0,264.90941848111027,False,0
1553,b,b,W,46640,1439,88,116,a,0,0,0,0,0,0,0,0,0,0,1,0,0,0,0,0.0,0.0,32.388888888888886,1,0,145.60219778561037,False,0
1554,b,b,W,53730,1444,116,117,a,1,0,0,1,0,0,0,0,80000,80000,0,1,0,1,0,0.5,40000.0,37.18339100346021,1,0,164.7573974060042,False,0
1555,b,b,W,56690,800,158,115,b,1,0,1,0,0,0,0,0,1000,1000,0,1,0,0,1,0.0,500.0,70.77403245942571,1,0,195.420060382756,True,0
1556,b,b,W,45680,1276,84,92,a,1,1,0,0,0,0,0,0,500,500,0,1,0,0,1,0.0,250.0,35.77133907595928,1,0,124.57929201917949,False,0
1557,b,b,W,63390,1039,188,179,a,1,0,1,0,0,0,0,0,7000,7000,0,1,0,0,1,0.0,3500.0,60.95192307692308,1,0,259.5862091868518,False,0
1558,b,b,W,42350,1625,70,144,a,0,0,0,0,0,0,0,0,0,0,0,0,0,0,0,0.0,0.0,26.04551045510455,1,0,160.11246047700348,False,0
1559,b,b,N,32410,1205,252,295,b,0,0,0,0,0,0,0,0,0,0,0,0,0,0,0,0.0,0.0,26.87396351575456,1,0,387.98066962156764,True,0
1560,b,b,N,21540,862,134,182,b,2,1,1,0,0,0,0,0,4200,4000,0,1,0,0,2,0.0,1400.0,24.95944380069525,1,0,226.00884938426637,True,0
1561,b,b,W,24510,845,-16,9,b,0,0,0,0,0,0,0,0,0,0,0,0,0,0,0,0.0,0.0,28.97163120567376,0,0,18.35755975068582,True,0
1562,b,b,W,47370,1333,62,71,b,0,0,0,0,0,0,0,0,0,0,0,0,0,0,0,0.0,0.0,35.50974512743628,1,0,94.26027795418386,True,0
1563,b,b,W,30730,890,5,14,b,0,0,0,0,0,0,0,0,0,0,0,0,0,0,0,0.0,0.0,34.48933782267115,1,0,14.866068747318506,True,0
1564,b,b,W,22550,859,-23,10,b,1,1,0,0,0,0,0,0,300,300,0,1,0,0,1,0.0,150.0,26.22093023255814,0,0,25.079872407968907,True,0
1565,b,b,W,19790,825,-32,6,b,1,1,0,0,0,0,0,0,400,400,0,1,0,0,1,0.0,200.0,23.958837772397093,0,0,32.55764119219941,True,0
1566,b,b,W,17960,780,-38,0,b,0,0,0,0,0,0,0,0,0,0,0,0,0,0,0,0.0,0.0,22.99615877080666,0,0,38.0,True,0
1567,b,b,W,20160,688,-40,-25,b,0,0,0,0,0,0,0,0,0,0,0,0,0,0,0,0.0,0.0,29.25979680696662,0,1,47.16990566028302,True,0
1568,b,b,W,9730,488,-71,-47,b,0,0,0,0,0,0,0,0,0,0,0,0,0,0,0,0.0,0.0,19.897750511247445,0,1,85.14693182963201,True,0
1569,b,b,W,21060,588,-37,-36,b,0,0,0,0,0,0,0,0,0,0,1,0,0,0,0,0.0,0.0,35.75551782682513,0,1,51.62363799656123,True,0
1570,b,b,W,74960,1471,124,60,b,1,0,0,1,0,0,0,0,10000,10000,0,1,0,1,0,0.5,5000.0,50.92391304347826,1,0,137.7534028617805,True,0
1571,b,b,W,45650,664,55,34,b,0,0,0,0,0,0,0,0,0,0,0,0,0,0,0,0.0,0.0,68.64661654135338,1,0,64.66065264130884,True,0
1572,b,b,W,31160,1133,-7,23,b,1,0,1,0,0,0,0,0,5000,5000,0,1,0,0,1,0.0,2500.0,27.47795414462081,0,0,24.041630560342615,True,0
1573,b,b,W,31240,836,-7,-9,b,1,0,1,0,0,0,0,0,2000,2000,0,1,0,0,1,0.0,1000.0,37.323775388291516,0,1,11.40175425099138,True,0
1574,b,b,W,28930,948,-13,3,b,0,0,0,0,0,0,0,0,0,0,0,0,0,0,0,0.0,0.0,30.48472075869336,0,0,13.341664064126334,True,0
1575,b,b,N,25390,861,176,182,b,0,0,0,0,0,0,0,0,0,0,0,0,0,0,0,0.0,0.0,29.454756380510442,1,0,253.17977802344325,True,0
1576,b,b,N,16500,321,115,96,b,0,0,0,0,0,0,0,0,0,0,0,0,0,0,0,0.0,0.0,51.24223602484472,1,0,149.80320423809366,True,0
1577,b,b,W,18180,609,-47,-36,b,0,0,0,0,0,0,0,0,0,0,0,0,0,0,0,0.0,0.0,29.80327868852459,0,1,59.20304046246274,True,0
1578,b,b,W,23600,704,-31,-26,b,0,0,0,0,0,0,0,0,0,0,0,0,0,0,0,0.0,0.0,33.47517730496454,0,1,40.45985664828782,True,0
1579,b,b,W,21430,776,-37,-19,b,0,0,0,0,0,0,0,0,0,0,0,0,0,0,0,0.0,0.0,27.58043758043758,0,1,41.593268686170845,True,0
1580,b,b,W,69390,1107,104,16,b,2,1,1,0,0,0,0,0,3700,3000,0,1,0,0,2,0.0,1233.3333333333333,62.62635379061372,1,0,105.22357150372724,True,0
1581,b,b,W,48330,1389,42,45,b,0,0,0,0,0,0,0,0,0,0,0,0,0,0,0,0.0,0.0,34.76978417266187,1,0,61.554853586049575,True,0
1582,b,b,W,63800,2116,88,121,b,0,0,0,0,0,0,0,0,0,0,0,0,0,0,0,0.0,0.0,30.136986301369863,1,0,149.61617559608987,True,0
1583,a,b,N,29720,482,287,195,a,0,0,0,0,0,0,0,0,0,0,0,0,0,0,0,0.0,0.0,61.53209109730849,1,0,346.97838549396704,False,0
1584,a,b,N,19500,678,112,122,a,0,0,0,0,0,0,0,0,0,0,0,0,0,0,0,0.0,0.0,28.718703976435936,1,0,165.61400906928134,False,0
1585,a,b,N,21780,944,136,209,a,0,0,0,0,0,0,0,0,0,0,0,0,0,0,0,0.0,0.0,23.047619047619047,1,0,249.35316320431951,False,0
1586,a,b,N,17390,720,89,136,a,0,0,0,0,0,0,0,0,0,0,0,0,0,0,0,0.0,0.0,24.119278779472953,1,0,162.53307355735325,False,0
1587,a,b,N,17670,255,130,56,a,0,0,0,0,0,0,0,0,0,0,0,0,0,0,0,0.0,0.0,69.0234375,1,0,141.54857823376398,False,0
1588,a,b,N,16460,586,79,92,a,0,0,0,0,0,0,0,0,0,0,0,0,0,0,0,0.0,0.0,28.040885860306645,1,0,121.26417442921878,False,0
1589,a,b,N,11240,554,22,82,a,0,0,0,0,0,0,0,0,0,0,0,0,0,0,0,0.0,0.0,20.25225225225225,1,0,84.8999411071645,False,0
1590,a,b,N,12300,424,34,39,a,0,0,0,0,0,0,0,0,0,0,0,0,0,0,0,0.0,0.0,28.941176470588236,1,0,51.73973328110612,False,0
1591,a,b,N,10900,176,34,4,a,1,1,0,0,0,0,0,0,700,700,0,1,0,0,1,0.0,350.0,61.5819209039548,1,0,34.23448553724738,False,0
1592,a,b,N,11230,383,19,22,a,0,0,0,0,0,0,0,0,0,0,0,0,0,0,0,0.0,0.0,29.244791666666668,1,0,29.068883707497267,False,0
1593,a,b,N,9870,360,5,14,a,0,0,0,0,0,0,0,0,0,0,0,0,0,0,0,0.0,0.0,27.34072022160665,1,0,14.866068747318506,False,0
1594,a,b,N,9450,325,0,3,a,0,0,0,0,0,0,0,0,0,0,0,0,0,0,0,0.0,0.0,28.987730061349694,0,0,3.0,False,0
1595,a,b,N,6330,327,-33,4,a,0,0,0,0,0,0,0,0,0,0,0,0,0,0,0,0.0,0.0,19.298780487804876,0,0,33.24154027718932,False,0
1596,a,b,N,14040,408,49,29,a,0,0,0,0,0,0,0,0,0,0,0,0,0,0,0,0.0,0.0,34.32762836185819,1,0,56.938563381947034,False,0
1597,a,b,N,12290,471,30,49,a,1,1,0,0,0,0,0,0,500,500,0,1,0,0,1,0.0,250.0,26.03813559322034,1,0,57.4543296888929,False,0
1598,a,b,N,8190,325,-13,3,a,0,0,0,0,0,0,0,0,0,0,0,0,0,0,0,0.0,0.0,25.12269938650307,0,0,13.341664064126334,False,0
1599,a,a,N,8390,33,262,-65,a,0,0,0,0,0,0,0,0,0,0,0,0,0,0,0,0.0,0.0,246.76470588235293,0,0,269.9425864883124,True,0
1600,a,a,N,5890,301,-43,-13,a,0,0,0,0,0,0,0,0,0,0,0,0,0,0,0,0.0,0.0,19.503311258278146,0,1,44.9221548904324,True,0
1601,a,a,N,4030,262,-61,-24,a,0,0,0,0,0,0,0,0,0,0,0,0,0,0,0,0.0,0.0,15.32319391634981,0,1,65.55150646628954,True,0
1602,a,a,N,7920,248,-23,-28,a,0,0,0,0,0,0,0,0,0,0,0,0,0,0,0,0.0,0.0,31.80722891566265,0,1,36.235341863986875,True,0
1603,a,a,N,6010,215,-41,-38,a,0,0,0,0,0,0,0,0,0,0,0,0,0,0,0,0.0,0.0,27.824074074074073,0,1,55.90169943749474,True,0
1604,a,a,N,8780,178,279,91,a,0,0,0,0,0,0,0,0,0,0,0,0,0,0,0,0.0,0.0,49.05027932960894,1,0,293.4655005277452,True,0
1605,a,a,N,9150,257,-11,-26,a,0,0,0,0,0,0,0,0,0,0,0,0,0,0,0,0.0,0.0,35.46511627906977,0,1,28.231188426986208,True,0
1606,a,a,N,7240,295,-29,-14,a,0,0,0,0,0,0,0,0,0,0,0,0,0,0,0,0.0,0.0,24.45945945945946,0,1,32.202484376209235,True,0
1607,a,a,N,6260,98,-26,-42,a,0,0,0,0,0,0,0,0,0,0,0,0,0,0,0,0.0,0.0,63.23232323232323,0,1,49.39635614091387,True,0
1608,a,a,N,7460,240,-28,-32,a,0,0,0,0,0,0,0,0,0,0,0,0,0,0,0,0.0,0.0,30.95435684647303,0,1,42.5205832509386,True,0
1609,a,a,N,8460,252,-18,-28,a,1,1,0,0,0,0,0,0,200,200,0,1,0,0,1,0.0,100.0,33.43873517786561,0,1,33.28663395418648,True,0
1610,a,a,W,27630,733,-23,-27,a,0,0,0,0,0,0,0,0,0,0,0,0,0,0,0,0.0,0.0,37.643051771117165,0,1,35.4682957019364,True,0
1611,a,a,W,24160,362,-23,-32,a,0,0,0,0,0,0,0,0,0,0,0,0,0,0,0,0.0,0.0,66.5564738292011,0,1,39.408120990476064,True,0
1612,a,a,W,25200,318,-20,-40,a,1,0,1,0,0,0,0,0,1000,1000,1,1,0,0,1,0.0,500.0,78.99686520376176,0,1,44.721359549995796,True,0
1613,a,a,W,94190,2191,161,117,a,5,2,1,2,0,0,0,0,116500,90000,0,1,0,2,3,0.3333333333333333,19416.666666666668,42.96989051094891,1,0,199.0226117806718,True,0
1614,a,a,W,93020,2422,158,140,a,1,1,0,0,0,0,0,0,600,600,0,1,0,0,1,0.0,300.0,38.39042509286009,1,0,211.10187114282053,True,0
1615,b,a,W,46520,1587,25,52,a,0,0,0,0,0,0,0,0,0,0,0,0,0,0,0,0.0,0.0,29.29471032745592,1,0,57.697486947006624,False,0
1616,b,a,W,38530,1232,3,18,a,1,1,0,0,0,0,0,0,700,700,0,1,0,0,1,0.0,350.0,31.24898621248986,1,0,18.24828759089466,False,0
1617,b,a,W,27900,1158,-25,11,a,0,0,0,0,0,0,0,0,0,0,0,0,0,0,0,0.0,0.0,24.072476272648835,0,0,27.313000567495326,False,0
1618,b,a,W,59250,1452,59,39,a,1,1,0,0,0,0,0,0,500,500,0,1,0,0,1,0.0,250.0,40.77770130763937,1,0,70.7248188403477,False,0
1619,b,a,W,108280,2157,190,106,a,2,1,1,0,0,0,0,0,9500,9000,0,1,0,0,2,0.0,3166.6666666666665,50.17608897126969,1,0,217.56838005555863,False,0
1620,b,a,W,59410,1552,59,48,a,2,2,0,0,0,0,0,0,900,600,0,1,0,0,2,0.0,300.0,38.254990341274954,1,0,76.05918747922567,False,0
1621,b,a,W,22840,842,146,311,b,0,0,0,0,0,0,0,0,0,0,0,0,0,0,0,0.0,0.0,27.09371293001186,1,0,343.56513210743606,False,0
1622,b,a,W,21200,794,-43,-24,a,1,1,0,0,0,0,0,0,200,200,0,1,0,0,1,0.0,100.0,26.666666666666668,0,1,49.24428900898052,False,0
1623,b,a,W,38330,1042,-1,-3,a,1,1,0,0,0,0,0,0,600,600,0,1,0,0,1,0.0,300.0,36.74976030680729,0,1,3.1622776601683795,False,0
1624,b,a,W,90650,2005,135,86,a,2,0,2,0,0,0,0,0,4000,3000,0,1,0,0,2,0.0,1333.3333333333333,45.189431704885344,1,0,160.0656115472652,False,0
1625,b,a,W,49660,747,48,36,a,0,0,0,0,0,0,0,0,0,0,0,0,0,0,0,0.0,0.0,66.3903743315508,1,0,60.0,False,0
1626,b,a,W,27810,499,-17,-9,a,0,0,0,0,0,0,0,0,0,0,0,0,0,0,0,0.0,0.0,55.62,0,1,19.235384061671343,False,0
1627,b,a,W,16470,668,-57,-38,a,0,0,0,0,0,0,0,0,0,0,0,0,0,0,0,0.0,0.0,24.618834080717487,0,1,68.5054742338158,False,0
1628,b,a,W,35300,816,-9,-24,a,0,0,0,0,0,0,0,0,0,0,0,0,0,0,0,0.0,0.0,43.20685434516524,0,1,25.632011235952593,False,0
1629,b,a,W,66320,1644,72,53,a,2,0,2,0,0,0,0,0,6000,5000,0,1,0,0,2,0.0,2000.0,40.3161094224924,1,0,89.40357934669059,False,0
1630,b,a,W,26460,554,-21,1,a,1,0,1,0,0,0,0,0,1000,1000,0,1,0,0,1,0.0,500.0,47.67567567567568,0,0,21.02379604162864,False,0
1631,b,b,W,16680,586,-59,-49,a,1,1,0,0,0,0,0,0,100,100,0,1,0,0,1,0.0,50.0,28.415672913117547,0,1,76.69419795525604,False,0
1632,b,b,W,20140,248,-43,-57,a,1,0,1,0,0,0,0,0,3000,3000,0,1,0,0,1,0.0,1500.0,80.88353413654619,0,1,71.40028011149536,False,0
1633,b,b,W,14890,540,-64,-53,a,0,0,0,0,0,0,0,0,0,0,0,0,0,0,0,0.0,0.0,27.523105360443623,0,1,83.09632964216891,False,0
1634,b,b,W,29520,779,-28,-32,a,0,0,0,0,0,0,0,0,0,0,0,0,0,0,0,0.0,0.0,37.84615384615385,0,1,42.5205832509386,False,0
1635,b,b,W,55200,1259,35,9,a,1,0,1,0,0,0,0,0,4000,4000,1,1,0,0,1,0.0,2000.0,43.80952380952381,1,0,36.138621999185304,False,0
1636,b,b,W,43900,853,24,48,a,1,0,0,1,0,0,0,0,80000,80000,0,1,0,1,0,0.5,40000.0,51.405152224824356,1,0,53.665631459994955,False,0
1637,b,b,W,28150,1047,-31,-9,a,0,0,0,0,0,0,0,0,0,0,0,0,0,0,0,0.0,0.0,26.860687022900763,0,1,32.28002478313795,False,0
1638,b,b,W,18540,896,-55,-22,a,0,0,0,0,0,0,0,0,0,0,0,0,0,0,0,0.0,0.0,20.668896321070235,0,1,59.23681287847955,False,0
1639,b,b,N,16470,661,60,88,a,0,0,0,0,0,0,0,0,0,0,0,0,0,0,0,0.0,0.0,24.87915407854985,1,0,106.50821564555478,False,0
1640,b,b,N,16440,644,59,83,a,0,0,0,0,0,0,0,0,0,0,0,0,0,0,0,0.0,0.0,25.488372093023255,1,0,101.83319694480774,False,0
1641,b,b,N,10110,531,-2,51,a,0,0,0,0,0,0,0,0,0,0,0,0,0,0,0,0.0,0.0,19.00375939849624,0,0,51.03920062069938,False,0
1642,b,b,N,13330,443,29,26,a,0,0,0,0,0,0,0,0,0,0,0,0,0,0,0,0.0,0.0,30.02252252252252,1,0,38.948684188300895,False,0
1643,b,b,N,9910,431,-4,22,a,0,0,0,0,0,0,0,0,0,0,0,0,0,0,0,0.0,0.0,22.939814814814813,0,0,22.360679774997898,False,0
1644,b,b,N,21920,763,112,117,a,1,0,1,0,0,0,0,0,4000,4000,0,1,0,0,1,0.0,2000.0,28.691099476439792,1,0,161.9660458244258,False,0
1645,b,b,N,10680,506,3,44,a,0,0,0,0,0,0,0,0,0,0,0,0,0,0,0,0.0,0.0,21.06508875739645,1,0,44.10215414239989,False,0
1646,b,b,W,15210,527,-64,-56,a,0,0,0,0,0,0,0,0,0,0,0,0,0,0,0,0.0,0.0,28.806818181818183,0,1,85.0411665018772,False,0
1647,b,b,N,38060,486,357,189,b,0,0,0,0,0,0,0,0,0,0,0,0,0,0,0,0.0,0.0,78.15195071868582,1,0,403.9430652950982,True,0
1648,b,b,N,20620,808,105,132,a,0,0,0,0,0,0,0,0,0,0,0,0,0,0,0,0.0,0.0,25.48825710754017,1,0,168.66831356244717,False,0
1649,b,b,N,17500,647,74,86,a,0,0,0,0,0,0,0,0,0,0,0,0,0,0,0,0.0,0.0,27.006172839506174,1,0,113.45483682946268,False,0
1650,b,b,W,35290,754,-16,-36,a,0,0,0,0,0,0,0,0,0,0,0,0,0,0,0,0.0,0.0,46.741721854304636,0,1,39.395431207184416,False,0
1651,b,b,W,55570,560,54,-6,a,2,1,1,0,0,0,0,0,3100,3000,0,1,0,0,2,0.0,1033.3333333333333,99.05525846702318,0,0,54.3323108288245,False,0
1652,b,b,W,29710,473,-18,-20,a,0,0,0,0,0,0,0,0,0,0,0,0,0,0,0,0.0,0.0,62.67932489451477,0,1,26.90724809414742,False,0
1653,b,b,W,46880,523,30,-12,a,0,0,0,0,0,0,0,0,0,0,0,0,0,0,0,0.0,0.0,89.46564885496183,0,0,32.31098884280702,False,0
1654,b,b,W,77870,271,626,18,b,0,0,0,0,0,0,0,0,0,0,0,0,0,0,0,0.0,0.0,286.2867647058824,1,0,626.2587324740471,True,0
1655,b,b,W,82030,349,681,57,b,3,3,0,0,0,0,0,0,1300,600,0,1,0,0,3,0.0,325.0,234.37142857142857,1,0,683.3812991295562,True,0
1656,b,b,W,21320,402,-38,-30,a,0,0,0,0,0,0,0,0,0,0,0,0,0,0,0,0.0,0.0,52.903225806451616,0,1,48.41487374764082,False,0
1657,b,b,W,17300,656,-56,-43,a,1,0,1,0,0,0,0,0,7000,7000,0,1,0,0,1,0.0,3500.0,26.331811263318112,0,1,70.60453243241541,False,0
1658,b,b,W,19760,328,-42,-43,a,0,0,0,0,0,0,0,0,0,0,0,0,0,0,0,0.0,0.0,60.06079027355623,0,1,60.108235708594876,False,0
1659,b,b,W,47670,507,40,-11,a,0,0,0,0,0,0,0,0,0,0,0,0,0,0,0,0.0,0.0,93.83858267716535,0,0,41.48493702538308,False,0
1660,b,b,W,40280,840,284,278,a,0,0,0,0,0,0,0,0,0,0,0,0,0,0,0,0.0,0.0,47.89536266349584,1,0,397.4166579296847,False,0
1661,b,b,W,19290,859,-51,-25,a,1,1,0,0,0,0,0,0,200,200,0,1,0,0,1,0.0,100.0,22.430232558139537,0,1,56.79788728465171,False,0
1662,b,b,W,59210,705,73,23,a,2,0,2,0,0,0,0,0,4000,2000,0,1,0,0,2,0.0,1333.3333333333333,83.86685552407933,1,0,76.53757247260981,False,0
1663,a,a,W,31590,377,175,74,a,0,0,0,0,0,0,0,0,0,0,0,0,0,0,0,0.0,0.0,83.57142857142857,1,0,190.0026315607234,True,0
1664,a,a,W,24650,332,-29,-41,a,0,0,0,0,0,0,0,0,0,0,0,0,0,0,0,0.0,0.0,74.02402402402403,0,1,50.21951811795888,True,0
1665,a,a,W,19370,351,-44,-38,a,0,0,0,0,0,0,0,0,0,0,0,0,0,0,0,0.0,0.0,55.02840909090909,0,1,58.137767414994535,True,0
1666,a,a,W,48710,547,41,-3,a,0,0,0,0,0,0,0,0,0,0,0,0,0,0,0,0.0,0.0,88.88686131386861,0,0,41.10960958218893,True,0
1667,a,a,W,42860,588,24,5,a,0,0,0,0,0,0,0,0,0,0,0,0,0,0,0,0.0,0.0,72.76740237691001,1,0,24.515301344262525,True,0
1668,a,a,W,33930,486,-2,-14,a,1,0,1,0,0,0,0,0,4000,4000,0,1,0,0,1,0.0,2000.0,69.67145790554414,0,1,14.142135623730951,True,0
1669,a,a,W,40070,501,16,-11,a,0,0,0,0,0,0,0,0,0,0,1,0,0,0,0,0.0,0.0,79.8207171314741,0,0,19.4164878389476,True,0
1670,a,a,W,56650,693,64,23,a,1,0,0,1,0,0,0,0,10000,10000,0,1,0,1,0,0.5,5000.0,81.62824207492795,1,0,68.00735254367721,True,0
1671,a,b,W,45530,736,37,37,a,0,0,0,0,0,0,0,0,0,0,0,0,0,0,0,0.0,0.0,61.777476255088196,1,0,52.32590180780452,False,0
1672,a,b,W,37520,843,13,57,a,0,0,0,0,0,0,0,0,0,0,0,0,0,0,0,0.0,0.0,44.45497630331754,1,0,58.463663928973865,False,0
1673,a,b,W,64380,844,94,57,a,4,3,1,0,0,0,0,0,4200,3000,1,1,0,0,4,0.0,840.0,76.18934911242603,1,0,109.9317970379817,False,0
1674,a,b,W,67200,945,102,76,a,2,0,1,1,0,0,0,0,12000,10000,0,1,0,1,1,0.3333333333333333,4000.0,71.03594080338266,1,0,127.20062892926276,False,0
1675,a,b,W,35910,636,8,19,a,0,0,0,0,0,0,0,0,0,0,0,0,0,0,0,0.0,0.0,56.37362637362637,1,0,20.615528128088304,False,0
1676,a,b,W,40610,672,22,25,a,0,0,0,0,0,0,0,0,0,0,0,0,0,0,0,0.0,0.0,60.341753343239226,1,0,33.301651610693426,False,0
1677,a,b,W,13330,671,-64,-39,a,0,0,0,0,0,0,0,0,0,0,0,0,0,0,0,0.0,0.0,19.836309523809526,0,1,74.94664769020693,False,0
1678,a,b,W,12440,333,-63,-38,a,0,0,0,0,0,0,0,0,0,0,0,0,0,0,0,0.0,0.0,37.24550898203593,0,1,73.57309290766564,False,0
1679,a,b,W,12600,266,-60,-47,a,0,0,0,0,0,0,0,0,0,0,0,0,0,0,0,0.0,0.0,47.19101123595506,0,1,76.21679604916491,False,0
1680,a,b,W,44800,350,253,52,b,0,0,0,0,0,0,0,0,0,0,0,0,0,0,0,0.0,0.0,127.63532763532764,1,0,258.28859827719845,False,0
1681,a,b,W,12000,379,-5,64,b,0,0,0,0,0,0,0,0,0,0,0,0,0,0,0,0.0,0.0,31.57894736842105,0,0,64.19501538281614,False,0
1682,a,b,W,18510,289,-42,-42,a,0,0,0,0,0,0,0,0,0,0,0,0,0,0,0,0.0,0.0,63.827586206896555,0,1,59.39696961966999,False,0
1683,a,b,W,37110,484,17,-3,a,1,0,1,0,0,0,0,0,1000,1000,0,1,0,0,1,0.0,500.0,76.51546391752578,0,0,17.26267650163207,False,0
1684,a,b,W,65790,822,107,64,a,1,0,1,0,0,0,0,0,7000,7000,0,1,0,0,1,0.0,3500.0,79.93924665856622,1,0,124.67958934805648,False,0
1685,a,b,W,28230,513,-11,3,a,0,0,0,0,0,0,0,0,0,0,0,0,0,0,0,0.0,0.0,54.92217898832685,0,0,11.40175425099138,False,0
1686,a,b,W,21520,477,-32,-5,a,0,0,0,0,0,0,0,0,0,0,0,0,0,0,0,0.0,0.0,45.02092050209205,0,1,32.38826948140329,False,0
1687,a,b,W,35450,567,6,8,a,2,2,0,0,0,0,0,0,600,500,1,1,0,0,2,0.0,200.0,62.41197183098591,1,0,10.0,False,0
1688,a,b,W,49930,1525,43,49,a,2,1,0,1,0,0,0,0,10200,10000,0,1,0,1,1,0.3333333333333333,3400.0,32.71952817824378,1,0,65.19202405202648,False,0
1689,a,b,W,28780,1294,-18,26,a,0,0,0,0,0,0,0,0,0,0,0,0,0,0,0,0.0,0.0,22.223938223938223,0,0,31.622776601683793,False,0
1690,a,b,W,22900,481,-32,-8,a,0,0,0,0,0,0,0,0,0,0,0,0,0,0,0,0.0,0.0,47.510373443983404,0,1,32.984845004941285,False,0
1691,a,b,W,43270,673,29,28,a,0,0,0,0,0,0,0,0,0,0,1,0,0,0,0,0.0,0.0,64.19881305637982,1,0,40.311288741492746,False,0
1692,a,b,N,135210,3261,1245,838,b,2,0,1,0,1,0,0,0,208000,200000,0,1,0,1,1,0.3333333333333333,69333.33333333333,41.45003065603924,1,0,1500.7561427493808,False,0
1693,a,b,N,54770,1913,445,450,c,0,0,0,0,0,0,0,0,0,0,0,0,0,0,0,0.0,0.0,28.61546499477534,1,0,632.8704448779387,False,1
1694,a,b,N,30110,1068,199,207,b,1,0,1,0,0,0,0,0,2000,2000,0,1,0,0,1,0.0,1000.0,28.166510757717493,1,0,287.14108030722457,False,0
1695,b,b,W,26990,769,-20,-24,a,0,0,0,0,0,0,0,0,0,0,0,0,0,0,0,0.0,0.0,35.05194805194805,0,1,31.240998703626616,False,0
1696,b,b,W,36970,1033,9,3,a,0,0,0,0,0,0,0,0,0,0,0,0,0,0,0,0.0,0.0,35.75435203094778,1,0,9.486832980505138,False,0
1697,b,b,W,31160,623,-6,20,a,1,1,0,0,0,0,0,0,400,400,0,1,0,0,1,0.0,200.0,49.93589743589744,0,0,20.8806130178211,False,0
1698,b,b,W,40770,910,20,-10,a,0,0,0,0,0,0,0,0,0,0,0,0,0,0,0,0.0,0.0,44.753018660812295,0,0,22.360679774997898,False,0
1699,b,b,W,51560,1088,52,8,a,0,0,0,0,0,0,0,0,0,0,0,0,0,0,0,0.0,0.0,47.34618916437098,1,0,52.61178575186362,False,0
1700,b,b,W,37610,1004,11,0,a,0,0,0,0,0,0,0,0,0,0,0,0,0,0,0,0.0,0.0,37.4228855721393,0,0,11.0,False,0
1701,b,b,W,36100,608,8,17,a,0,0,0,0,0,0,0,0,0,0,1,0,0,0,0,0.0,0.0,59.277504105090316,1,0,18.788294228055936,False,0
1702,b,b,N,32600,880,224,153,a,2,1,0,1,0,0,0,0,60500,60000,0,1,0,1,1,0.3333333333333333,20166.666666666668,37.003405221339385,1,0,271.26555254952666,False,0
1703,a,b,W,18820,396,-45,-28,a,0,0,0,0,0,0,0,0,0,0,1,0,0,0,0,0.0,0.0,47.405541561712845,0,1,53.0,False,0
1704,a,b,W,25710,365,-25,-33,a,1,0,0,1,0,0,0,0,10000,10000,0,1,0,1,0,0.5,5000.0,70.24590163934427,0,1,41.400483088968905,False,0
1705,a,b,W,14000,286,-59,-48,a,0,0,0,0,0,0,0,0,0,0,0,0,0,0,0,0.0,0.0,48.78048780487805,0,1,76.05918747922567,False,0
1706,a,b,W,18680,586,-47,-44,a,2,1,1,0,0,0,0,0,2500,2000,0,1,0,0,2,0.0,833.3333333333334,31.82282793867121,0,1,64.38167441127949,False,0
1707,a,b,W,37440,686,7,-35,a,0,0,0,0,0,0,0,0,0,0,0,0,0,0,0,0.0,0.0,54.49781659388646,0,0,35.6931365951495,False,0
1708,a,b,W,36460,902,4,-14,a,0,0,0,0,0,0,0,0,0,0,0,0,0,0,0,0.0,0.0,40.3765227021041,0,0,14.560219778561036,False,0
1709,a,b,W,20610,670,-41,-36,a,0,0,0,0,0,0,0,0,0,0,0,0,0,0,0,0.0,0.0,30.715350223546945,0,1,54.56189146281496,False,0
1710,a,b,W,21350,376,-38,-31,a,0,0,0,0,0,0,0,0,0,0,0,0,0,0,0,0.0,0.0,56.63129973474801,0,1,49.040799340956916,False,0
1711,a,b,W,39850,714,13,-32,a,1,1,0,0,0,0,0,0,300,300,0,1,0,0,1,0.0,150.0,55.73426573426573,0,0,34.539832078341085,False,0
1712,a,b,W,39410,1146,12,9,a,1,0,1,0,0,0,0,0,3000,3000,0,1,0,0,1,0.0,1500.0,34.359197907585006,1,0,15.0,False,0
1713,a,b,W,28440,405,-19,-27,a,0,0,0,0,0,0,0,0,0,0,0,0,0,0,0,0.0,0.0,70.04926108374384,0,1,33.015148038438355,False,0
1714,a,b,W,21750,635,-38,-40,a,0,0,0,0,0,0,0,0,0,0,0,0,0,0,0,0.0,0.0,34.198113207547166,0,1,55.17245689653489,False,0
1715,a,b,W,68830,633,96,13,a,2,0,2,0,0,0,0,0,5000,3000,0,1,0,0,2,0.0,1666.6666666666667,108.56466876971609,1,0,96.87620966986684,False,0
1716,a,b,W,29550,486,-16,-13,a,0,0,0,0,0,0,0,0,0,0,0,0,0,0,0,0.0,0.0,60.677618069815196,0,1,20.615528128088304,False,0
1717,a,b,W,23710,387,-32,-31,a,1,0,1,0,0,0,0,0,1000,1000,0,1,0,0,1,0.0,500.0,61.108247422680414,0,1,44.553338819890925,False,0
1718,a,b,W,24650,391,-30,-30,a,0,0,0,0,0,0,0,0,0,0,0,0,0,0,0,0.0,0.0,62.88265306122449,0,1,42.42640687119285,False,0
1719,b,b,W,31030,534,-8,0,a,1,1,0,0,0,0,0,0,600,600,0,1,0,0,1,0.0,300.0,58.0,0,0,8.0,False,0
1720,b,b,N,19200,418,131,149,a,0,0,0,0,0,0,0,0,0,0,0,0,0,0,0,0.0,0.0,45.82338902147971,1,0,198.39858870465787,False,0
1721,b,b,N,23200,366,179,118,a,0,0,0,0,0,0,0,0,0,0,0,0,0,0,0,0.0,0.0,63.21525885558583,1,0,214.39449619801343,False,0
1722,b,b,N,10820,426,8,22,a,1,0,1,0,0,0,0,0,3000,3000,0,1,0,0,1,0.0,1500.0,25.339578454332553,1,0,23.40939982143925,False,0
1723,b,b,W,13360,383,-59,-61,a,0,0,0,0,0,0,0,0,0,0,0,0,0,0,0,0.0,0.0,34.791666666666664,0,1,84.86459803710851,False,0
1724,b,b,W,58460,540,73,1,a,2,1,1,0,0,0,0,0,3900,3000,1,1,0,0,2,0.0,1300.0,108.05914972273567,1,0,73.00684899377592,False,0
1725,b,b,W,26370,524,73,119,a,1,0,0,1,0,0,0,0,30000,30000,0,1,0,1,0,0.5,15000.0,50.22857142857143,1,0,139.60659010233005,False,0
1726,b,b,N,13110,417,57,148,a,0,0,0,0,0,0,0,0,0,0,0,0,0,0,0,0.0,0.0,31.363636363636363,1,0,158.59697348940804,False,0
1727,b,a,N,11010,319,32,90,a,0,0,0,0,0,0,0,0,0,0,0,0,0,0,0,0.0,0.0,34.40625,1,0,95.51963149007642,False,0
1728,b,a,N,15840,275,90,64,a,1,0,1,0,0,0,0,0,4000,4000,0,1,0,0,1,0.0,2000.0,57.391304347826086,1,0,110.43550153822818,False,0
1729,b,a,N,12650,214,52,27,a,0,0,0,0,0,0,0,0,0,0,0,0,0,0,0,0.0,0.0,58.83720930232558,1,0,58.59180830116101,False,0
1730,b,a,N,10020,370,0,6,a,0,0,0,0,0,0,0,0,0,0,0,0,0,0,0,0.0,0.0,27.00808625336927,0,0,6.0,False,0
1731,b,a,W,11390,233,-66,-55,a,0,0,0,0,0,0,0,0,0,0,0,0,0,0,0,0.0,0.0,48.675213675213676,0,1,85.9127464349732,False,0
1732,b,a,W,19890,236,-40,-55,a,1,0,1,0,0,0,0,0,8000,8000,1,1,0,0,1,0.0,4000.0,83.92405063291139,0,1,68.00735254367721,False,0
1733,b,a,W,56940,769,72,48,a,1,0,0,1,0,0,0,0,40000,40000,0,1,0,1,0,0.5,20000.0,73.94805194805195,1,0,86.53323061113575,False,0
1734,b,a,W,27390,674,-17,30,a,0,0,0,0,0,0,0,0,0,0,0,0,0,0,0,0.0,0.0,40.577777777777776,0,0,34.48187929913333,False,0
1735,b,a,W,26940,429,-18,-17,a,0,0,0,0,0,0,0,0,0,0,0,0,0,0,0,0.0,0.0,62.651162790697676,0,1,24.758836806279895,False,0
1736,b,a,N,15760,318,89,89,a,0,0,0,0,0,0,0,0,0,0,0,0,0,0,0,0.0,0.0,49.40438871473354,1,0,125.86500705120545,False,0
1737,b,a,N,13160,271,58,61,a,0,0,0,0,0,0,0,0,0,0,0,0,0,0,0,0.0,0.0,48.38235294117647,1,0,84.17244204607586,False,0
1738,b,a,W,20550,381,-37,-26,a,0,0,0,0,0,0,0,0,0,0,1,0,0,0,0,0.0,0.0,53.795811518324605,0,1,45.221676218380054,False,0
1739,b,a,W,28510,805,-7,-13,a,1,0,0,1,0,0,0,0,10000,10000,0,1,0,1,0,0.5,5000.0,35.37220843672456,0,1,14.7648230602334,False,0
1740,b,a,W,26210,619,-20,20,a,0,0,0,0,0,0,0,0,0,0,1,0,0,0,0,0.0,0.0,42.274193548387096,0,0,28.284271247461902,False,0
1741,b,a,N,18840,434,126,158,a,1,0,0,0,1,0,0,0,300000,300000,0,1,0,1,0,0.5,150000.0,43.310344827586206,1,0,202.08908926510605,False,0
1742,b,a,N,18440,398,122,137,a,1,1,0,0,0,0,0,0,200,200,0,1,0,0,1,0.0,100.0,46.21553884711779,1,0,183.44754018519845,False,0
1743,b,a,N,11080,343,33,104,a,0,0,0,0,0,0,0,0,0,0,0,0,0,0,0,0.0,0.0,32.2093023255814,1,0,109.11003620199197,False,0
1744,b,a,N,16380,736,63,112,a,0,0,0,0,0,0,0,0,0,0,0,0,0,0,0,0.0,0.0,22.225237449118048,1,0,128.50291825480073,False,0
1745,b,a,W,27440,635,-5,-28,a,1,1,0,0,0,0,0,0,400,400,0,1,0,0,1,0.0,200.0,43.144654088050316,0,1,28.442925306655784,False,0
1746,b,a,W,44980,597,45,19,a,0,0,0,0,0,0,0,0,0,0,0,0,0,0,0,0.0,0.0,75.21739130434783,1,0,48.84669896727925,False,0
1747,b,a,W,31430,553,1,10,a,1,1,0,0,0,0,0,0,600,600,0,1,0,0,1,0.0,300.0,56.73285198555957,1,0,10.04987562112089,False,0
1748,b,a,W,21660,433,-30,-14,a,0,0,0,0,0,0,0,0,0,0,0,0,0,0,0,0.0,0.0,49.90783410138249,0,1,33.1058907144937,False,0
1749,b,a,W,38220,1192,33,35,a,1,0,1,0,0,0,0,0,6000,6000,0,1,0,0,1,0.0,3000.0,32.03688181056161,1,0,48.104053883222775,False,0
1750,b,a,N,20040,777,99,123,a,0,0,0,0,0,0,0,0,0,0,0,0,0,0,0,0.0,0.0,25.75835475578406,1,0,157.8923684032892,False,0
1751,a,a,N,9660,511,-4,47,a,0,0,0,0,0,0,0,0,0,0,0,0,0,0,0,0.0,0.0,18.8671875,0,0,47.16990566028302,True,0
1752,a,a,N,11020,589,10,69,a,0,0,0,0,0,0,0,0,0,0,0,0,0,0,0,0.0,0.0,18.677966101694917,1,0,69.72087205421343,True,0
1753,a,a,N,10410,422,4,21,a,0,0,0,0,0,0,0,0,0,0,0,0,0,0,0,0.0,0.0,24.609929078014183,1,0,21.37755832643195,True,0
1754,a,a,N,15040,458,50,32,a,1,1,0,0,0,0,0,0,400,400,0,1,0,0,1,0.0,200.0,32.766884531590414,1,0,59.36328831862332,True,0
1755,a,a,N,5600,344,-44,-1,a,0,0,0,0,0,0,0,0,0,0,0,0,0,0,0,0.0,0.0,16.231884057971016,0,1,44.01136216933077,True,0
1756,a,a,N,7560,513,-25,47,a,1,1,0,0,0,0,0,0,300,300,0,1,0,0,1,0.0,150.0,14.70817120622568,0,0,53.23532661682466,True,0
1757,a,a,N,10370,402,3,16,a,0,0,0,0,0,0,0,0,0,0,0,0,0,0,0,0.0,0.0,25.732009925558312,1,0,16.278820596099706,True,0
1758,a,a,N,8850,361,-12,4,a,0,0,0,0,0,0,0,0,0,0,0,0,0,0,0,0.0,0.0,24.447513812154696,0,0,12.649110640673518,True,0
1759,a,a,N,5640,296,-47,-21,a,0,0,0,0,0,0,0,0,0,0,0,0,0,0,0,0.0,0.0,18.98989898989899,0,1,51.478150704935004,True,0
1760,a,a,N,6700,347,-36,-7,a,0,0,0,0,0,0,0,0,0,0,0,0,0,0,0,0.0,0.0,19.25287356321839,0,1,36.6742416417845,True,0
1761,a,a,N,10140,176,12,-5,a,0,0,0,0,0,0,0,0,0,0,0,0,0,0,0,0.0,0.0,57.28813559322034,0,0,13.0,True,0
1762,a,a,N,7290,185,-20,0,a,0,0,0,0,0,0,0,0,0,0,1,0,0,0,0,0.0,0.0,39.193548387096776,0,0,20.0,True,0
1763,a,a,N,9030,342,-14,-8,a,1,0,0,1,0,0,0,0,80000,80000,0,1,0,1,0,0.5,40000.0,26.3265306122449,0,1,16.1245154965971,True,0
1764,a,a,N,3380,262,-68,-30,a,0,0,0,0,0,0,0,0,0,0,0,0,0,0,0,0.0,0.0,12.85171102661597,0,1,74.32361670424818,True,0
1765,a,a,N,5180,167,-43,-10,a,0,0,0,0,0,0,0,0,0,0,0,0,0,0,0,0.0,0.0,30.833333333333332,0,1,44.14748010928823,True,0
1766,a,a,N,10300,144,13,-22,a,0,0,0,0,0,0,0,0,0,0,0,0,0,0,0,0.0,0.0,71.03448275862068,0,0,25.553864678361276,True,0
1767,b,a,N,5350,162,-49,-57,a,0,0,0,0,0,0,0,0,0,0,0,0,0,0,0,0.0,0.0,32.82208588957055,0,1,75.16648189186454,False,0
1768,b,a,N,5520,171,-38,-8,a,0,0,0,0,0,0,0,0,0,0,0,0,0,0,0,0.0,0.0,32.093023255813954,0,1,38.8329756778952,False,0
1769,b,a,N,7300,159,210,83,a,0,0,0,0,0,0,0,0,0,0,0,0,0,0,0,0.0,0.0,45.625,1,0,225.80744009000236,False,0
1770,b,a,N,7510,141,-15,-24,a,0,0,0,0,0,0,0,0,0,0,0,0,0,0,0,0.0,0.0,52.88732394366197,0,1,28.30194339616981,False,0
1771,b,a,N,4340,129,-51,-31,a,0,0,0,0,0,0,0,0,0,0,0,0,0,0,0,0.0,0.0,33.38461538461539,0,1,59.682493245507096,False,0
1772,b,a,N,6850,355,191,309,b,0,0,0,0,0,0,0,0,0,0,0,0,0,0,0,0.0,0.0,19.241573033707866,1,0,363.2657429486023,False,0
1773,b,a,N,8880,112,-15,-71,a,1,0,1,0,0,0,0,0,7000,7000,0,1,0,0,1,0.0,3500.0,78.58407079646018,0,1,72.56721022610694,False,0
1774,b,a,N,3270,118,-69,-69,a,0,0,0,0,0,0,0,0,0,0,0,0,0,0,0,0.0,0.0,27.478991596638654,0,1,97.58073580374356,False,0
1775,b,a,N,2940,123,-72,-68,a,0,0,0,0,0,0,0,0,0,0,0,0,0,0,0,0.0,0.0,23.70967741935484,0,1,99.03534722511958,False,0
1776,b,a,N,3610,107,-65,-72,a,0,0,0,0,0,0,0,0,0,0,0,0,0,0,0,0.0,0.0,33.425925925925924,0,1,97.0,False,0
1777,b,a,N,6450,112,-38,-71,a,0,0,0,0,0,0,0,0,0,0,0,0,0,0,0,0.0,0.0,57.07964601769911,0,1,80.52949770115296,False,0
1778,b,a,W,9360,157,-69,-68,a,0,0,0,0,0,0,0,0,0,0,0,0,0,0,0,0.0,0.0,59.24050632911393,0,1,96.87620966986684,False,0
1779,b,a,N,8980,189,-14,-50,a,0,0,0,0,0,0,0,0,0,0,0,0,0,0,0,0.0,0.0,47.26315789473684,0,1,51.92301994298868,False,0
1780,b,a,N,9340,153,-10,-60,a,0,0,0,0,0,0,0,0,0,0,0,0,0,0,0,0.0,0.0,60.64935064935065,0,1,60.8276253029822,False,0
1781,b,a,N,9680,210,-7,-45,a,0,0,0,0,0,0,0,0,0,0,0,0,0,0,0,0.0,0.0,45.87677725118483,0,1,45.5411901469428,False,0
1782,b,a,N,26510,445,155,17,a,1,1,0,0,0,0,0,0,900,900,0,1,0,0,1,0.0,450.0,59.43946188340807,1,0,155.92947123619703,False,0
1783,b,a,W,34120,519,14,5,a,1,1,0,0,0,0,0,0,400,400,0,1,0,0,1,0.0,200.0,65.61538461538461,1,0,14.866068747318506,False,0
1784,b,a,W,37340,683,25,38,a,0,0,0,0,0,0,0,0,0,0,0,0,0,0,0,0.0,0.0,54.590643274853804,1,0,45.48626166217664,False,0
1785,b,a,W,25550,451,-8,-47,a,0,0,0,0,0,0,0,0,0,0,0,0,0,0,0,0.0,0.0,56.52654867256637,0,1,47.67598976424087,False,0
1786,b,a,W,58850,679,113,-20,a,3,3,0,0,0,0,0,0,1300,800,1,1,0,0,3,0.0,325.0,86.54411764705883,0,0,114.75626344561765,False,0
1787,b,a,W,42330,661,53,-22,a,1,0,0,1,0,0,0,0,20000,20000,0,1,0,1,0,0.5,10000.0,63.94259818731118,0,0,57.38466694161429,False,0
1788,b,a,W,53990,718,80,45,a,1,0,1,0,0,0,0,0,4000,4000,0,1,0,0,1,0.0,2000.0,75.0904033379694,1,0,91.7877987534291,False,0
1789,b,a,W,18470,505,-38,2,a,0,0,0,0,0,0,0,0,0,0,0,0,0,0,0,0.0,0.0,36.50197628458498,0,0,38.05259518088089,False,0
1790,b,a,W,12870,364,-57,-26,a,0,0,0,0,0,0,0,0,0,0,0,0,0,0,0,0.0,0.0,35.26027397260274,0,1,62.64982043070834,False,0
1791,b,a,W,26300,520,-9,6,a,1,0,1,0,0,0,0,0,7000,7000,0,1,0,0,1,0.0,3500.0,50.479846449136275,0,0,10.816653826391969,False,0
1792,b,a,W,36530,700,27,42,a,0,0,0,0,0,0,0,0,0,0,0,0,0,0,0,0.0,0.0,52.11126961483595,1,0,49.92995093127971,False,0
1793,b,a,W,71730,1093,149,122,a,0,0,0,0,0,0,0,0,0,0,0,0,0,0,0,0.0,0.0,65.56672760511883,1,0,192.57466084612483,False,0
1794,b,a,W,34490,594,20,21,a,0,0,0,0,0,0,0,0,0,0,0,0,0,0,0,0.0,0.0,57.96638655462185,1,0,29.0,False,0
1795,b,a,W,14390,455,-50,-8,a,1,0,1,0,0,0,0,0,1000,1000,0,1,0,0,1,0.0,500.0,31.55701754385965,0,1,50.635955604688654,False,0
1796,b,a,W,53700,573,87,16,a,0,0,0,0,0,0,0,0,0,0,0,0,0,0,0,0.0,0.0,93.55400696864112,1,0,88.45903006477066,False,0
1797,b,a,W,70980,1157,161,37,a,2,0,2,0,0,0,0,0,10000,6000,0,1,0,0,2,0.0,3333.3333333333335,61.295336787564764,1,0,165.19685227025363,False,0
1798,b,a,N,35440,930,304,384,b,0,0,0,0,0,0,0,0,0,0,0,0,0,0,0,0.0,0.0,38.06659505907626,1,0,489.76729168044693,False,0
1799,b,b,N,37600,833,329,334,b,0,0,0,0,0,0,0,0,0,0,0,0,0,0,0,0.0,0.0,45.08393285371702,1,0,468.825127312946,True,0
1800,b,b,N,21780,428,110,13,a,1,0,1,0,0,0,0,0,8000,8000,0,1,0,0,1,0.0,4000.0,50.76923076923077,1,0,110.76551810017412,False,0
1801,b,b,W,17370,365,-37,-54,a,0,0,0,0,0,0,0,0,0,0,0,0,0,0,0,0.0,0.0,47.459016393442624,0,1,65.45991139621256,False,0
1802,b,b,W,17580,406,-38,-16,a,0,0,0,0,0,0,0,0,0,0,0,0,0,0,0,0.0,0.0,43.19410319410319,0,1,41.23105625617661,False,0
1803,b,b,W,21900,276,128,71,a,1,1,0,0,0,0,0,0,600,600,0,1,0,0,1,0.0,300.0,79.06137184115524,1,0,146.37281168304446,False,0
1804,b,b,W,38350,532,36,10,a,0,0,0,0,0,0,0,0,0,0,0,0,0,0,0,0.0,0.0,71.95121951219512,1,0,37.36308338453881,False,0
1805,b,b,W,44640,743,58,54,a,0,0,0,0,0,0,0,0,0,0,0,0,0,0,0,0.0,0.0,60.0,1,0,79.2464510246358,False,0
1806,b,b,W,27960,591,-1,23,a,1,0,1,0,0,0,0,0,2000,2000,0,1,0,0,1,0.0,1000.0,47.229729729729726,0,0,23.021728866442675,False,0
1807,b,b,W,23770,519,-21,0,a,1,1,0,0,0,0,0,0,500,500,0,1,0,0,1,0.0,250.0,45.71153846153846,0,0,21.0,False,0
1808,b,b,W,59820,855,100,65,a,2,2,0,0,0,0,0,0,600,300,0,1,0,0,2,0.0,200.0,69.88317757009345,1,0,119.26860441876563,False,0
1809,b,b,W,48020,688,61,33,a,0,0,0,0,0,0,0,0,0,0,0,0,0,0,0,0.0,0.0,69.69521044992743,1,0,69.35416353759881,False,0
1810,b,b,W,25450,504,-15,-3,a,0,0,0,0,0,0,0,0,0,0,0,0,0,0,0,0.0,0.0,50.396039603960396,0,1,15.297058540778355,False,0
1811,b,b,W,64790,909,117,76,a,1,0,1,0,0,0,0,0,8000,8000,0,1,0,0,1,0.0,4000.0,71.1978021978022,1,0,139.51702405083043,False,0
1812,b,b,W,34090,601,14,16,a,0,0,0,0,0,0,0,0,0,0,0,0,0,0,0,0.0,0.0,56.627906976744185,1,0,21.2602916254693,False,0
1813,b,b,W,25130,455,-13,-42,a,1,0,1,0,0,0,0,0,1000,1000,0,1,0,0,1,0.0,500.0,55.10964912280702,0,1,43.965895873961216,False,0
1814,b,b,W,34820,550,16,6,a,0,0,0,0,0,0,0,0,0,0,0,0,0,0,0,0.0,0.0,63.19419237749546,1,0,17.08800749063506,False,0
1815,a,b,W,69880,855,144,72,a,2,2,0,0,0,0,0,0,1200,800,0,1,0,0,2,0.0,400.0,81.6355140186916,1,0,160.99689437998487,False,0
1816,a,b,W,40900,776,43,57,a,1,1,0,0,0,0,0,0,400,400,0,1,0,0,1,0.0,200.0,52.638352638352636,1,0,71.40028011149536,False,0
1817,a,b,W,57040,754,99,52,a,1,0,1,0,0,0,0,0,3000,3000,0,1,0,0,1,0.0,1500.0,75.54966887417218,1,0,111.8257573191436,False,0
1818,a,b,W,69240,857,142,73,a,0,0,0,0,0,0,0,0,0,0,0,0,0,0,0,0.0,0.0,80.6993006993007,1,0,159.66527487215245,False,0
1819,a,b,W,43030,625,50,26,a,1,1,0,0,0,0,0,0,300,300,0,1,0,0,1,0.0,150.0,68.73801916932908,1,0,56.356011214421486,False,0
1820,a,b,W,34170,610,19,23,a,1,1,0,0,0,0,0,0,500,500,0,1,0,0,1,0.0,250.0,55.92471358428805,1,0,29.832867780352597,False,0
1821,a,b,N,24530,626,180,226,a,0,0,0,0,0,0,0,0,0,0,0,0,0,0,0,0.0,0.0,39.12280701754386,1,0,288.9221348391293,False,0
1822,a,b,N,17930,347,668,323,c,0,0,0,0,0,0,0,0,0,0,0,0,0,0,0,0.0,0.0,51.52298850574713,1,0,741.9925875640538,False,1
1823,a,b,N,16060,335,83,74,a,0,0,0,0,0,0,0,0,0,0,0,0,0,0,0,0.0,0.0,47.79761904761905,1,0,111.19802156513397,False,0
1824,a,b,N,24150,364,176,90,a,1,0,1,0,0,0,0,0,5000,5000,0,1,0,0,1,0.0,2500.0,66.16438356164383,1,0,197.6765034089788,False,0
1825,a,b,W,17300,367,-40,-27,a,0,0,0,0,0,0,0,0,0,0,0,0,0,0,0,0.0,0.0,47.01086956521739,0,1,48.25971404805462,False,0
1826,a,b,W,59840,696,124,7,a,2,1,1,0,0,0,0,0,6300,6000,1,1,0,0,2,0.0,2100.0,85.85365853658537,1,0,124.19742348374221,False,0
1827,a,b,W,52200,828,95,27,a,1,0,0,1,0,0,0,0,10000,10000,0,1,0,1,0,0.5,5000.0,62.96743063932449,1,0,98.76234100101111,False,0
1828,a,b,W,29800,627,12,-4,a,0,0,0,0,0,0,0,0,0,0,0,0,0,0,0,0.0,0.0,47.452229299363054,0,0,12.649110640673518,False,0
1829,a,b,W,55310,644,107,-1,a,3,2,1,0,0,0,0,0,4900,4000,0,1,0,0,3,0.0,1225.0,85.75193798449612,0,0,107.00467279516349,False,0
1830,a,b,W,40480,639,51,-2,a,0,0,0,0,0,0,0,0,0,0,0,0,0,0,0,0.0,0.0,63.25,0,0,51.03920062069938,False,0
1831,a,b,W,32830,1134,17,75,b,0,0,0,0,0,0,0,0,0,0,0,0,0,0,0,0.0,0.0,28.92511013215859,1,0,76.90253571892151,False,0
1832,a,b,W,34660,516,23,-20,b,0,0,0,0,0,0,0,0,0,0,0,0,0,0,0,0.0,0.0,67.04061895551257,0,0,30.479501308256342,False,0
1833,a,b,W,35940,609,28,-6,b,0,0,0,0,0,0,0,0,0,0,0,0,0,0,0,0.0,0.0,58.91803278688525,0,0,28.635642126552707,False,0
1834,a,b,W,25490,546,-18,2,a,0,0,0,0,0,0,0,0,0,0,0,0,0,0,0,0.0,0.0,46.59963436928702,0,0,18.110770276274835,False,0
1835,a,b,W,22830,467,-19,-28,b,1,1,0,0,0,0,0,0,500,500,0,1,0,0,1,0.0,250.0,48.782051282051285,0,1,33.83784863137726,False,0
1836,a,b,W,66030,812,112,52,a,0,0,0,0,0,0,0,0,0,0,1,0,0,0,0,0.0,0.0,81.21771217712177,1,0,123.48279232346505,False,0
1837,a,b,W,67360,1525,139,135,b,2,1,0,1,0,0,0,0,80200,80000,0,1,0,1,1,0.3333333333333333,26733.333333333332,44.14154652686763,1,0,193.7679023987203,False,0
1838,a,b,W,35800,722,27,11,b,0,0,0,0,0,0,0,0,0,0,0,0,0,0,0,0.0,0.0,49.51590594744122,1,0,29.154759474226502,False,0
1839,b,b,W,21220,540,-26,-14,b,0,0,0,0,0,0,0,0,0,0,1,0,0,0,0,0.0,0.0,39.22365988909427,0,1,29.5296461204668,True,0
1840,b,b,W,32780,677,15,8,b,1,0,0,1,0,0,0,0,10000,10000,0,1,0,1,0,0.5,5000.0,48.34808259587021,1,0,17.0,True,0
1841,b,b,W,51410,922,80,47,b,0,0,0,0,0,0,0,0,0,0,0,0,0,0,0,0.0,0.0,55.6988082340195,1,0,92.78469701410896,True,0
1842,b,b,W,30220,592,6,-6,b,1,1,0,0,0,0,0,0,100,100,0,1,0,0,1,0.0,50.0,50.96121416526138,0,0,8.48528137423857,True,0
1843,b,b,W,23050,428,-19,-32,b,0,0,0,0,0,0,0,0,0,0,0,0,0,0,0,0.0,0.0,53.72960372960373,0,1,37.21558813185679,True,0
1844,b,b,N,21190,402,105,6,b,1,0,1,0,0,0,0,0,6000,6000,0,1,0,0,1,0.0,3000.0,52.58064516129032,1,0,105.17128885774862,True,0
1845,b,b,N,44240,678,327,79,b,0,0,0,0,0,0,0,0,0,0,0,0,0,0,0,0.0,0.0,65.15463917525773,1,0,336.4074909986399,True,0
1846,b,b,N,26360,459,154,21,b,2,2,0,0,0,0,0,0,700,500,0,1,0,0,2,0.0,233.33333333333334,57.30434782608695,1,0,155.42522317822161,True,0
1847,b,b,N,12780,376,23,-1,b,0,0,0,0,0,0,0,0,0,0,0,0,0,0,0,0.0,0.0,33.89920424403183,0,0,23.021728866442675,True,0
1848,b,b,N,13010,322,26,-15,b,0,0,0,0,0,0,0,0,0,0,0,0,0,0,0,0.0,0.0,40.27863777089783,0,0,30.01666203960727,True,0
1849,b,b,N,10600,268,2,-29,b,0,0,0,0,0,0,0,0,0,0,0,0,0,0,0,0.0,0.0,39.405204460966544,0,0,29.068883707497267,True,0
1850,b,b,N,7590,233,-27,-38,b,0,0,0,0,0,0,0,0,0,0,0,0,0,0,0,0.0,0.0,32.43589743589744,0,1,46.61544808322666,True,0
1851,b,b,N,11330,204,9,-46,b,0,0,0,0,0,0,0,0,0,0,0,0,0,0,0,0.0,0.0,55.26829268292683,0,0,46.87216658103186,True,0
1852,b,b,N,6890,204,-34,-46,b,0,0,0,0,0,0,0,0,0,0,0,0,0,0,0,0.0,0.0,33.609756097560975,0,1,57.201398584300364,True,0
1853,b,b,N,8620,172,-17,-55,b,0,0,0,0,0,0,0,0,0,0,0,0,0,0,0,0.0,0.0,49.82658959537572,0,1,57.56735185849702,True,0
1854,b,b,N,4070,173,-61,-54,b,0,0,0,0,0,0,0,0,0,0,0,0,0,0,0,0.0,0.0,23.39080459770115,0,1,81.46778504415104,True,0
1855,b,b,N,7400,169,-28,-54,b,0,0,0,0,0,0,0,0,0,0,0,0,0,0,0,0.0,0.0,43.529411764705884,0,1,60.8276253029822,True,0
1856,b,b,N,6660,153,-35,-58,b,0,0,0,0,0,0,0,0,0,0,0,0,0,0,0,0.0,0.0,43.246753246753244,0,1,67.7421582177598,True,0
1857,b,b,N,9980,145,-3,-60,b,0,0,0,0,0,0,0,0,0,0,0,0,0,0,0,0.0,0.0,68.35616438356165,0,1,60.07495318350236,True,0
1858,b,b,N,6710,164,-35,-55,b,0,0,0,0,0,0,0,0,0,0,0,0,0,0,0,0.0,0.0,40.666666666666664,0,1,65.19202405202648,True,0
1859,b,b,N,8330,113,-19,-69,b,0,0,0,0,0,0,0,0,0,0,0,0,0,0,0,0.0,0.0,73.0701754385965,0,1,71.56814934033156,True,0
1860,b,b,N,2970,142,-71,-61,b,0,0,0,0,0,0,0,0,0,0,0,0,0,0,0,0.0,0.0,20.76923076923077,0,1,93.60555539069249,True,0
1861,b,b,N,4690,126,-55,-65,b,0,0,0,0,0,0,0,0,0,0,0,0,0,0,0,0.0,0.0,36.92913385826772,0,1,85.14693182963201,True,0
1862,b,b,N,3080,123,-70,-66,b,0,0,0,0,0,0,0,0,0,0,0,0,0,0,0,0.0,0.0,24.838709677419356,0,1,96.20810776644555,True,0
1863,a,b,N,11920,141,21,-60,a,1,1,0,0,0,0,0,0,800,800,0,1,0,0,1,0.0,400.0,83.94366197183099,0,0,63.56886030125127,False,0
1864,a,b,N,5680,127,-43,-64,a,0,0,0,0,0,0,0,0,0,0,0,0,0,0,0,0.0,0.0,44.375,0,1,77.10382610480494,False,0
1865,a,b,N,4890,162,97,88,a,0,0,0,0,0,0,0,0,0,0,0,0,0,0,0,0.0,0.0,30.0,1,0,130.96946208945045,False,0
1866,a,b,N,10320,172,4,-51,a,0,0,0,0,0,0,0,0,0,0,0,0,0,0,0,0.0,0.0,59.653179190751445,0,0,51.15662224971465,False,0
1867,a,b,N,22610,242,193,30,a,0,0,0,0,0,0,0,0,0,0,0,0,0,0,0,0.0,0.0,93.04526748971193,1,0,195.3176899310454,False,0
1868,a,b,N,2410,109,-76,-69,a,0,0,0,0,0,0,0,0,0,0,0,0,0,0,0,0.0,0.0,21.90909090909091,0,1,102.6498904042279,False,0
1869,a,b,N,8690,92,-12,-74,a,1,0,1,0,0,0,0,0,4000,4000,0,1,0,0,1,0.0,2000.0,93.44086021505376,0,1,74.96665925596525,False,0
1870,a,b,N,4530,98,-54,-72,a,0,0,0,0,0,0,0,0,0,0,0,0,0,0,0,0.0,0.0,45.75757575757576,0,1,90.0,False,0
1871,a,b,N,4040,92,-57,-72,a,0,0,0,0,0,0,0,0,0,0,0,0,0,0,0,0.0,0.0,43.44086021505376,0,1,91.8313671900838,False,0
1872,a,b,N,6920,100,-26,-69,a,0,0,0,0,0,0,0,0,0,0,0,0,0,0,0,0.0,0.0,68.51485148514851,0,1,73.7360156233031,False,0
1873,a,b,N,4230,126,-55,-61,a,0,0,0,0,0,0,0,0,0,0,0,0,0,0,0,0.0,0.0,33.30708661417323,0,1,82.13403679352427,False,0
1874,a,b,W,22820,311,-25,-51,a,0,0,0,0,0,0,0,0,0,0,0,0,0,0,0,0.0,0.0,73.14102564102564,0,1,56.79788728465171,False,0
1875,a,b,W,20760,326,-32,-49,a,0,0,0,0,0,0,0,0,0,0,0,0,0,0,0,0.0,0.0,63.48623853211009,0,1,58.52349955359813,False,0
1876,a,b,W,27150,441,-11,-31,a,0,0,0,0,0,0,0,0,0,0,0,0,0,0,0,0.0,0.0,61.425339366515836,0,1,32.89376840679705,False,0
1877,a,b,W,66520,685,118,7,a,0,0,0,0,0,0,0,0,0,0,0,0,0,0,0,0.0,0.0,96.96793002915452,1,0,118.20744477400736,False,0
1878,a,b,W,24360,444,-20,-31,a,0,0,0,0,0,0,0,0,0,0,0,0,0,0,0,0.0,0.0,54.741573033707866,0,1,36.89173349139343,False,0
1879,a,a,W,18160,378,-43,-41,a,0,0,0,0,0,0,0,0,0,0,0,0,0,0,0,0.0,0.0,47.9155672823219,0,1,59.413803110051795,True,0
1880,a,a,W,17860,321,-44,-50,a,1,1,0,0,0,0,0,0,400,400,0,1,0,0,1,0.0,200.0,55.46583850931677,0,1,66.60330322138685,True,0
1881,a,a,W,75050,675,134,5,a,3,0,3,0,0,0,0,0,13000,8000,0,1,0,0,3,0.0,3250.0,111.02071005917159,1,0,134.09325113517085,True,0
1882,a,a,W,80100,867,150,35,a,2,1,1,0,0,0,0,0,1500,1000,0,1,0,0,2,0.0,500.0,92.28110599078342,1,0,154.02921800749363,True,0
1883,a,a,W,27740,423,-13,-34,a,0,0,0,0,0,0,0,0,0,0,0,0,0,0,0,0.0,0.0,65.4245283018868,0,1,36.40054944640259,True,0
1884,a,a,W,32430,527,1,-18,a,0,0,0,0,0,0,0,0,0,0,0,0,0,0,0,0.0,0.0,61.42045454545455,0,0,18.027756377319946,True,0
1885,a,a,W,30750,508,-4,-21,a,0,0,0,0,0,0,0,0,0,0,0,0,0,0,0,0.0,0.0,60.412573673870334,0,1,21.37755832643195,True,0
1886,a,a,W,64920,690,103,7,a,1,0,1,0,0,0,0,0,1000,1000,0,1,0,0,1,0.0,500.0,93.9507959479016,1,0,103.23759005323593,True,0
1887,a,a,W,36930,534,14,-13,a,0,0,0,0,0,0,0,0,0,0,0,0,0,0,0,0.0,0.0,69.02803738317758,0,0,19.1049731745428,True,0
1888,a,a,N,18890,386,102,19,a,1,1,0,0,0,0,0,0,400,400,0,1,0,0,1,0.0,200.0,48.81136950904393,1,0,103.75451797391764,True,0
1889,a,a,W,46400,652,43,7,a,0,0,0,0,0,0,0,0,0,0,0,0,0,0,0,0.0,0.0,71.05666156202145,1,0,43.56604182158393,True,0
1890,a,a,W,96760,1125,197,84,a,0,0,0,0,0,0,0,0,0,0,0,0,0,0,0,0.0,0.0,85.93250444049734,1,0,214.1611542740653,True,0
1891,a,a,W,40350,645,24,5,a,0,0,0,0,0,0,0,0,0,0,0,0,0,0,0,0.0,0.0,62.461300309597526,1,0,24.515301344262525,True,0
1892,a,a,W,90240,1080,177,77,a,0,0,0,0,0,0,0,0,0,0,0,0,0,0,0,0.0,0.0,83.47826086956522,1,0,193.02331465395574,True,0
1893,a,a,W,104340,1269,221,108,a,0,0,0,0,0,0,0,0,0,0,0,0,0,0,0,0.0,0.0,82.15748031496064,1,0,245.97764126033894,True,0
1894,a,a,W,32620,718,0,17,a,0,0,0,0,0,0,0,0,0,0,0,0,0,0,0,0.0,0.0,45.36856745479833,0,0,17.0,True,0
1895,a,a,N,22480,508,227,195,a,0,0,0,0,0,0,0,0,0,0,0,0,0,0,0,0.0,0.0,44.16502946954813,1,0,299.2557434703635,True,0
1896,a,a,N,28710,454,207,40,a,1,0,1,0,0,0,0,0,4000,4000,0,1,0,0,1,0.0,2000.0,63.0989010989011,1,0,210.8293148497144,True,0
1897,a,a,N,29310,445,214,38,a,0,0,0,0,0,0,0,0,0,0,0,0,0,0,0,0.0,0.0,65.71748878923766,1,0,217.34764779035453,True,0
1898,a,a,W,19910,568,-42,-3,a,0,0,0,0,0,0,0,0,0,0,0,0,0,0,0,0.0,0.0,34.99121265377856,0,1,42.1070065428546,True,0
1899,a,a,W,12250,342,-64,-41,a,0,0,0,0,0,0,0,0,0,0,0,0,0,0,0,0.0,0.0,35.714285714285715,0,1,76.00657866263946,True,0
1900,a,a,W,15080,306,-56,-48,a,0,0,0,0,0,0,0,0,0,0,0,0,0,0,0,0.0,0.0,49.12052117263843,0,1,73.7563556583431,True,0
1901,a,a,W,17180,310,-50,-47,a,0,0,0,0,0,0,0,0,0,0,0,0,0,0,0,0.0,0.0,55.241157556270096,0,1,68.62215385719105,True,0
1902,a,a,W,36680,513,47,3,a,0,0,0,0,0,0,0,0,0,0,0,0,0,0,0,0.0,0.0,71.36186770428016,1,0,47.095647357266465,True,0
1903,a,a,N,14170,381,52,18,a,0,0,0,0,0,0,0,0,0,0,0,0,0,0,0,0.0,0.0,37.09424083769633,1,0,55.02726596879042,True,0
1904,a,a,N,18790,322,101,0,a,0,0,0,0,0,0,0,0,0,0,0,0,0,0,0,0.0,0.0,58.1733746130031,0,0,101.0,True,0
1905,a,a,W,14580,321,-60,-47,a,0,0,0,0,0,0,0,0,0,0,0,0,0,0,0,0.0,0.0,45.27950310559006,0,1,76.21679604916491,True,0
1906,a,a,W,22530,328,-39,-46,a,1,1,0,0,0,0,0,0,400,400,0,1,0,0,1,0.0,200.0,68.48024316109422,0,1,60.30754513325841,True,0
1907,a,a,W,18440,403,-50,-34,a,0,0,0,0,0,0,0,0,0,0,0,0,0,0,0,0.0,0.0,45.64356435643565,0,1,60.4648658313239,True,0
1908,a,a,W,64990,802,77,32,a,1,0,1,0,0,0,0,0,4000,4000,0,1,0,0,1,0.0,2000.0,80.93399750933997,1,0,83.38465086573187,True,0
1909,a,a,W,36860,681,0,12,a,1,0,1,0,0,0,0,0,3000,3000,0,1,0,0,1,0.0,1500.0,54.04692082111437,0,0,12.0,True,0
1910,a,a,W,18130,463,-51,-24,a,0,0,0,0,0,0,0,0,0,0,0,0,0,0,0,0.0,0.0,39.07327586206897,0,1,56.36488268416781,True,0
1911,a,a,N,14610,373,56,15,a,0,0,0,0,0,0,0,0,0,0,0,0,0,0,0,0.0,0.0,39.06417112299465,1,0,57.97413216254298,True,0
1912,a,a,N,10040,300,7,-7,a,0,0,0,0,0,0,0,0,0,0,0,0,0,0,0,0.0,0.0,33.35548172757475,0,0,9.899494936611665,True,0
1913,a,a,W,11410,250,-67,-57,a,0,0,0,0,0,0,0,0,0,0,0,0,0,0,0,0.0,0.0,45.45816733067729,0,1,87.96590248499699,True,0
1914,a,a,N,14020,251,50,-22,a,0,0,0,0,0,0,0,0,0,0,0,0,0,0,0,0.0,0.0,55.63492063492063,0,0,54.62600113499065,True,0
1915,a,a,N,12170,226,30,-30,a,0,0,0,0,0,0,0,0,0,0,0,0,0,0,0,0.0,0.0,53.61233480176212,0,0,42.42640687119285,True,0
1916,a,a,N,10040,216,7,-33,a,0,0,0,0,0,0,0,0,0,0,0,0,0,0,0,0.0,0.0,46.26728110599078,0,0,33.734255586866,True,0
1917,a,a,W,9710,248,-72,-57,a,0,0,0,0,0,0,0,0,0,0,0,0,0,0,0,0.0,0.0,38.99598393574297,0,1,91.8313671900838,True,0
1918,a,a,W,55230,904,57,56,a,0,0,0,0,0,0,0,0,0,0,0,0,0,0,0,0.0,0.0,61.027624309392266,1,0,79.90619500389191,True,0
1919,a,a,W,19580,439,-44,-24,a,0,0,0,0,0,0,0,0,0,0,0,0,0,0,0,0.0,0.0,44.5,0,1,50.11985634456667,True,0
1920,a,a,N,15640,326,67,1,a,1,1,0,0,0,0,0,0,200,200,0,1,0,0,1,0.0,100.0,47.82874617737003,1,0,67.00746227100382,True,0
1921,a,a,N,13610,262,46,-19,a,0,0,0,0,0,0,0,0,0,0,0,0,0,0,0,0.0,0.0,51.749049429657795,0,0,49.76946855251722,True,0
1922,a,a,N,9280,294,35,71,a,0,0,0,0,0,0,0,0,0,0,0,0,0,0,0,0.0,0.0,31.45762711864407,1,0,79.1580697086532,True,0
1923,a,a,N,9000,241,31,40,a,0,0,0,0,0,0,0,0,0,0,0,0,0,0,0,0.0,0.0,37.1900826446281,1,0,50.60632371551998,True,0
1924,a,a,N,23440,514,151,59,a,1,0,1,0,0,0,0,0,8000,8000,0,1,0,0,1,0.0,4000.0,45.51456310679612,1,0,162.1172415260018,True,0
1925,a,a,N,6660,274,-29,-15,a,0,0,0,0,0,0,0,0,0,0,0,0,0,0,0,0.0,0.0,24.21818181818182,0,1,32.64965543462902,True,0
1926,a,a,N,5480,236,-20,37,a,0,0,0,0,0,0,0,0,0,0,0,0,0,0,0,0.0,0.0,23.122362869198312,0,0,42.05948168962618,True,0
1927,a,a,N,8030,224,31,42,a,0,0,0,0,0,0,0,0,0,0,0,0,0,0,0,0.0,0.0,35.68888888888889,1,0,52.20153254455275,True,0
1928,a,a,N,4170,181,-49,-34,a,0,0,0,0,0,0,0,0,0,0,0,0,0,0,0,0.0,0.0,22.912087912087912,0,1,59.64059020499378,True,0
1929,a,a,N,7160,182,-13,-34,a,0,0,0,0,0,0,0,0,0,0,0,0,0,0,0,0.0,0.0,39.12568306010929,0,1,36.40054944640259,True,0
1930,a,a,N,13640,210,123,33,a,0,0,0,0,0,0,0,0,0,0,0,0,0,0,0,0.0,0.0,64.64454976303317,1,0,127.34991166074674,True,0
1931,a,a,N,4310,172,-30,9,a,0,0,0,0,0,0,0,0,0,0,0,0,0,0,0,0.0,0.0,24.91329479768786,0,0,31.32091952673165,True,0
1932,a,a,N,3250,127,-47,-20,a,0,0,0,0,0,0,0,0,0,0,0,0,0,0,0,0.0,0.0,25.390625,0,1,51.07837115648854,True,0
1933,a,a,N,3520,107,-42,-32,a,0,0,0,0,0,0,0,0,0,0,0,0,0,0,0,0.0,0.0,32.592592592592595,0,1,52.80151512977634,True,0
1934,a,a,N,2270,78,-82,-69,a,0,0,0,0,0,0,0,0,0,0,0,0,0,0,0,0.0,0.0,28.734177215189874,0,1,107.16809226630845,True,0
1935,a,a,N,6130,111,-28,-59,a,0,0,0,0,0,0,0,0,0,0,0,0,0,0,0,0.0,0.0,54.732142857142854,0,1,65.30696746902278,True,0
1936,a,a,N,3470,84,-59,-69,a,0,0,0,0,0,0,0,0,0,0,0,0,0,0,0,0.0,0.0,40.8235294117647,0,1,90.78546139112804,True,0
1937,a,a,N,9680,139,14,-48,a,1,1,0,0,0,0,0,0,700,700,0,1,0,0,1,0.0,350.0,69.14285714285714,0,0,50.0,True,0
1938,a,a,N,8680,188,31,7,a,0,0,0,0,0,0,0,0,0,0,0,0,0,0,0,0.0,0.0,45.925925925925924,1,0,31.78049716414141,True,0
1939,a,a,N,2440,104,-71,-61,a,0,0,0,0,0,0,0,0,0,0,0,0,0,0,0,0.0,0.0,23.238095238095237,0,1,93.60555539069249,True,0
1940,a,a,N,1350,112,-80,-36,a,0,0,0,0,0,0,0,0,0,0,0,0,0,0,0,0.0,0.0,11.946902654867257,0,1,87.72684879784524,True,0
1941,a,a,N,5440,126,-18,-28,a,1,1,0,0,0,0,0,0,300,300,0,1,0,0,1,0.0,150.0,42.83464566929134,0,1,33.28663395418648,True,0
1942,a,a,N,9990,118,17,-56,a,1,0,1,0,0,0,0,0,1000,1000,0,1,0,0,1,0.0,500.0,83.94957983193277,0,0,58.52349955359813,True,0
1943,a,a,N,2960,108,-76,-57,a,0,0,0,0,0,0,0,0,0,0,0,0,0,0,0,0.0,0.0,27.155963302752294,0,1,95.0,True,0
1944,a,a,N,7020,98,-44,-61,a,0,0,0,0,0,0,0,0,0,0,0,0,0,0,0,0.0,0.0,70.9090909090909,0,1,75.21303078589507,True,0
1945,a,a,N,6130,129,-27,-50,a,0,0,0,0,0,0,0,0,0,0,0,0,0,0,0,0.0,0.0,47.15384615384615,0,1,56.824290580701486,True,0
1946,a,a,W,7320,177,-71,-65,a,0,0,0,0,0,0,0,0,0,0,0,0,0,0,0,0.0,0.0,41.12359550561798,0,1,96.26006440887103,True,0
1947,a,a,W,5710,195,-77,-61,a,0,0,0,0,0,0,0,0,0,0,0,0,0,0,0,0.0,0.0,29.132653061224488,0,1,98.2344135219425,True,0
1948,a,a,W,7430,196,-70,-61,a,0,0,0,0,0,0,0,0,0,0,0,0,0,0,0,0.0,0.0,37.71573604060914,0,1,92.84934033152847,True,0
1949,a,a,W,22220,415,-5,-11,a,1,0,1,0,0,0,0,0,7000,7000,0,1,0,0,1,0.0,3500.0,53.41346153846154,0,1,12.083045973594572,True,0
1950,a,a,W,26400,510,13,9,a,0,0,0,0,0,0,0,0,0,0,0,0,0,0,0,0.0,0.0,51.663405088062625,1,0,15.811388300841896,True,0
1951,a,a,W,11610,315,-21,3,a,0,0,0,0,0,0,0,0,0,0,0,0,0,0,0,0.0,0.0,36.74050632911393,0,0,21.213203435596427,True,0
1952,a,a,W,14580,308,-42,-38,a,0,0,0,0,0,0,0,0,0,0,0,0,0,0,0,0.0,0.0,47.18446601941748,0,1,56.639209034025185,True,0
1953,a,a,W,20760,324,41,6,a,1,1,0,0,0,0,0,0,400,400,1,1,0,0,1,0.0,200.0,63.87692307692308,1,0,41.43669871020132,True,0
1954,a,a,W,28380,628,14,26,a,1,0,0,1,0,0,0,0,20000,20000,0,1,0,1,0,0.5,10000.0,45.11923688394277,1,0,29.5296461204668,True,0
1955,a,a,W,42140,525,187,72,a,1,0,1,0,0,0,0,0,5000,5000,0,1,0,0,1,0.0,2500.0,80.11406844106465,1,0,200.38213493223392,True,0
1956,a,a,W,20350,439,39,44,a,0,0,0,0,0,0,0,0,0,0,0,0,0,0,0,0.0,0.0,46.25,1,0,58.7962583843564,True,0
1957,a,a,W,31810,514,27,3,a,1,1,0,0,0,0,0,0,100,100,0,1,0,0,1,0.0,50.0,61.76699029126213,1,0,27.16615541441225,True,0
1958,a,a,W,44190,696,201,129,a,1,0,1,0,0,0,0,0,2000,2000,0,1,0,0,1,0.0,1000.0,63.40028694404591,1,0,238.83467084994172,True,0
1959,b,a,W,28290,527,100,79,a,0,0,0,0,0,0,0,0,0,0,0,0,0,0,0,0.0,0.0,53.57954545454545,1,0,127.4401820463232,False,0
1960,b,a,W,25090,383,78,30,a,0,0,0,0,0,0,0,0,0,0,0,0,0,0,0,0.0,0.0,65.33854166666667,1,0,83.57032966310472,False,0
1961,b,a,W,16750,398,19,35,a,0,0,0,0,0,0,0,0,0,0,0,0,0,0,0,0.0,0.0,41.97994987468672,1,0,39.824615503479755,False,0
1962,b,a,W,21650,348,53,18,a,0,0,0,0,0,0,0,0,0,0,0,0,0,0,0,0.0,0.0,62.03438395415473,1,0,55.97320787662612,False,0
1963,b,a,W,27320,453,17,-4,a,0,0,0,0,0,0,0,0,0,0,1,0,0,0,0,0.0,0.0,60.17621145374449,0,0,17.46424919657298,False,0
1964,b,a,W,60930,866,101,72,a,1,0,0,1,0,0,0,0,10000,10000,0,1,0,1,0,0.5,5000.0,70.27681660899654,1,0,124.03628501370073,False,0
1965,b,a,W,19660,644,-16,36,a,0,0,0,0,0,0,0,0,0,0,0,0,0,0,0,0.0,0.0,30.48062015503876,0,0,39.395431207184416,False,0
1966,b,a,W,21000,466,-10,-1,a,0,0,0,0,0,0,0,0,0,0,0,0,0,0,0,0.0,0.0,44.96788008565311,0,1,10.04987562112089,False,0
1967,b,a,W,13600,368,-11,20,a,1,1,0,0,0,0,0,0,800,800,0,1,0,0,1,0.0,400.0,36.856368563685635,0,0,22.825424421026653,False,0
1968,b,a,W,18780,337,-35,-32,a,2,1,1,0,0,0,0,0,9900,9000,0,1,0,0,2,0.0,3300.0,55.562130177514796,0,1,47.4236228055175,False,0
1969,b,a,W,19920,400,-15,-15,a,0,0,0,0,0,0,0,0,0,0,0,0,0,0,0,0.0,0.0,49.67581047381546,0,1,21.213203435596427,False,0
1970,b,a,W,20050,295,-14,-37,a,0,0,0,0,0,0,0,0,0,0,0,0,0,0,0,0.0,0.0,67.73648648648648,0,1,39.56008088970496,False,0
1971,b,a,W,18420,255,-21,-46,a,0,0,0,0,0,0,0,0,0,0,0,0,0,0,0,0.0,0.0,71.953125,0,1,50.566787519082126,False,0
1972,b,a,W,36100,350,54,-26,a,1,1,0,0,0,0,0,0,100,100,0,1,0,0,1,0.0,50.0,102.84900284900284,0,0,59.93329625508679,False,0
1973,b,a,W,57010,535,144,14,a,1,1,0,0,0,0,0,0,600,600,0,1,0,0,1,0.0,300.0,106.36194029850746,1,0,144.6789549312546,False,0
1974,b,a,W,56060,600,140,27,a,0,0,0,0,0,0,0,0,0,0,0,0,0,0,0,0.0,0.0,93.27787021630616,1,0,142.57980221616245,False,0
1975,b,a,W,31320,407,35,-13,a,1,0,1,0,0,0,0,0,2000,2000,0,1,0,0,1,0.0,1000.0,76.76470588235294,0,0,37.33630940518894,False,0
1976,b,a,W,26330,386,13,-18,a,0,0,0,0,0,0,0,0,0,0,0,0,0,0,0,0.0,0.0,68.03617571059432,0,0,22.20360331117452,False,0
1977,b,a,W,19640,302,-16,-36,a,0,0,0,0,0,0,0,0,0,0,0,0,0,0,0,0.0,0.0,64.81848184818482,0,1,39.395431207184416,False,0
1978,b,a,W,41260,529,77,13,a,0,0,0,0,0,0,0,0,0,0,0,0,0,0,0,0.0,0.0,77.84905660377359,1,0,78.08969202141856,False,0
1979,b,a,W,60320,632,159,35,a,1,0,1,0,0,0,0,0,3000,3000,0,1,0,0,1,0.0,1500.0,95.29225908372828,1,0,162.8066337714775,False,0
1980,b,a,W,47840,594,106,27,a,0,0,0,0,0,0,0,0,0,0,0,0,0,0,0,0.0,0.0,80.40336134453781,1,0,109.38464243210744,False,0
1981,b,a,W,18690,401,-20,-15,a,1,1,0,0,0,0,0,0,700,700,0,1,0,0,1,0.0,350.0,46.492537313432834,0,1,25.0,False,0
1982,b,a,W,35830,407,54,-13,a,0,0,0,0,0,0,0,0,0,0,0,0,0,0,0,0.0,0.0,87.81862745098039,0,0,55.54277630799526,False,0
1983,a,a,W,30650,424,29,-8,a,1,0,1,0,0,0,0,0,4000,4000,0,1,0,0,1,0.0,2000.0,72.11764705882354,0,0,30.083217912982647,True,0
1984,a,a,W,38400,555,62,21,a,2,0,2,0,0,0,0,0,12000,8000,0,1,0,0,2,0.0,4000.0,69.06474820143885,1,0,65.45991139621256,True,0
1985,a,a,W,48560,726,105,58,a,0,0,0,0,0,0,0,0,0,0,1,0,0,0,0,0.0,0.0,66.79504814305365,1,0,119.95415791042844,True,0
1986,a,a,W,42210,662,78,44,a,2,0,1,1,0,0,0,0,33000,30000,0,1,0,1,1,0.3333333333333333,11000.0,63.665158371040725,1,0,89.55445270895244,True,0
1987,a,a,W,48390,532,104,16,a,0,0,0,0,0,0,0,0,0,0,0,0,0,0,0,0.0,0.0,90.78799249530957,1,0,105.22357150372724,True,0
1988,a,a,W,33310,541,40,18,a,0,0,0,0,0,0,0,0,0,0,0,0,0,0,0,0.0,0.0,61.457564575645755,1,0,43.86342439892262,True,0
1989,a,a,W,65760,772,177,68,a,0,0,0,0,0,0,0,0,0,0,0,0,0,0,0,0.0,0.0,85.07115135834411,1,0,189.61276328348785,True,0
1990,a,a,W,24300,508,2,11,a,0,0,0,0,0,0,0,0,0,0,0,0,0,0,0,0.0,0.0,47.74066797642436,1,0,11.180339887498949,True,0
1991,b,b,W,22010,380,-11,-16,b,0,0,0,0,0,0,0,0,0,0,0,0,0,0,0,0.0,0.0,57.76902887139108,0,1,19.4164878389476,True,0
1992,b,b,W,17290,278,-30,-39,b,1,0,1,0,0,0,0,0,4000,4000,0,1,0,0,1,0.0,2000.0,61.971326164874554,0,1,49.20365840057018,True,0
1993,b,b,W,14460,271,-42,-40,b,0,0,0,0,0,0,0,0,0,0,0,0,0,0,0,0.0,0.0,53.161764705882355,0,1,58.0,True,0
1994,b,b,W,47200,562,91,24,b,0,0,0,0,0,0,0,0,0,0,0,0,0,0,0,0.0,0.0,83.83658969804618,1,0,94.11163583744573,True,0
1995,b,b,W,26750,408,8,-10,b,0,0,0,0,0,0,0,0,0,0,0,0,0,0,0,0.0,0.0,65.40342298288509,0,0,12.806248474865697,True,0
1996,b,b,W,19120,389,-23,-14,b,0,0,0,0,0,0,0,0,0,0,0,0,0,0,0,0.0,0.0,49.02564102564103,0,1,26.92582403567252,True,0
1997,b,b,W,21400,391,-14,-14,b,1,1,0,0,0,0,0,0,300,300,0,1,0,0,1,0.0,150.0,54.59183673469388,0,1,19.79898987322333,True,0
1998,b,b,W,62860,596,154,31,b,3,3,0,0,0,0,0,0,1300,500,0,1,0,0,3,0.0,325.0,105.2931323283082,1,0,157.08914666519772,True,0
1999,b,b,W,60490,788,129,70,b,1,1,0,0,0,0,0,0,600,600,0,1,0,0,1,0.0,300.0,76.66666666666667,1,0,146.76852523616907,True,0
2000,b,b,W,33960,593,29,28,b,1,0,1,0,0,0,0,0,4000,4000,0,1,0,0,1,0.0,2000.0,57.17171717171717,1,0,40.311288741492746,True,0
2001,b,b,W,20080,370,-24,-20,b,0,0,0,0,0,0,0,0,0,0,0,0,0,0,0,0.0,0.0,54.12398921832884,0,1,31.240998703626616,True,0
2002,b,b,W,45330,648,72,40,b,2,2,0,0,0,0,0,0,900,600,1,1,0,0,2,0.0,300.0,69.84591679506934,1,0,82.365041127896,True,0
2003,b,b,W,69230,955,162,106,b,2,0,1,1,0,0,0,0,34000,30000,0,1,0,1,1,0.3333333333333333,11333.333333333334,72.4163179916318,1,0,193.59752064528098,True,0
2004,b,b,W,28360,781,7,68,b,0,0,0,0,0,0,0,0,0,0,0,0,0,0,0,0.0,0.0,36.265984654731454,1,0,68.3593446428504,True,0
2005,b,b,W,14190,453,-46,-2,b,0,0,0,0,0,0,0,0,0,0,0,0,0,0,0,0.0,0.0,31.255506607929515,0,1,46.04345773288535,True,0
2006,b,b,W,15760,570,-40,23,b,1,1,0,0,0,0,0,0,300,300,0,1,0,0,1,0.0,150.0,27.600700525394046,0,0,46.14108798023731,True,0
2007,b,b,W,20640,517,-23,14,a,0,0,0,0,0,0,0,0,0,0,0,0,0,0,0,0.0,0.0,39.84555984555985,0,0,26.92582403567252,False,0
2008,b,b,W,32500,566,21,24,a,0,0,0,0,0,0,0,0,0,0,0,0,0,0,0,0.0,0.0,57.31922398589065,1,0,31.89043743820395,False,0
2009,b,b,W,47600,763,78,68,a,0,0,0,0,0,0,0,0,0,0,0,0,0,0,0,0.0,0.0,62.303664921465966,1,0,103.47946656221224,False,0
2010,b,b,W,24750,548,-8,21,a,0,0,0,0,0,0,0,0,0,0,0,0,0,0,0,0.0,0.0,45.08196721311475,0,0,22.47220505424423,False,0
2011,b,b,W,24500,488,-9,7,a,0,0,0,0,0,0,0,0,0,0,0,0,0,0,0,0.0,0.0,50.102249488752555,0,0,11.40175425099138,False,0
2012,b,b,W,63670,846,138,86,a,0,0,0,0,0,0,0,0,0,0,0,0,0,0,0,0.0,0.0,75.17119244391972,1,0,162.60381299342276,False,0
2013,b,b,W,67810,1002,153,120,a,0,0,0,0,0,0,0,0,0,0,0,0,0,0,0,0.0,0.0,67.60717846460618,1,0,194.4453650771856,False,0
2014,b,b,W,30150,691,13,52,a,0,0,0,0,0,0,0,0,0,0,0,0,0,0,0,0.0,0.0,43.56936416184971,1,0,53.600373133029585,False,0
2015,b,b,W,18490,451,-34,-4,a,0,0,0,0,0,0,0,0,0,0,0,0,0,0,0,0.0,0.0,40.9070796460177,0,1,34.23448553724738,False,0
2016,b,b,W,12670,350,-55,-25,a,0,0,0,0,0,0,0,0,0,0,0,0,0,0,0,0.0,0.0,36.096866096866094,0,1,60.41522986797286,False,0
2017,b,b,W,13590,359,-51,-23,a,1,0,1,0,0,0,0,0,1000,1000,0,1,0,0,1,0.0,500.0,37.75,0,1,55.94640292279746,False,0
2018,b,b,W,27040,347,-3,-26,a,1,1,0,0,0,0,0,0,200,200,0,1,0,0,1,0.0,100.0,77.70114942528735,0,1,26.1725046566048,False,0
2019,b,b,W,20890,386,-25,-18,a,0,0,0,0,0,0,0,0,0,0,0,0,0,0,0,0.0,0.0,53.979328165374675,0,1,30.805843601498726,False,0
2020,b,b,W,42700,700,53,49,a,1,1,0,0,0,0,0,0,400,400,0,1,0,0,1,0.0,200.0,60.91298145506419,1,0,72.18032973047436,False,0
2021,b,b,W,87060,1043,212,122,a,2,1,1,0,0,0,0,0,2800,2000,0,1,0,0,2,0.0,933.3333333333334,83.39080459770115,1,0,244.59762877019065,False,0
2022,b,b,W,43420,623,56,33,a,2,2,0,0,0,0,0,0,500,400,0,1,0,0,2,0.0,166.66666666666666,69.58333333333333,1,0,65.0,False,0
2023,b,b,W,34930,459,19,-6,a,0,0,0,0,0,0,0,0,0,0,0,0,0,0,0,0.0,0.0,75.93478260869566,0,0,19.924858845171276,False,0
2024,b,b,W,64830,916,121,88,a,1,0,1,0,0,0,0,0,6000,6000,0,1,0,0,1,0.0,3000.0,70.6979280261723,1,0,149.61617559608987,False,0
2025,b,b,W,64490,755,120,55,a,0,0,0,0,0,0,0,0,0,0,0,0,0,0,0,0.0,0.0,85.30423280423281,1,0,132.00378782444085,False,0
2026,b,b,W,34620,661,18,36,a,0,0,0,0,0,0,0,0,0,0,0,0,0,0,0,0.0,0.0,52.29607250755287,1,0,40.24922359499622,False,0
2027,b,b,W,48950,744,67,53,a,0,0,0,0,0,0,0,0,0,0,0,0,0,0,0,0.0,0.0,65.70469798657719,1,0,85.42833253669417,False,0
2028,b,b,W,59950,815,105,67,a,0,0,0,0,0,0,0,0,0,0,0,0,0,0,0,0.0,0.0,73.46813725490196,1,0,124.55520864259351,False,0
2029,b,b,W,38590,716,32,47,a,0,0,0,0,0,0,0,0,0,0,0,0,0,0,0,0.0,0.0,53.82147838214784,1,0,56.859475903318,False,0
2030,b,b,W,25050,451,-14,-7,a,0,0,0,0,0,0,0,0,0,0,0,0,0,0,0,0.0,0.0,55.42035398230089,0,1,15.652475842498529,False,0
2031,a,a,W,23930,426,-20,-13,a,0,0,0,0,0,0,0,0,0,0,0,0,0,0,0,0.0,0.0,56.04215456674473,0,1,23.853720883753127,True,0
2032,a,a,W,37480,660,25,35,a,0,0,0,0,0,0,0,0,0,0,0,0,0,0,0,0.0,0.0,56.70196671709531,1,0,43.01162633521314,True,0
2033,a,a,W,41410,630,38,29,a,0,0,0,0,0,0,0,0,0,0,0,0,0,0,0,0.0,0.0,65.62599049128367,1,0,47.80167361086848,True,0
2034,a,a,W,59640,722,98,47,a,2,2,0,0,0,0,0,0,600,400,0,1,0,0,2,0.0,200.0,82.4896265560166,1,0,108.6876257906115,True,0
2035,a,a,W,26210,512,-13,4,a,0,0,0,0,0,0,0,0,0,0,0,0,0,0,0,0.0,0.0,51.0916179337232,0,0,13.601470508735444,True,0
2036,a,a,W,29730,539,-1,10,a,1,1,0,0,0,0,0,0,200,200,0,1,0,0,1,0.0,100.0,55.05555555555556,0,0,10.04987562112089,True,0
2037,a,a,W,26280,404,-13,-18,a,0,0,0,0,0,0,0,0,0,0,0,0,0,0,0,0.0,0.0,64.88888888888889,0,1,22.20360331117452,True,0
2038,a,a,N,40370,755,223,202,a,0,0,0,0,0,0,0,0,0,0,0,0,0,0,0,0.0,0.0,53.3994708994709,1,0,300.8870219866586,True,0
2039,a,a,N,20740,510,66,104,a,0,0,0,0,0,0,0,0,0,0,0,0,0,0,0,0.0,0.0,40.58708414872798,1,0,123.17467272130257,True,0
2040,a,a,N,13520,363,8,45,a,0,0,0,0,0,0,0,0,0,0,0,0,0,0,0,0.0,0.0,37.142857142857146,1,0,45.70557952810576,True,0
2041,a,a,W,24890,363,-26,-32,a,1,1,0,0,0,0,0,0,500,500,0,1,0,0,1,0.0,250.0,68.37912087912088,0,1,41.23105625617661,True,0
2042,a,a,W,31720,423,-6,-21,a,1,1,0,0,0,0,0,0,300,300,0,1,0,0,1,0.0,150.0,74.81132075471699,0,1,21.840329667841555,True,0
2043,a,a,W,19240,370,-43,-31,a,0,0,0,0,0,0,0,0,0,0,0,0,0,0,0,0.0,0.0,51.85983827493261,0,1,53.009433122794285,True,0
2044,a,a,W,25630,423,-24,-21,a,0,0,0,0,0,0,0,0,0,0,0,0,0,0,0,0.0,0.0,60.448113207547166,0,1,31.89043743820395,True,0
2045,a,a,W,21040,402,-38,-25,a,1,1,0,0,0,0,0,0,300,300,0,1,0,0,1,0.0,150.0,52.20843672456576,0,1,45.48626166217664,True,0
2046,a,a,W,32810,524,-3,-2,a,0,0,0,0,0,0,0,0,0,0,1,0,0,0,0,0.0,0.0,62.49523809523809,0,1,3.605551275463989,True,0
2047,a,a,W,33330,482,-5,-12,a,2,1,0,1,0,0,0,0,40200,40000,0,1,0,1,1,0.3333333333333333,13400.0,69.00621118012423,0,1,13.0,True,0
2048,a,a,W,50840,719,46,32,a,1,0,1,0,0,0,0,0,7000,7000,0,1,0,0,1,0.0,3500.0,70.61111111111111,1,0,56.0357029044876,True,0
2049,a,a,W,31430,484,-10,-11,a,0,0,0,0,0,0,0,0,0,0,0,0,0,0,0,0.0,0.0,64.80412371134021,0,1,14.866068747318506,True,0
2050,a,a,W,22810,508,-35,-7,a,0,0,0,0,0,0,0,0,0,0,0,0,0,0,0,0.0,0.0,44.81335952848723,0,1,35.6931365951495,True,0
2051,a,a,W,32220,513,-8,-6,a,2,1,1,0,0,0,0,0,2300,2000,0,1,0,0,2,0.0,766.6666666666666,62.68482490272373,0,1,10.0,True,0
2052,a,a,W,49480,579,42,6,a,0,0,0,0,0,0,0,0,0,0,0,0,0,0,0,0.0,0.0,85.3103448275862,1,0,42.42640687119285,True,0
2053,a,a,W,28350,467,-19,-15,a,0,0,0,0,0,0,0,0,0,0,0,0,0,0,0,0.0,0.0,60.57692307692308,0,1,24.20743687382041,True,0
2054,a,a,W,23160,393,-34,-28,a,0,0,0,0,0,0,0,0,0,0,0,0,0,0,0,0.0,0.0,58.78172588832487,0,1,44.04543109109048,True,0
2055,b,a,W,37570,539,8,0,a,0,0,0,0,0,0,0,0,0,0,0,0,0,0,0,0.0,0.0,69.57407407407408,0,0,8.0,False,0
2056,b,a,W,27480,441,-21,-18,a,1,0,1,0,0,0,0,0,4000,4000,0,1,0,0,1,0.0,2000.0,62.171945701357465,0,1,27.65863337187866,False,0
2057,b,a,W,16830,396,-14,-18,a,0,0,0,0,0,0,0,0,0,0,0,0,0,0,0,0.0,0.0,42.39294710327456,0,1,22.80350850198276,False,0
2058,b,a,W,44330,485,27,-10,a,0,0,0,0,0,0,0,0,0,0,0,0,0,0,0,0.0,0.0,91.21399176954732,0,0,28.792360097775937,False,0
2059,b,a,W,28360,434,-19,-20,a,0,0,0,0,0,0,0,0,0,0,0,0,0,0,0,0.0,0.0,65.19540229885058,0,1,27.586228448267445,False,0
2060,b,a,W,28240,460,-19,-15,a,0,0,0,0,0,0,0,0,0,0,0,0,0,0,0,0.0,0.0,61.25813449023861,0,1,24.20743687382041,False,0
2061,b,a,W,31620,520,-9,-4,a,0,0,0,0,0,0,0,0,0,0,0,0,0,0,0,0.0,0.0,60.69097888675624,0,1,9.848857801796104,False,0
2062,b,a,W,22850,515,-13,-10,a,0,0,0,0,0,0,0,0,0,0,0,0,0,0,0,0.0,0.0,44.28294573643411,0,1,16.401219466856727,False,0
2063,b,a,W,14710,321,-58,-42,a,1,0,1,0,0,0,0,0,2000,2000,0,1,0,0,1,0.0,1000.0,45.683229813664596,0,1,71.61005515987263,False,0
2064,b,a,N,11210,323,-10,29,a,0,0,0,0,0,0,0,0,0,0,0,0,0,0,0,0.0,0.0,34.598765432098766,0,0,30.675723300355934,False,0
2065,b,a,N,16690,267,34,7,a,1,1,0,0,0,0,0,0,800,800,0,1,0,0,1,0.0,400.0,62.276119402985074,1,0,34.713109915419565,False,0
2066,b,a,N,15610,246,25,-2,a,0,0,0,0,0,0,0,0,0,0,0,0,0,0,0,0.0,0.0,63.19838056680162,0,0,25.079872407968907,False,0
2067,b,a,W,20330,413,-42,-25,a,0,0,0,0,0,0,0,0,0,0,0,0,0,0,0,0.0,0.0,49.106280193236714,0,1,48.877397639399746,False,0
2068,b,a,W,18920,330,-46,-40,a,1,1,0,0,0,0,0,0,200,200,0,1,0,0,1,0.0,100.0,57.16012084592145,0,1,60.959002616512684,False,0
2069,b,a,W,30130,403,-15,-27,a,0,0,0,0,0,0,0,0,0,0,0,0,0,0,0,0.0,0.0,74.57920792079207,0,1,30.886890422961002,False,0
2070,b,a,W,20660,335,-42,-39,a,1,1,0,0,0,0,0,0,200,200,0,1,0,0,1,0.0,100.0,61.48809523809524,0,1,57.3149195236284,False,0
2071,b,a,W,14110,280,-59,-49,a,0,0,0,0,0,0,0,0,0,0,0,0,0,0,0,0.0,0.0,50.213523131672595,0,1,76.69419795525604,False,0
2072,b,a,W,36910,455,6,-18,a,0,0,0,0,0,0,0,0,0,0,0,0,0,0,0,0.0,0.0,80.94298245614036,0,0,18.973665961010276,False,0
2073,b,a,W,37620,520,8,-6,a,0,0,0,0,0,0,0,0,0,0,0,0,0,0,0,0.0,0.0,72.20729366602687,0,0,10.0,False,0
2074,b,a,W,24100,392,-31,-29,a,0,0,0,0,0,0,0,0,0,0,0,0,0,0,0,0.0,0.0,61.32315521628499,0,1,42.44997055358225,False,0
2075,b,a,W,39120,651,13,18,a,2,2,0,0,0,0,0,0,1000,900,0,1,0,0,2,0.0,333.3333333333333,60.0,1,0,22.20360331117452,False,0
2076,b,a,W,54070,696,56,26,a,0,0,0,0,0,0,0,0,0,0,0,0,0,0,0,0.0,0.0,77.57532281205165,1,0,61.741396161732524,False,0
2077,b,a,W,32490,595,-7,7,a,0,0,0,0,0,0,0,0,0,0,0,0,0,0,0,0.0,0.0,54.513422818791945,0,0,9.899494936611665,False,0
2078,b,a,W,31800,585,-9,6,a,1,1,0,0,0,0,0,0,100,100,0,1,0,0,1,0.0,50.0,54.26621160409557,0,0,10.816653826391969,False,0
2079,a,a,W,28060,470,-14,-11,a,0,0,0,0,0,0,0,0,0,0,0,0,0,0,0,0.0,0.0,59.575371549893845,0,1,17.804493814764857,True,0
2080,a,a,W,42090,794,30,50,a,2,2,0,0,0,0,0,0,400,200,0,1,0,0,2,0.0,133.33333333333334,52.943396226415096,1,0,58.309518948453004,True,0
2081,a,a,W,34390,646,6,22,a,0,0,0,0,0,0,0,0,0,0,0,0,0,0,0,0.0,0.0,53.15301391035549,1,0,22.80350850198276,True,0
2082,a,a,N,39770,870,218,248,a,0,0,0,0,0,0,0,0,0,0,0,0,0,0,0,0.0,0.0,45.6601607347876,1,0,330.1938824387878,True,0
2083,a,a,N,12560,469,0,88,a,0,0,0,0,0,0,0,0,0,0,0,0,0,0,0,0.0,0.0,26.72340425531915,0,0,88.0,True,0
2084,a,a,N,15840,436,27,74,a,0,0,0,0,0,0,0,0,0,0,0,0,0,0,0,0.0,0.0,36.24713958810069,1,0,78.77182237323191,True,0
2085,a,a,N,10690,297,-14,19,a,0,0,0,0,0,0,0,0,0,0,0,0,0,0,0,0.0,0.0,35.87248322147651,0,0,23.600847442411894,True,0
2086,a,a,N,8460,223,-32,-11,a,0,0,0,0,0,0,0,0,0,0,0,0,0,0,0,0.0,0.0,37.767857142857146,0,1,33.83784863137726,True,0
2087,a,a,N,6530,266,-48,6,a,0,0,0,0,0,0,0,0,0,0,0,0,0,0,0,0.0,0.0,24.45692883895131,0,0,48.373546489791295,True,0
2088,a,a,N,9010,255,-28,2,a,0,0,0,0,0,0,0,0,0,0,0,0,0,0,0,0.0,0.0,35.1953125,0,0,28.071337695236398,True,0
2089,a,a,N,4720,186,-62,-26,a,0,0,0,0,0,0,0,0,0,0,0,0,0,0,0,0.0,0.0,25.240641711229948,0,1,67.23094525588644,True,0
2090,a,a,N,10250,177,-18,-29,a,0,0,0,0,0,0,0,0,0,0,0,0,0,0,0,0.0,0.0,57.58426966292135,0,1,34.132096331752024,True,0
2091,a,a,N,9890,210,-21,-16,a,0,0,0,0,0,0,0,0,0,0,0,0,0,0,0,0.0,0.0,46.872037914691944,0,1,26.40075756488817,True,0
2092,a,a,N,11330,246,-9,-2,a,0,0,0,0,0,0,0,0,0,0,0,0,0,0,0,0.0,0.0,45.87044534412956,0,1,9.219544457292887,True,0
2093,a,a,N,4140,186,-67,-26,a,0,0,0,0,0,0,0,0,0,0,0,0,0,0,0,0.0,0.0,22.13903743315508,0,1,71.8679344353238,True,0
2094,a,a,N,9700,216,-22,-14,a,0,0,0,0,0,0,0,0,0,0,0,0,0,0,0,0.0,0.0,44.70046082949309,0,1,26.076809620810597,True,0
2095,a,a,N,6860,282,-45,13,a,0,0,0,0,0,0,0,0,0,0,0,0,0,0,0,0.0,0.0,24.24028268551237,0,0,46.84015371452148,True,0
2096,a,a,N,5470,237,-56,-5,a,0,0,0,0,0,0,0,0,0,0,0,0,0,0,0,0.0,0.0,22.983193277310924,0,1,56.22277118748239,True,0
2097,a,a,N,4620,175,-63,-30,a,0,0,0,0,0,0,0,0,0,0,0,0,0,0,0,0.0,0.0,26.25,0,1,69.77822009767804,True,0
2098,a,a,N,3120,190,-75,-24,a,0,0,0,0,0,0,0,0,0,0,0,0,0,0,0,0.0,0.0,16.335078534031414,0,1,78.74642849044012,True,0
2099,a,a,N,4160,189,-67,-24,a,0,0,0,0,0,0,0,0,0,0,0,0,0,0,0,0.0,0.0,21.894736842105264,0,1,71.16881339463234,True,0
2100,a,a,N,5280,178,-29,-16,a,0,0,0,0,0,0,0,0,0,0,0,0,0,0,0,0.0,0.0,29.497206703910614,0,1,33.12099032335839,True,0
2101,a,a,N,5310,287,-58,15,a,0,0,0,0,0,0,0,0,0,0,0,0,0,0,0,0.0,0.0,18.4375,0,0,59.90826320300064,True,0
2102,a,a,N,7060,241,-44,-4,a,0,0,0,0,0,0,0,0,0,0,0,0,0,0,0,0.0,0.0,29.173553719008265,0,1,44.181444068749045,True,0
2103,a,a,N,8810,262,-27,6,a,0,0,0,0,0,0,0,0,0,0,0,0,0,0,0,0.0,0.0,33.49809885931559,0,0,27.65863337187866,True,0
2104,a,a,N,8170,274,-32,11,a,0,0,0,0,0,0,0,0,0,0,0,0,0,0,0,0.0,0.0,29.70909090909091,0,0,33.83784863137726,True,0
2105,a,a,N,7080,260,-41,5,a,0,0,0,0,0,0,0,0,0,0,0,0,0,0,0,0.0,0.0,27.126436781609197,0,0,41.30375285612676,True,0
2106,a,a,N,9260,266,-23,8,a,0,0,0,0,0,0,0,0,0,0,0,0,0,0,0,0.0,0.0,34.6816479400749,0,0,24.351591323771842,True,0
2107,a,a,N,12070,296,0,20,a,1,1,0,0,0,0,0,0,100,100,0,1,0,0,1,0.0,50.0,40.63973063973064,0,0,20.0,True,0
2108,a,a,N,8440,261,-30,6,a,0,0,0,0,0,0,0,0,0,0,0,0,0,0,0,0.0,0.0,32.213740458015266,0,0,30.59411708155671,True,0
2109,a,a,N,6880,250,-43,1,a,0,0,0,0,0,0,0,0,0,0,0,0,0,0,0,0.0,0.0,27.410358565737052,0,0,43.01162633521314,True,0
2110,a,a,N,15870,312,31,26,a,1,0,1,0,0,0,0,0,4000,4000,0,1,0,0,1,0.0,2000.0,50.70287539936102,1,0,40.45985664828782,True,0
2111,a,a,N,12400,313,9,28,a,0,0,0,0,0,0,0,0,0,0,0,0,0,0,0,0.0,0.0,39.49044585987261,1,0,29.410882339705484,True,0
2112,a,a,N,6160,258,-46,6,a,0,0,0,0,0,0,0,0,0,0,0,0,0,0,0,0.0,0.0,23.783783783783782,0,0,46.389654018972806,True,0
2113,a,a,N,22470,307,98,26,a,1,1,0,0,0,0,0,0,300,300,0,1,0,0,1,0.0,150.0,72.95454545454545,1,0,101.39033484509261,True,0
2114,a,a,N,8180,273,-28,12,a,0,0,0,0,0,0,0,0,0,0,0,0,0,0,0,0.0,0.0,29.854014598540147,0,0,30.463092423455635,True,0
2115,a,a,N,10730,205,-5,-16,a,0,0,0,0,0,0,0,0,0,0,0,0,0,0,0,0.0,0.0,52.0873786407767,0,1,16.76305461424021,True,0
2116,a,a,N,7090,220,-38,-10,a,0,0,0,0,0,0,0,0,0,0,0,0,0,0,0,0.0,0.0,32.081447963800905,0,1,39.293765408777,True,0
2117,a,a,N,10720,271,-5,11,a,1,1,0,0,0,0,0,0,300,300,0,1,0,0,1,0.0,150.0,39.411764705882355,0,0,12.083045973594572,True,0
2118,a,a,N,7660,221,-32,-9,a,0,0,0,0,0,0,0,0,0,0,0,0,0,0,0,0.0,0.0,34.5045045045045,0,1,33.24154027718932,True,0
2119,a,a,N,7360,213,-4,-10,a,0,0,0,0,0,0,0,0,0,0,0,0,0,0,0,0.0,0.0,34.39252336448598,0,1,10.770329614269007,True,0
2120,a,a,N,8320,213,9,-10,a,0,0,0,0,0,0,0,0,0,0,0,0,0,0,0,0.0,0.0,38.87850467289719,0,0,13.45362404707371,True,0
2121,a,a,N,7160,228,-6,-4,a,0,0,0,0,0,0,0,0,0,0,0,0,0,0,0,0.0,0.0,31.266375545851528,0,1,7.211102550927978,True,0
2122,a,a,W,13990,307,-58,-43,a,0,0,0,0,0,0,0,0,0,0,0,0,0,0,0,0.0,0.0,45.422077922077925,0,1,72.20110802473879,True,0
2123,a,a,W,14650,325,-56,-40,a,1,1,0,0,0,0,0,0,300,300,0,1,0,0,1,0.0,150.0,44.938650306748464,0,1,68.81860213634101,True,0
2124,a,a,W,30000,631,-9,17,a,2,1,1,0,0,0,0,0,8300,8000,0,1,0,0,2,0.0,2766.6666666666665,47.46835443037975,0,0,19.235384061671343,True,0
2125,a,a,W,29690,636,-10,18,a,1,1,0,0,0,0,0,0,800,800,0,1,0,0,1,0.0,400.0,46.60910518053375,0,0,20.591260281974,True,0
2126,a,a,W,34900,946,6,76,a,1,0,1,0,0,0,0,0,4000,4000,0,1,0,0,1,0.0,2000.0,36.8532206969377,1,0,76.23647421018367,True,0
2127,a,a,W,48930,769,54,46,a,0,0,0,0,0,0,0,0,0,0,0,0,0,0,0,0.0,0.0,63.54545454545455,1,0,70.9365914038728,True,0
2128,a,a,W,38530,952,21,81,a,0,0,0,0,0,0,0,0,0,0,0,0,0,0,0,0.0,0.0,40.4302203567681,1,0,83.67795408588812,True,0
2129,a,a,W,21480,537,-32,2,a,0,0,0,0,0,0,0,0,0,0,0,0,0,0,0,0.0,0.0,39.92565055762082,0,0,32.0624390837628,True,0
2130,a,a,W,25480,484,-20,-8,a,1,0,1,0,0,0,0,0,7000,7000,0,1,0,0,1,0.0,3500.0,52.5360824742268,0,1,21.540659228538015,True,0
2131,a,a,W,43290,663,36,26,a,0,0,0,0,0,0,0,0,0,0,0,0,0,0,0,0.0,0.0,65.19578313253012,1,0,44.40720662234904,True,0
2132,a,a,W,27230,430,-14,-18,a,0,0,0,0,0,0,0,0,0,0,0,0,0,0,0,0.0,0.0,63.17865429234339,0,1,22.80350850198276,True,0
2133,a,a,W,49440,491,56,-7,a,3,1,2,0,0,0,0,0,9300,6000,0,1,0,0,3,0.0,2325.0,100.48780487804878,0,0,56.43580423808985,True,0
2134,a,a,W,33900,682,7,29,a,0,0,0,0,0,0,0,0,0,0,0,0,0,0,0,0.0,0.0,49.633967789165446,1,0,29.832867780352597,True,0
2135,a,a,W,25680,515,-14,2,a,0,0,0,0,0,0,0,0,0,0,0,0,0,0,0,0.0,0.0,49.76744186046512,0,0,14.142135623730951,True,0
2136,a,a,W,10320,311,-65,-38,a,0,0,0,0,0,0,0,0,0,0,0,0,0,0,0,0.0,0.0,33.07692307692308,0,1,75.29276193632427,True,0
2137,a,a,W,11860,292,-60,-42,a,0,0,0,0,0,0,0,0,0,0,0,0,0,0,0,0.0,0.0,40.477815699658706,0,1,73.23933369440222,True,0
2138,a,a,W,14010,340,-53,-32,a,1,1,0,0,0,0,0,0,600,600,0,1,0,0,1,0.0,300.0,41.085043988269796,0,1,61.91122676865643,True,0
2139,a,a,W,16320,297,-45,-41,a,0,0,0,0,0,0,0,0,0,0,0,0,0,0,0,0.0,0.0,54.76510067114094,0,1,60.876925020897694,True,0
2140,a,a,W,23190,368,-22,-27,a,0,0,0,0,0,0,0,0,0,0,0,0,0,0,0,0.0,0.0,62.84552845528455,0,1,34.828149534535996,True,0
2141,a,a,W,48600,562,64,12,a,0,0,0,0,0,0,0,0,0,0,0,0,0,0,0,0.0,0.0,86.32326820603907,1,0,65.11528238439882,True,0
2142,a,a,W,28660,471,-3,-6,a,1,1,0,0,0,0,0,0,600,600,0,1,0,0,1,0.0,300.0,60.720338983050844,0,1,6.708203932499369,True,0
2143,a,a,W,17370,379,-42,-26,a,0,0,0,0,0,0,0,0,0,0,0,0,0,0,0,0.0,0.0,45.71052631578947,0,1,49.39635614091387,True,0
2144,a,a,W,21900,370,-27,-28,a,0,0,0,0,0,0,0,0,0,0,0,0,0,0,0,0.0,0.0,59.02964959568733,0,1,38.897300677553446,True,0
2145,a,a,W,74470,655,148,28,a,0,0,0,0,0,0,0,0,0,0,0,0,0,0,0,0.0,0.0,113.52134146341463,1,0,150.62536307010186,True,0
2146,a,a,W,40770,522,36,2,a,1,0,1,0,0,0,0,0,8000,8000,0,1,0,0,1,0.0,4000.0,77.95411089866157,1,0,36.05551275463989,True,0
2147,a,a,W,14210,469,-53,-8,a,0,0,0,0,0,0,0,0,0,0,0,0,0,0,0,0.0,0.0,30.23404255319149,0,1,53.600373133029585,True,0
2148,a,a,W,15080,351,-50,-32,a,0,0,0,0,0,0,0,0,0,0,0,0,0,0,0,0.0,0.0,42.84090909090909,0,1,59.36328831862332,True,0
2149,a,a,W,28140,443,-6,-14,a,0,0,0,0,0,0,0,0,0,0,0,0,0,0,0,0.0,0.0,63.37837837837838,0,1,15.231546211727817,True,0
2150,a,a,W,42010,601,40,17,a,0,0,0,0,0,0,0,0,0,0,0,0,0,0,0,0.0,0.0,69.78405315614619,1,0,43.46262762420146,True,0
2151,a,a,W,28450,528,3,9,a,0,0,0,0,0,0,0,0,0,0,0,0,0,0,0,0.0,0.0,53.78071833648393,1,0,9.486832980505138,True,0
2152,a,a,W,77740,758,182,57,a,2,1,1,0,0,0,0,0,1200,1000,1,1,0,0,2,0.0,400.0,102.42424242424242,1,0,190.71706793048176,True,0
2153,a,a,W,39900,573,45,19,a,1,0,0,1,0,0,0,0,40000,40000,0,1,0,1,0,0.5,20000.0,69.51219512195122,1,0,48.84669896727925,True,0
2154,a,a,W,31220,530,13,10,a,0,0,0,0,0,0,0,0,0,0,0,0,0,0,0,0.0,0.0,58.79472693032015,1,0,16.401219466856727,True,0
2155,a,a,W,46540,729,69,51,a,1,1,0,0,0,0,0,0,300,300,1,1,0,0,1,0.0,150.0,63.75342465753425,1,0,85.80209787645055,True,0
2156,a,a,W,64150,872,133,81,a,1,0,0,1,0,0,0,0,20000,20000,0,1,0,1,0,0.5,10000.0,73.48224513172967,1,0,155.72411502397438,True,0
2157,a,a,W,45940,702,67,45,a,0,0,0,0,0,0,0,0,0,0,0,0,0,0,0,0.0,0.0,65.34850640113798,1,0,80.7093550959243,True,0
2158,a,a,W,27350,602,-1,25,a,1,1,0,0,0,0,0,0,200,200,0,1,0,0,1,0.0,100.0,45.356550580431175,0,0,25.019992006393608,True,0
2159,b,a,W,10220,408,-62,-14,a,0,0,0,0,0,0,0,0,0,0,0,0,0,0,0,0.0,0.0,24.987775061124694,0,1,63.56099432828282,False,0
2160,b,a,W,24400,352,-10,-25,a,1,0,1,0,0,0,0,0,2000,2000,0,1,0,0,1,0.0,1000.0,69.12181303116148,0,1,26.92582403567252,False,0
2161,b,a,W,17120,332,-37,-30,a,0,0,0,0,0,0,0,0,0,0,0,0,0,0,0,0.0,0.0,51.411411411411414,0,1,47.634021455258214,False,0
2162,b,a,W,35540,487,31,3,a,0,0,0,0,0,0,0,0,0,0,0,0,0,0,0,0.0,0.0,72.82786885245902,1,0,31.144823004794873,False,0
2163,b,a,W,53660,627,97,33,a,3,2,1,0,0,0,0,0,2100,1000,0,1,0,0,3,0.0,525.0,85.44585987261146,1,0,102.45974819410792,False,0
2164,b,a,W,31560,491,16,4,a,1,0,1,0,0,0,0,0,2000,2000,0,1,0,0,1,0.0,1000.0,64.14634146341463,1,0,16.492422502470642,False,0
2165,b,a,W,45910,656,69,39,a,0,0,0,0,0,0,0,0,0,0,0,0,0,0,0,0.0,0.0,69.87823439878234,1,0,79.25906888173743,False,0
2166,b,a,W,54920,801,102,70,a,1,1,0,0,0,0,0,0,200,200,0,1,0,0,1,0.0,100.0,68.47880299251871,1,0,123.70933675353692,False,0
2167,b,a,W,71360,827,143,67,a,2,1,1,0,0,0,0,0,4700,4000,0,1,0,0,2,0.0,1566.6666666666667,86.18357487922705,1,0,157.91770008456936,False,0
2168,b,a,W,34740,563,18,13,a,0,0,0,0,0,0,0,0,0,0,0,0,0,0,0,0.0,0.0,61.59574468085106,1,0,22.20360331117452,False,0
2169,b,a,W,39830,636,36,28,a,0,0,0,0,0,0,0,0,0,0,0,0,0,0,0,0.0,0.0,62.527472527472526,1,0,45.60701700396552,False,0
2170,b,a,W,55130,800,88,61,a,0,0,0,0,0,0,0,0,0,0,0,0,0,0,0,0.0,0.0,68.82646691635456,1,0,107.07474025184464,False,0
2171,b,a,W,42060,740,43,49,a,0,0,0,0,0,0,0,0,0,0,0,0,0,0,0,0.0,0.0,56.76113360323887,1,0,65.19202405202648,False,0
2172,b,a,W,56550,1092,93,120,a,0,0,0,0,0,0,0,0,0,0,0,0,0,0,0,0.0,0.0,51.73833485818847,1,0,151.81897114655993,False,0
2173,b,a,W,65930,869,125,75,a,0,0,0,0,0,0,0,0,0,0,0,0,0,0,0,0.0,0.0,75.7816091954023,1,0,145.7737973711325,False,0
2174,b,a,W,29370,694,0,40,a,0,0,0,0,0,0,0,0,0,0,0,0,0,0,0,0.0,0.0,42.2589928057554,0,0,40.0,False,0
2175,b,b,W,74380,895,153,80,a,0,0,0,0,0,0,0,0,0,0,0,0,0,0,0,0.0,0.0,83.01339285714286,1,0,172.6528308484978,False,0
2176,b,b,W,63190,840,115,69,a,2,2,0,0,0,0,0,0,600,400,0,1,0,0,2,0.0,200.0,75.13674197384067,1,0,134.1118935814419,False,0
2177,b,b,W,90090,1132,207,128,a,1,0,1,0,0,0,0,0,4000,4000,0,1,0,0,1,0.0,2000.0,79.51456310679612,1,0,243.37830634631345,False,0
2178,b,b,W,134070,1283,357,159,b,0,0,0,0,0,0,0,0,0,0,0,0,0,0,0,0.0,0.0,104.41588785046729,1,0,390.8068576675696,True,0
2179,b,b,W,100960,1183,244,138,b,1,1,0,0,0,0,0,0,100,100,0,1,0,0,1,0.0,50.0,85.27027027027027,1,0,280.3212442894758,True,0
2180,b,b,W,124380,1220,324,146,c,0,0,0,0,0,0,0,0,0,0,0,0,0,0,0,0.0,0.0,101.86732186732186,1,0,355.3758573679422,False,1
2181,b,b,W,162810,1768,455,256,c,2,2,0,0,0,0,0,0,700,500,0,1,0,0,2,0.0,233.33333333333334,92.03504804974563,1,0,522.0737495795015,False,1
2182,b,b,W,69450,1412,137,185,b,0,0,0,0,0,0,0,0,0,0,0,0,0,0,0,0.0,0.0,49.15074309978768,1,0,230.20425712831639,True,0
2183,a,c,N,47250,961,517,305,c,1,1,0,0,0,0,0,0,200,200,0,1,0,0,1,0.0,100.0,49.11642411642411,1,0,600.2616096336664,False,1
2184,a,c,N,33530,747,338,215,c,1,0,1,0,0,0,0,0,1000,1000,0,1,0,0,1,0.0,500.0,44.82620320855615,1,0,400.5858210171698,False,1
2185,a,c,N,25050,678,227,186,c,0,0,0,0,0,0,0,0,0,0,0,0,0,0,0,0.0,0.0,36.89248895434462,1,0,293.47061181658376,False,1
2186,a,c,N,24940,543,226,129,c,2,1,1,0,0,0,0,0,2500,2000,0,1,0,0,2,0.0,833.3333333333334,45.845588235294116,1,0,260.2249027283899,False,1
2187,a,c,N,24740,530,223,123,c,1,0,1,0,0,0,0,0,7000,7000,0,1,0,0,1,0.0,3500.0,46.591337099811675,1,0,254.67233850577492,False,1
2188,a,c,N,24620,490,222,106,c,1,1,0,0,0,0,0,0,400,400,0,1,0,0,1,0.0,200.0,50.14256619144603,1,0,246.0081299469593,False,1
2189,a,c,W,34360,730,10,39,c,0,0,0,0,0,0,0,0,0,0,0,0,0,0,0,0.0,0.0,47.00410396716826,1,0,40.26164427839479,False,1
2190,a,c,W,101280,1116,223,112,c,1,1,0,0,0,0,0,0,700,700,0,1,0,0,1,0.0,350.0,90.67144136078782,1,0,249.545587017683,False,1
2191,a,c,W,53180,1048,34,70,c,0,0,0,0,0,0,0,0,0,0,0,0,0,0,0,0.0,0.0,50.69590085795996,1,0,77.82030583337487,False,1
2192,a,c,W,34900,798,-12,30,c,0,0,0,0,0,0,0,0,0,0,0,0,0,0,0,0.0,0.0,43.67959949937422,0,0,32.31098884280702,False,1
2193,a,c,W,71540,608,80,-1,c,2,0,2,0,0,0,0,0,4000,2000,0,1,0,0,2,0.0,1333.3333333333333,117.47126436781609,0,0,80.00624975587844,False,1
2194,a,c,W,60300,575,52,-7,c,0,0,0,0,0,0,0,0,0,0,0,0,0,0,0,0.0,0.0,104.6875,0,0,52.46903848937962,False,1
2195,a,c,W,43730,832,10,35,c,0,0,0,0,0,0,0,0,0,0,0,0,0,0,0,0.0,0.0,52.49699879951981,1,0,36.40054944640259,False,1
2196,a,c,W,52680,985,33,60,c,1,0,1,0,0,0,0,0,3000,3000,0,1,0,0,1,0.0,1500.0,53.427991886409735,1,0,68.47627326307996,False,1
2197,a,c,W,40750,725,3,18,c,0,0,0,0,0,0,0,0,0,0,0,0,0,0,0,0.0,0.0,56.129476584022036,1,0,18.24828759089466,False,1
2198,a,c,W,37660,658,-5,7,c,0,0,0,0,0,0,0,0,0,0,0,0,0,0,0,0.0,0.0,57.147192716236724,0,0,8.602325267042627,False,1
2199,a,c,W,26590,552,-34,-13,c,0,0,0,0,0,0,0,0,0,0,0,0,0,0,0,0.0,0.0,48.08318264014466,0,1,36.40054944640259,False,1
2200,a,c,W,63410,767,57,21,c,1,1,0,0,0,0,0,0,600,600,0,1,0,0,1,0.0,300.0,82.56510416666667,1,0,60.74537019394976,False,1
2201,a,c,W,51740,847,28,33,c,1,1,0,0,0,0,0,0,200,200,0,1,0,0,1,0.0,100.0,61.014150943396224,1,0,43.278170016764804,False,1
2202,a,c,W,27950,702,-31,10,c,0,0,0,0,0,0,0,0,0,0,0,0,0,0,0,0.0,0.0,39.758179231863444,0,0,32.57299494980466,False,1
2203,a,c,W,37170,881,-8,39,c,0,0,0,0,0,0,0,0,0,0,0,0,0,0,0,0.0,0.0,42.142857142857146,0,0,39.81205847478876,False,1
2204,a,c,W,38620,719,-4,13,c,1,1,0,0,0,0,0,0,500,500,0,1,0,0,1,0.0,250.0,53.638888888888886,0,0,13.601470508735444,False,1
2205,a,c,W,54500,757,35,19,c,0,0,0,0,0,0,0,0,0,0,0,0,0,0,0,0.0,0.0,71.89973614775725,1,0,39.824615503479755,False,1
2206,a,c,W,43740,1056,9,66,c,0,0,0,0,0,0,0,0,0,0,0,0,0,0,0,0.0,0.0,41.381267738883636,1,0,66.61080993352356,False,1
2207,a,c,W,22210,658,-48,0,b,0,0,0,0,0,0,0,0,0,0,0,0,0,0,0,0.0,0.0,33.70257966616085,0,0,48.0,False,1
2208,a,c,W,52510,917,23,39,b,1,0,1,0,0,0,0,0,4000,4000,0,1,0,0,1,0.0,2000.0,57.20043572984749,1,0,45.27692569068709,False,1
2209,a,c,W,67230,1155,57,75,b,2,1,1,0,0,0,0,0,3500,3000,1,1,0,0,2,0.0,1166.6666666666667,58.15743944636678,1,0,94.2019108086455,False,1
2210,a,c,W,95180,1144,122,73,b,2,0,1,1,0,0,0,0,27000,20000,1,1,0,1,1,0.3333333333333333,9000.0,83.12663755458516,1,0,142.1724305201258,False,1
2211,a,c,W,151920,1132,255,71,b,2,1,0,1,0,0,0,0,20300,20000,0,1,0,1,1,0.3333333333333333,6766.666666666667,134.0864960282436,1,0,264.6998299961675,False,1
2212,a,c,W,106030,988,148,49,b,0,0,0,0,0,0,0,0,0,0,0,0,0,0,0,0.0,0.0,107.20930232558139,1,0,155.90060936378666,False,1
2213,a,c,W,81430,886,90,34,b,0,0,0,0,0,0,0,0,0,0,0,0,0,0,0,0.0,0.0,91.80383314543404,1,0,96.20810776644555,False,1
2214,a,c,W,124850,1014,191,53,b,0,0,0,0,0,0,0,0,0,0,0,0,0,0,0,0.0,0.0,123.00492610837438,1,0,198.21705274773913,False,1
2215,b,c,W,68040,1049,50,51,b,1,0,1,0,0,0,0,0,4000,4000,0,1,0,0,1,0.0,2000.0,64.8,1,0,71.42128534267638,False,1
2216,b,c,W,57440,538,27,-23,b,0,0,0,0,0,0,0,0,0,0,0,0,0,0,0,0.0,0.0,106.56771799628943,0,0,35.4682957019364,False,1
2217,b,c,W,111380,952,146,37,b,1,1,0,0,0,0,0,0,400,400,0,1,0,0,1,0.0,200.0,116.87303252885624,1,0,150.6154042586614,False,1
2218,b,c,W,84510,1049,87,51,b,1,1,0,0,0,0,0,0,200,200,0,1,0,0,1,0.0,100.0,80.48571428571428,1,0,100.84641788382967,False,1
2219,b,c,W,52690,684,16,-2,b,1,0,1,0,0,0,0,0,2000,2000,0,1,0,0,1,0.0,1000.0,76.91970802919708,0,0,16.1245154965971,False,1
2220,b,c,W,87250,1048,93,51,b,1,1,0,0,0,0,0,0,500,500,0,1,0,0,1,0.0,250.0,83.17445185891324,1,0,106.06601717798213,False,1
2221,b,c,W,39900,984,-12,41,b,1,0,1,0,0,0,0,0,4000,4000,0,1,0,0,1,0.0,2000.0,40.50761421319797,0,0,42.720018726587654,False,1
2222,b,c,W,45020,936,-1,35,b,1,0,1,0,0,0,0,0,1000,1000,0,1,0,0,1,0.0,500.0,48.046958377801495,0,0,35.014282800023196,False,1
2223,b,b,W,31630,577,-37,-21,a,0,0,0,0,0,0,0,0,0,0,0,0,0,0,0,0.0,0.0,54.72318339100346,0,1,42.5440947723653,False,0
2224,b,b,W,40670,608,-19,-17,a,1,1,0,0,0,0,0,0,200,200,0,1,0,0,1,0.0,100.0,66.7816091954023,0,1,25.495097567963924,False,0
2225,b,b,W,49420,819,-2,12,a,0,0,0,0,0,0,0,0,0,0,0,0,0,0,0,0.0,0.0,60.26829268292683,0,0,12.165525060596439,False,0
2226,b,b,W,25250,668,-50,-9,a,1,0,1,0,0,0,0,0,4000,4000,0,1,0,0,1,0.0,2000.0,37.742899850523166,0,1,50.80354318352215,False,0
2227,b,b,W,27900,598,-45,-18,a,1,1,0,0,0,0,0,0,300,300,0,1,0,0,1,0.0,150.0,46.57762938230384,0,1,48.46648326421054,False,0
2228,b,b,W,59950,865,19,18,a,1,1,0,0,0,0,0,0,700,700,0,1,0,0,1,0.0,350.0,69.22632794457274,1,0,26.1725046566048,False,0
2229,b,b,W,44410,1113,-12,52,a,1,0,1,0,0,0,0,0,4000,4000,0,1,0,0,1,0.0,2000.0,39.86535008976661,0,0,53.36665625650534,False,0
2230,b,b,N,16930,792,121,234,a,1,1,0,0,0,0,0,0,200,200,1,1,0,0,1,0.0,100.0,21.349306431273643,1,0,263.4331034627197,False,0
2231,b,b,W,7770,300,-57,-33,a,1,0,0,1,0,0,0,0,20000,20000,0,1,0,1,0,0.5,10000.0,25.813953488372093,0,1,65.86349520030045,False,0
2232,b,b,W,19860,732,9,64,a,1,0,1,0,0,0,0,0,3000,3000,0,1,0,0,1,0.0,1500.0,27.09413369713506,1,0,64.6297145282261,False,0
2233,b,b,W,12220,465,-78,-41,a,0,0,0,0,0,0,0,0,0,0,0,0,0,0,0,0.0,0.0,26.223175965665234,0,1,88.11923740024082,False,0
2234,b,b,W,25430,634,-11,-17,a,0,0,0,0,0,0,0,0,0,0,0,0,0,0,0,0.0,0.0,40.04724409448819,0,1,20.248456731316587,False,0
2235,b,b,W,31610,860,10,12,a,0,0,0,0,0,0,0,0,0,0,0,0,0,0,0,0.0,0.0,36.71312427409988,1,0,15.620499351813308,False,0
2236,b,b,W,57440,879,4,12,a,0,0,0,0,0,0,0,0,0,0,0,0,0,0,0,0.0,0.0,65.27272727272727,1,0,12.649110640673518,False,0
2237,b,b,W,54660,1287,90,68,a,0,0,0,0,0,0,0,0,0,0,0,0,0,0,0,0.0,0.0,42.43788819875776,1,0,112.8007092176286,False,0
2238,b,b,W,49030,1026,71,34,a,0,0,0,0,0,0,0,0,0,0,0,0,0,0,0,0.0,0.0,47.74099318403116,1,0,78.7210264160726,False,0
2239,b,a,W,68600,1052,138,33,a,1,1,0,0,0,0,0,0,900,900,0,1,0,0,1,0.0,450.0,65.14719848053181,1,0,141.89080308462562,False,0
2240,b,a,W,29560,1067,2,35,a,0,0,0,0,0,0,0,0,0,0,0,0,0,0,0,0.0,0.0,27.677902621722847,1,0,35.05709628591621,False,0
2241,b,a,W,19990,669,-64,-18,a,0,0,0,0,0,0,0,0,0,0,0,0,0,0,0,0.0,0.0,29.83582089552239,0,1,66.48308055437865,False,0
2242,b,a,W,28900,692,0,-13,a,0,0,0,0,0,0,0,0,0,0,0,0,0,0,0,0.0,0.0,41.702741702741704,0,0,13.0,False,0
2243,b,a,W,65350,1081,18,33,a,0,0,0,0,0,0,0,0,0,0,0,0,0,0,0,0.0,0.0,60.39741219963032,1,0,37.589892258425,False,0
2244,b,a,W,81480,1112,182,40,a,1,1,0,0,0,0,0,0,300,300,0,1,0,0,1,0.0,150.0,73.20754716981132,1,0,186.34376834227646,False,0
2245,b,a,W,43860,947,52,20,a,0,0,0,0,0,0,0,0,0,0,0,0,0,0,0,0.0,0.0,46.265822784810126,1,0,55.71355310873648,False,0
2246,b,a,W,60730,797,110,1,a,2,1,1,0,0,0,0,0,3600,3000,0,1,0,0,2,0.0,1200.0,76.10275689223057,1,0,110.00454536063498,False,0
2247,b,a,W,70450,1244,145,58,a,0,0,0,0,0,0,0,0,0,0,0,0,0,0,0,0.0,0.0,56.5863453815261,1,0,156.16977940690063,False,0
2248,b,a,W,34140,792,19,0,a,1,1,0,0,0,0,0,0,500,500,0,1,0,0,1,0.0,250.0,43.05170239596469,0,0,19.0,False,0
2249,b,a,W,56900,761,98,-4,a,2,1,1,0,0,0,0,0,2700,2000,0,1,0,0,2,0.0,900.0,74.67191601049869,0,0,98.08159868191383,False,0
2250,b,a,W,59360,1033,107,31,a,2,1,1,0,0,0,0,0,2400,2000,1,1,0,0,2,0.0,800.0,57.40812379110251,1,0,111.40017953306898,False,0
2251,b,a,W,39100,868,36,10,a,1,0,0,1,0,0,0,0,30000,30000,0,1,0,1,0,0.5,15000.0,44.99424626006905,1,0,37.36308338453881,False,0
2252,b,a,N,37050,649,435,239,b,0,0,0,0,0,0,0,0,0,0,0,0,0,0,0,0.0,0.0,57.0,1,0,496.33254980909726,False,0
2253,b,a,N,26830,584,287,205,a,0,0,0,0,0,0,0,0,0,0,0,0,0,0,0,0.0,0.0,45.863247863247864,1,0,352.6953359487477,False,0
2254,b,a,N,24870,507,259,165,b,0,0,0,0,0,0,0,0,0,0,0,0,0,0,0,0.0,0.0,48.95669291338583,1,0,307.09281984442424,False,0
2255,b,a,W,23710,481,-25,-42,a,0,0,0,0,0,0,0,0,0,0,0,0,0,0,0,0.0,0.0,49.190871369294605,0,1,48.877397639399746,False,0
2256,b,a,W,37670,488,19,-41,a,0,0,0,0,0,0,0,0,0,0,0,0,0,0,0,0.0,0.0,77.03476482617587,0,0,45.18849411078001,False,0
2257,b,a,W,29480,510,-7,-39,a,0,0,0,0,0,0,0,0,0,0,0,0,0,0,0,0.0,0.0,57.6908023483366,0,1,39.6232255123179,False,0
2258,b,a,W,77040,772,143,-7,a,1,0,1,0,0,0,0,0,2000,2000,0,1,0,0,1,0.0,1000.0,99.66364812419147,0,0,143.17122615944868,False,0
2259,b,a,W,48980,1007,54,21,a,0,0,0,0,0,0,0,0,0,0,0,0,0,0,0,0.0,0.0,48.59126984126984,1,0,57.9396237474839,False,0
2260,b,a,W,76610,987,141,19,a,0,0,0,0,0,0,0,0,0,0,0,0,0,0,0,0.0,0.0,77.54048582995951,1,0,142.27438279606065,False,0
2261,b,a,W,99010,1360,82,62,a,3,1,2,0,0,0,0,0,4200,2000,1,1,0,0,3,0.0,1050.0,72.74797942689199,1,0,102.80077820717118,False,0
2262,b,a,W,78580,1327,147,60,a,1,0,0,1,0,0,0,0,40000,40000,0,1,0,1,0,0.5,20000.0,59.17168674698795,1,0,158.7734234687909,False,0
2263,b,b,W,68690,1038,37,-17,b,0,0,0,0,0,0,0,0,0,0,0,0,0,0,0,0.0,0.0,66.111645813282,0,0,40.718546143004666,True,0
2264,b,b,N,23040,482,201,103,a,0,0,0,0,0,0,0,0,0,0,0,0,0,0,0,0.0,0.0,47.701863354037265,1,0,225.85393509965684,False,0
2265,b,b,N,38900,697,56,12,b,0,0,0,0,0,0,0,0,0,0,0,0,0,0,0,0.0,0.0,55.730659025787965,1,0,57.271284253105414,True,0
2266,b,b,N,35370,656,41,5,c,1,1,0,0,0,0,0,0,200,200,0,1,0,0,1,0.0,100.0,53.83561643835616,1,0,41.30375285612676,False,1
2267,b,b,N,30810,591,23,-5,c,1,1,0,0,0,0,0,0,200,200,0,1,0,0,1,0.0,100.0,52.04391891891892,0,0,23.53720459187964,False,1
2268,b,b,N,19640,556,-21,-11,b,0,0,0,0,0,0,0,0,0,0,0,0,0,0,0,0.0,0.0,35.26032315978456,0,1,23.706539182259394,True,0
2269,b,b,N,24020,462,-4,-26,b,0,0,0,0,0,0,0,0,0,0,0,0,0,0,0,0.0,0.0,51.879049676025915,0,1,26.30589287593181,True,0
2270,b,b,N,31780,538,27,-14,b,0,0,0,0,0,0,0,0,0,0,0,0,0,0,0,0.0,0.0,58.96103896103896,0,0,30.4138126514911,True,0
2271,b,b,N,23880,488,-4,-22,a,0,0,0,0,0,0,0,0,0,0,0,0,0,0,0,0.0,0.0,48.83435582822086,0,1,22.360679774997898,False,0
2272,b,b,N,19820,362,-21,-42,a,0,0,0,0,0,0,0,0,0,0,0,0,0,0,0,0.0,0.0,54.60055096418733,0,1,46.95742752749558,False,0
2273,b,b,N,9530,178,-24,-29,a,0,0,0,0,0,0,0,0,0,0,0,0,0,0,0,0.0,0.0,53.24022346368715,0,1,37.64306044943742,False,0
2274,b,b,N,6930,68,-45,-73,a,0,0,0,0,0,0,0,0,0,0,0,0,0,0,0,0.0,0.0,100.43478260869566,0,1,85.75546629807339,False,0
2275,b,b,N,6200,211,-50,-16,a,0,0,0,0,0,0,0,0,0,0,0,0,0,0,0,0.0,0.0,29.245283018867923,0,1,52.49761899362675,False,0
2276,b,b,N,4600,105,-63,-58,a,0,0,0,0,0,0,0,0,0,0,0,0,0,0,0,0.0,0.0,43.39622641509434,0,1,85.63293758829018,False,0
2277,b,b,N,13040,103,4,-59,a,1,0,1,0,0,0,0,0,3000,3000,0,1,0,0,1,0.0,1500.0,125.38461538461539,0,0,59.135437767890075,False,0
2278,b,b,N,15210,133,22,-47,a,1,1,0,0,0,0,0,0,700,700,0,1,0,0,1,0.0,350.0,113.50746268656717,0,0,51.894122981316485,False,0
2279,b,b,N,7540,133,-40,-47,a,0,0,0,0,0,0,0,0,0,0,0,0,0,0,0,0.0,0.0,56.26865671641791,0,1,61.71709649683789,False,0
2280,b,b,N,2580,94,-79,-62,a,0,0,0,0,0,0,0,0,0,0,0,0,0,0,0,0.0,0.0,27.157894736842106,0,1,100.42410069301094,False,0
2281,b,b,N,5660,93,-55,-63,a,0,0,0,0,0,0,0,0,0,0,0,0,0,0,0,0.0,0.0,60.212765957446805,0,1,83.6301381082203,False,0
2282,b,b,W,22720,181,-9,-64,a,0,0,0,0,0,0,0,0,0,0,0,0,0,0,0,0.0,0.0,124.83516483516483,0,1,64.6297145282261,False,0
2283,b,b,W,36940,375,48,-25,a,0,0,0,0,0,0,0,0,0,0,0,0,0,0,0,0.0,0.0,98.24468085106383,0,0,54.120236510939236,False,0
2284,b,b,W,65960,496,164,-1,a,2,1,1,0,0,0,0,0,2200,2000,0,1,0,0,2,0.0,733.3333333333334,132.71629778672033,0,0,164.00304875214974,False,0
2285,b,b,W,49120,485,96,-3,a,0,0,0,0,0,0,0,0,0,0,1,0,0,0,0,0.0,0.0,101.06995884773663,0,0,96.04686356149273,False,0
2286,b,b,W,93280,747,273,49,a,3,0,2,1,0,0,0,0,16000,10000,0,1,0,1,2,0.25,4000.0,124.70588235294117,1,0,277.3625785862253,False,0
2287,a,b,W,36410,519,46,4,a,0,0,0,0,0,0,0,0,0,0,0,0,0,0,0,0.0,0.0,70.01923076923077,1,0,46.17358552246078,False,0
2288,a,b,W,32660,290,31,-42,a,0,0,0,0,0,0,0,0,0,0,0,0,0,0,0,0.0,0.0,112.23367697594502,0,0,52.20153254455275,False,0
2289,a,b,W,48110,433,92,-13,a,0,0,0,0,0,0,0,0,0,0,0,0,0,0,0,0.0,0.0,110.85253456221199,0,0,92.91393867445294,False,0
2290,a,b,W,52020,576,108,15,a,1,1,0,0,0,0,0,0,100,100,0,1,0,0,1,0.0,50.0,90.15597920277297,1,0,109.03669107231748,False,0
2291,a,b,W,54900,426,120,-15,a,0,0,0,0,0,0,0,0,0,0,0,0,0,0,0,0.0,0.0,128.57142857142858,0,0,120.93386622447825,False,0
2292,a,b,W,32920,363,32,-27,a,0,0,0,0,0,0,0,0,0,0,1,0,0,0,0,0.0,0.0,90.43956043956044,0,0,41.86884283091664,False,0
2293,a,b,W,48050,531,92,6,a,2,0,1,0,1,0,0,0,205000,200000,0,1,0,1,1,0.3333333333333333,68333.33333333333,90.31954887218045,1,0,92.19544457292888,False,0
2294,a,b,N,39280,726,214,190,a,0,0,0,0,0,0,0,0,0,0,0,0,0,0,0,0.0,0.0,54.0302613480055,1,0,286.174771774173,False,0
2295,b,b,W,38240,410,47,-15,a,1,1,0,0,0,0,0,0,100,100,0,1,0,0,1,0.0,50.0,93.04136253041362,0,0,49.33558553417604,False,0
2296,b,b,W,36650,414,41,-14,a,0,0,0,0,0,0,0,0,0,0,0,0,0,0,0,0.0,0.0,88.3132530120482,0,0,43.32435804486894,False,0
2297,b,b,W,17720,266,-32,-45,a,0,0,0,0,0,0,0,0,0,0,0,0,0,0,0,0.0,0.0,66.36704119850187,0,1,55.21775076911409,False,0
2298,b,b,W,40620,398,56,-18,a,0,0,0,0,0,0,0,0,0,0,1,0,0,0,0,0.0,0.0,101.80451127819549,0,0,58.82176467941097,False,0
2299,b,b,W,52380,469,101,-3,a,1,0,0,1,0,0,0,0,20000,20000,0,1,0,1,0,0.5,10000.0,111.44680851063829,0,0,101.04454463255303,False,0
2300,b,b,W,20420,315,-22,-35,a,0,0,0,0,0,0,0,0,0,0,0,0,0,0,0,0.0,0.0,64.62025316455696,0,1,41.340053217188775,False,0
2301,b,b,W,21070,266,-19,-45,a,0,0,0,0,0,0,0,0,0,0,0,0,0,0,0,0.0,0.0,78.91385767790263,0,1,48.84669896727925,False,0
2302,b,b,W,12850,193,-51,-60,a,0,0,0,0,0,0,0,0,0,0,0,0,0,0,0,0.0,0.0,66.23711340206185,0,1,78.74642849044012,False,0
2303,a,b,W,8450,164,-70,-66,a,0,0,0,0,0,0,0,0,0,0,0,0,0,0,0,0.0,0.0,51.21212121212121,0,1,96.20810776644555,False,0
2304,a,b,W,13320,153,-52,-68,a,1,0,1,0,0,0,0,0,3000,3000,0,1,0,0,1,0.0,1500.0,86.49350649350649,0,1,85.60373823613078,False,0
2305,a,b,W,9060,165,-67,-66,a,0,0,0,0,0,0,0,0,0,0,0,0,0,0,0,0.0,0.0,54.57831325301205,0,1,94.04786015641186,False,0
2306,a,b,W,58570,481,110,0,a,1,1,0,0,0,0,0,0,400,400,0,1,0,0,1,0.0,200.0,121.51452282157676,0,0,110.0,False,0
2307,a,b,W,31460,396,13,-18,a,0,0,0,0,0,0,0,0,0,0,0,0,0,0,0,0.0,0.0,79.24433249370277,0,0,22.20360331117452,False,0
2308,a,b,W,30980,480,11,0,a,0,0,0,0,0,0,0,0,0,0,0,0,0,0,0,0.0,0.0,64.4074844074844,0,0,11.0,False,0
2309,a,b,W,30180,375,8,-22,a,1,0,1,0,0,0,0,0,2000,2000,0,1,0,0,1,0.0,1000.0,80.26595744680851,0,0,23.40939982143925,False,0
2310,a,b,W,45450,491,63,2,a,1,1,0,0,0,0,0,0,400,400,0,1,0,0,1,0.0,200.0,92.3780487804878,1,0,63.0317380372777,False,0
2311,a,a,W,18590,320,-34,-31,a,0,0,0,0,0,0,0,0,0,0,1,0,0,0,0,0.0,0.0,57.912772585669785,0,1,46.010868281309364,True,0
2312,a,a,W,32470,388,15,-17,a,1,0,0,1,0,0,0,0,80000,80000,0,1,0,1,0,0.5,40000.0,83.47043701799485,0,0,22.67156809750927,True,0
2313,a,a,W,61200,625,116,34,a,0,0,0,0,0,0,0,0,0,0,0,0,0,0,0,0.0,0.0,97.76357827476038,1,0,120.88010589009261,True,0
2314,a,a,W,57200,773,102,66,a,2,0,2,0,0,0,0,0,5000,3000,0,1,0,0,2,0.0,1666.6666666666667,73.90180878552971,1,0,121.49074038789952,True,0
2315,a,a,W,37580,574,33,23,a,0,0,0,0,0,0,0,0,0,0,0,0,0,0,0,0.0,0.0,65.35652173913043,1,0,40.22437072223753,True,0
2316,a,a,W,21680,368,-24,-21,a,0,0,0,0,0,0,0,0,0,0,0,0,0,0,0,0.0,0.0,58.75338753387534,0,1,31.89043743820395,True,0
2317,a,a,W,23170,348,-18,-25,a,0,0,0,0,0,0,0,0,0,0,0,0,0,0,0,0.0,0.0,66.38968481375358,0,1,30.805843601498726,True,0
2318,a,a,W,35570,505,25,9,a,0,0,0,0,0,0,0,0,0,0,0,0,0,0,0,0.0,0.0,70.29644268774703,1,0,26.570660511172846,True,0
2319,b,a,W,32030,350,12,-22,a,0,0,0,0,0,0,0,0,0,0,0,0,0,0,0,0.0,0.0,91.25356125356126,0,0,25.059928172283335,False,0
2320,b,a,W,76200,766,166,71,a,0,0,0,0,0,0,0,0,0,0,0,0,0,0,0,0.0,0.0,99.34810951760105,1,0,180.54639292990598,False,0
2321,b,a,W,28500,446,-1,-1,a,0,0,0,0,0,0,0,0,0,0,0,0,0,0,0,0.0,0.0,63.758389261744966,0,1,1.4142135623730951,False,0
2322,b,a,W,33590,457,17,2,a,0,0,0,0,0,0,0,0,0,0,0,0,0,0,0,0.0,0.0,73.3406113537118,1,0,17.11724276862369,False,0
2323,b,a,W,27420,400,-4,-11,a,1,1,0,0,0,0,0,0,700,700,0,1,0,0,1,0.0,350.0,68.3790523690773,0,1,11.704699910719626,False,0
2324,b,a,W,73160,654,155,46,a,1,0,1,0,0,0,0,0,3000,3000,0,1,0,0,1,0.0,1500.0,111.69465648854961,1,0,161.68178623456632,False,0
2325,b,a,W,33780,525,18,17,a,0,0,0,0,0,0,0,0,0,0,0,0,0,0,0,0.0,0.0,64.22053231939164,1,0,24.758836806279895,False,0
2326,b,a,N,27200,402,118,61,a,0,0,0,0,0,0,0,0,0,0,0,0,0,0,0,0.0,0.0,67.4937965260546,1,0,132.83448347473634,False,0
2327,b,a,W,21510,334,-28,-25,a,0,0,0,0,0,0,0,0,0,0,0,0,0,0,0,0.0,0.0,64.2089552238806,0,1,37.53664875824692,False,0
2328,b,a,W,17880,237,-40,-47,a,1,0,1,0,0,0,0,0,3000,3000,0,1,0,0,1,0.0,1500.0,75.12605042016807,0,1,61.71709649683789,False,0
2329,b,a,W,19180,289,-36,-35,a,0,0,0,0,0,0,0,0,0,0,0,0,0,0,0,0.0,0.0,66.13793103448276,0,1,50.20956084253277,False,0
2330,b,a,W,34800,450,17,1,a,2,1,1,0,0,0,0,0,3200,3000,0,1,0,0,2,0.0,1066.6666666666667,77.16186252771618,1,0,17.029386365926403,False,0
2331,b,a,W,35010,390,18,-13,a,0,0,0,0,0,0,0,0,0,0,0,0,0,0,0,0.0,0.0,89.53964194373401,0,0,22.20360331117452,False,0
2332,b,a,W,9140,335,-69,-25,a,0,0,0,0,0,0,0,0,0,0,0,0,0,0,0,0.0,0.0,27.202380952380953,0,1,73.38937252763509,False,0
2333,b,a,W,23260,483,-22,8,a,0,0,0,0,0,0,0,0,0,0,0,0,0,0,0,0.0,0.0,48.05785123966942,0,0,23.40939982143925,False,0
2334,b,a,W,55120,713,85,59,a,2,1,1,0,0,0,0,0,9200,9000,0,1,0,0,2,0.0,3066.6666666666665,77.19887955182072,1,0,103.46980235798269,False,0
2335,b,a,W,16450,378,-48,-16,a,0,0,0,0,0,0,0,0,0,0,0,0,0,0,0,0.0,0.0,43.403693931398415,0,1,50.59644256269407,False,0
2336,b,a,W,20660,400,-34,-11,a,1,1,0,0,0,0,0,0,400,400,0,1,0,0,1,0.0,200.0,51.5211970074813,0,1,35.73513677041127,False,0
2337,b,a,W,30140,426,-4,-5,a,4,1,3,0,0,0,0,0,11900,6000,0,1,0,0,4,0.0,2380.0,70.58548009367682,0,1,6.4031242374328485,False,0
2338,b,a,W,52120,695,66,55,a,1,0,1,0,0,0,0,0,2000,2000,0,1,0,0,1,0.0,1000.0,74.88505747126437,1,0,85.9127464349732,False,0
2339,b,a,W,25850,504,-18,13,a,0,0,0,0,0,0,0,0,0,0,0,0,0,0,0,0.0,0.0,51.18811881188119,0,0,22.20360331117452,False,0
2340,b,a,W,25160,411,-20,-8,a,0,0,0,0,0,0,0,0,0,0,1,0,0,0,0,0.0,0.0,61.067961165048544,0,1,21.540659228538015,False,0
2341,b,a,W,23860,389,-24,-13,a,1,0,0,1,0,0,0,0,40000,40000,0,1,0,1,0,0.5,20000.0,61.17948717948718,0,1,27.294688127912362,False,0
2342,b,a,W,58660,728,87,63,a,2,1,1,0,0,0,0,0,2400,2000,0,1,0,0,2,0.0,800.0,80.46639231824417,1,0,107.41508273980894,False,0
2343,b,a,W,41060,555,30,27,a,0,0,0,0,0,0,0,0,0,0,0,0,0,0,0,0.0,0.0,73.84892086330935,1,0,40.36087214122113,False,0
2344,b,a,W,22440,483,-29,10,a,0,0,0,0,0,0,0,0,0,0,0,0,0,0,0,0.0,0.0,46.36363636363637,0,0,30.675723300355934,False,0
2345,b,a,W,24660,360,-22,-18,a,1,1,0,0,0,0,0,0,400,400,0,1,0,0,1,0.0,200.0,68.31024930747922,0,1,28.42534080710379,False,0
2346,b,a,W,43350,611,37,40,a,0,0,0,0,0,0,0,0,0,0,0,0,0,0,0,0.0,0.0,70.83333333333333,1,0,54.48853090330111,False,0
2347,b,a,W,17170,356,-46,-19,a,1,1,0,0,0,0,0,0,500,500,0,1,0,0,1,0.0,250.0,48.095238095238095,0,1,49.76946855251722,False,0
2348,b,a,W,60710,782,92,79,a,3,1,2,0,0,0,0,0,4800,2000,0,1,0,0,3,0.0,1200.0,77.53512132822478,1,0,121.26417442921878,False,0
2349,b,a,N,28290,478,126,91,a,0,0,0,0,0,0,0,0,0,0,0,0,0,0,0,0.0,0.0,59.06054279749478,1,0,155.42522317822161,False,0
2350,b,a,N,22710,385,82,54,a,0,0,0,0,0,0,0,0,0,0,0,0,0,0,0,0.0,0.0,58.83419689119171,1,0,98.18350166906862,False,0
2351,b,a,W,9510,258,-71,-41,a,0,0,0,0,0,0,0,0,0,0,0,0,0,0,0,0.0,0.0,36.71814671814672,0,1,81.98780397107853,False,0
2352,b,a,W,16260,220,-50,-50,a,2,1,1,0,0,0,0,0,3500,3000,0,1,0,0,2,0.0,1166.6666666666667,73.57466063348416,0,1,70.71067811865476,False,0
2353,b,a,W,10530,177,-67,-60,a,0,0,0,0,0,0,0,0,0,0,0,0,0,0,0,0.0,0.0,59.157303370786515,0,1,89.9388681271896,False,0
2354,b,a,W,47700,535,48,22,a,0,0,0,0,0,0,0,0,0,0,0,0,0,0,0,0.0,0.0,88.99253731343283,1,0,52.80151512977634,False,0
2355,b,a,W,34570,446,7,2,a,2,1,1,0,0,0,0,0,3300,3000,0,1,0,0,2,0.0,1100.0,77.33780760626398,1,0,7.280109889280518,False,0
2356,b,a,W,7810,236,-76,-46,a,0,0,0,0,0,0,0,0,0,0,0,0,0,0,0,0.0,0.0,32.95358649789029,0,1,88.83692925805124,False,0
2357,b,a,W,23170,354,-28,-19,a,1,1,0,0,0,0,0,0,600,600,0,1,0,0,1,0.0,300.0,65.26760563380282,0,1,33.83784863137726,False,0
2358,b,a,W,15650,316,-52,-28,a,0,0,0,0,0,0,0,0,0,0,0,0,0,0,0,0.0,0.0,49.369085173501574,0,1,59.0592922409336,False,0
2359,b,a,W,24140,285,-27,-35,a,0,0,0,0,0,0,0,0,0,0,0,0,0,0,0,0.0,0.0,84.4055944055944,0,1,44.204072210600685,False,0
2360,b,a,W,44990,508,36,16,a,2,1,1,0,0,0,0,0,5500,5000,0,1,0,0,2,0.0,1833.3333333333333,88.38899803536346,1,0,39.395431207184416,False,0
2361,b,a,W,25910,424,-22,-3,a,1,1,0,0,0,0,0,0,900,900,0,1,0,0,1,0.0,450.0,60.96470588235294,0,1,22.20360331117452,False,0
2362,b,a,W,18310,317,-45,-27,a,0,0,0,0,0,0,0,0,0,0,0,0,0,0,0,0.0,0.0,57.57861635220126,0,1,52.478567053607705,False,0
2363,b,a,W,54980,544,66,24,a,2,1,1,0,0,0,0,0,1400,1000,0,1,0,0,2,0.0,466.6666666666667,100.88073394495413,1,0,70.22819946431775,False,0
2364,b,a,W,26080,420,-21,-4,a,2,0,2,0,0,0,0,0,4000,2000,0,1,0,0,2,0.0,1333.3333333333333,61.94774346793349,0,1,21.37755832643195,False,0
2365,b,a,N,8520,254,-32,2,a,0,0,0,0,0,0,0,0,0,0,0,0,0,0,0,0.0,0.0,33.411764705882355,0,0,32.0624390837628,False,0
2366,b,a,W,19160,376,-42,-14,a,0,0,0,0,0,0,0,0,0,0,0,0,0,0,0,0.0,0.0,50.822281167108756,0,1,44.27188724235731,False,0
2367,a,a,W,26620,356,-18,-15,a,0,0,0,0,0,0,0,0,0,0,0,0,0,0,0,0.0,0.0,74.56582633053222,0,1,23.430749027719962,True,0
2368,a,a,W,27780,386,-15,-8,a,1,0,1,0,0,0,0,0,5000,5000,0,1,0,0,1,0.0,2500.0,71.78294573643412,0,1,17.0,True,0
2369,a,a,W,28920,472,-11,13,a,1,1,0,0,0,0,0,0,200,200,0,1,0,0,1,0.0,100.0,61.141649048625794,0,0,17.029386365926403,True,0
2370,a,a,W,24360,351,-25,-16,a,2,2,0,0,0,0,0,0,1300,900,0,1,0,0,2,0.0,433.3333333333333,69.20454545454545,0,1,29.68164415931166,True,0
2371,a,a,W,11210,296,-66,-29,a,0,0,0,0,0,0,0,0,0,0,0,0,0,0,0,0.0,0.0,37.744107744107744,0,1,72.09022125087424,True,0
2372,a,a,W,42220,382,29,-9,a,1,0,1,0,0,0,0,0,8000,8000,0,1,0,0,1,0.0,4000.0,110.23498694516971,0,0,30.364452901377952,True,0
2373,a,a,W,14590,865,45,90,a,0,0,0,0,0,0,0,0,0,0,0,0,0,0,0,0.0,0.0,16.84757505773672,1,0,100.62305898749054,True,0
2374,a,a,W,9160,300,-72,-28,a,0,0,0,0,0,0,0,0,0,0,0,0,0,0,0,0.0,0.0,30.431893687707642,0,1,77.25283166331187,True,0
2375,a,a,W,6800,224,-79,-47,a,0,0,0,0,0,0,0,0,0,0,0,0,0,0,0,0.0,0.0,30.22222222222222,0,1,91.92388155425118,True,0
2376,a,a,W,7000,131,-40,-56,a,1,0,1,0,0,0,0,0,1000,1000,0,1,0,0,1,0.0,500.0,53.03030303030303,0,1,68.81860213634101,True,0
2377,a,a,W,7030,202,-78,-53,a,0,0,0,0,0,0,0,0,0,0,0,0,0,0,0,0.0,0.0,34.63054187192118,0,1,94.30270409696638,True,0
2378,a,a,W,35420,290,11,-32,a,1,1,0,0,0,0,0,0,900,900,0,1,0,0,1,0.0,450.0,121.71821305841924,0,0,33.83784863137726,True,0
2379,a,a,W,53590,527,68,24,a,1,1,0,0,0,0,0,0,900,900,0,1,0,0,1,0.0,450.0,101.49621212121212,1,0,72.11102550927978,True,0
2380,a,a,W,19390,469,-39,10,a,0,0,0,0,0,0,0,0,0,0,0,0,0,0,0,0.0,0.0,41.255319148936174,0,0,40.26164427839479,True,0
2381,a,a,W,19680,411,-38,-3,a,2,0,2,0,0,0,0,0,10000,8000,0,1,0,0,2,0.0,3333.3333333333335,47.76699029126213,0,1,38.118237105091836,True,0
2382,a,a,W,67040,785,111,84,a,2,2,0,0,0,0,0,0,1600,900,0,1,0,0,2,0.0,533.3333333333334,85.29262086513995,1,0,139.20129309744217,True,0
2383,a,b,W,32270,631,8,52,a,1,1,0,0,0,0,0,0,500,500,0,1,0,0,1,0.0,250.0,51.06012658227848,1,0,52.61178575186362,False,0
2384,a,b,W,19810,364,-34,-12,a,0,0,0,0,0,0,0,0,0,0,0,0,0,0,0,0.0,0.0,54.273972602739725,0,1,36.05551275463989,False,0
2385,a,b,W,38360,759,29,83,a,1,0,1,0,0,0,0,0,7000,7000,0,1,0,0,1,0.0,3500.0,50.473684210526315,1,0,87.92041856133307,False,0
2386,a,b,W,34230,551,15,33,a,1,0,1,0,0,0,0,0,2000,2000,0,1,0,0,1,0.0,1000.0,62.01086956521739,1,0,36.24913792078372,False,0
2387,a,b,W,44500,660,49,59,a,2,2,0,0,0,0,0,0,1100,700,0,1,0,0,2,0.0,366.6666666666667,67.32223903177004,1,0,76.69419795525604,False,0
2388,a,b,W,22260,422,-25,2,a,0,0,0,0,0,0,0,0,0,0,0,0,0,0,0,0.0,0.0,52.6241134751773,0,0,25.079872407968907,False,0
2389,a,b,W,28280,498,-5,20,a,1,0,1,0,0,0,0,0,5000,5000,0,1,0,0,1,0.0,2500.0,56.673346693386776,0,0,20.615528128088304,False,0
2390,a,b,W,32050,645,7,56,a,1,1,0,0,0,0,0,0,300,300,0,1,0,0,1,0.0,150.0,49.61300309597523,1,0,56.43580423808985,False,0
2391,a,b,W,30990,525,5,25,a,0,0,0,0,0,0,0,0,0,0,0,0,0,0,0,0.0,0.0,58.91634980988593,1,0,25.495097567963924,False,0
2392,a,b,W,20260,722,-19,-42,a,0,0,0,0,0,0,0,0,0,0,0,0,0,0,0,0.0,0.0,28.02213001383126,0,1,46.09772228646444,False,0
2393,a,b,W,32110,427,9,2,a,1,1,0,0,0,0,0,0,200,200,0,1,0,0,1,0.0,100.0,75.0233644859813,1,0,9.219544457292887,False,0
2394,a,b,W,32460,469,10,12,a,0,0,0,0,0,0,0,0,0,0,0,0,0,0,0,0.0,0.0,69.06382978723404,1,0,15.620499351813308,False,0
2395,a,b,W,25480,429,-14,2,a,0,0,0,0,0,0,0,0,0,0,0,0,0,0,0,0.0,0.0,59.25581395348837,0,0,14.142135623730951,False,0
2396,a,b,W,25460,412,-14,-2,a,0,0,0,0,0,0,0,0,0,0,0,0,0,0,0,0.0,0.0,61.64648910411622,0,1,14.142135623730951,False,0
2397,a,b,W,36770,657,25,57,a,1,0,1,0,0,0,0,0,1000,1000,0,1,0,0,1,0.0,500.0,55.88145896656535,1,0,62.24146527838174,False,0
2398,a,b,W,20580,436,-30,4,a,0,0,0,0,0,0,0,0,0,0,0,0,0,0,0,0.0,0.0,47.09382151029748,0,0,30.265491900843113,False,0
2399,a,b,N,13550,326,8,30,a,0,0,0,0,0,0,0,0,0,0,0,0,0,0,0,0.0,0.0,41.43730886850153,1,0,31.04834939252005,False,0
2400,a,b,N,21510,290,72,16,a,1,0,1,0,0,0,0,0,3000,3000,0,1,0,0,1,0.0,1500.0,73.91752577319588,1,0,73.7563556583431,False,0
2401,a,b,N,13200,505,6,102,a,1,0,1,0,0,0,0,0,9000,9000,0,1,0,0,1,0.0,4500.0,26.08695652173913,1,0,102.17631819555841,False,0
2402,a,b,W,34350,462,15,5,a,0,0,0,0,0,0,0,0,0,0,1,0,0,0,0,0.0,0.0,74.19006479481641,1,0,15.811388300841896,False,0
2403,a,b,N,30820,786,147,214,a,2,0,1,0,1,0,0,0,206000,200000,0,1,0,1,1,0.3333333333333333,68666.66666666667,39.16137229987294,1,0,259.6247291765559,False,0
2404,a,b,N,20040,402,60,61,a,0,0,0,0,0,0,0,0,0,0,0,0,0,0,0,0.0,0.0,49.727047146401986,1,0,85.56284240252891,False,0
2405,a,b,N,9980,295,-20,18,a,0,0,0,0,0,0,0,0,0,0,0,0,0,0,0,0.0,0.0,33.71621621621622,0,0,26.90724809414742,False,0
2406,a,b,W,29160,435,-2,-1,a,0,0,0,0,0,0,0,0,0,0,0,0,0,0,0,0.0,0.0,66.88073394495413,0,1,2.23606797749979,False,0
2407,b,b,W,21760,391,-25,-11,a,1,0,1,0,0,0,0,0,1000,1000,0,1,0,0,1,0.0,500.0,55.51020408163265,0,1,27.313000567495326,False,0
2408,b,b,W,20160,317,-30,-28,a,1,1,0,0,0,0,0,0,300,300,0,1,0,0,1,0.0,150.0,63.39622641509434,0,1,41.036569057366385,False,0
2409,b,b,W,24370,428,-16,-3,a,1,0,1,0,0,0,0,0,2000,2000,0,1,0,0,1,0.0,1000.0,56.806526806526804,0,1,16.278820596099706,False,0
2410,b,b,W,15560,264,-46,-40,a,0,0,0,0,0,0,0,0,0,0,0,0,0,0,0,0.0,0.0,58.716981132075475,0,1,60.959002616512684,False,0
2411,b,b,W,25760,410,-11,-7,a,1,1,0,0,0,0,0,0,200,200,0,1,0,0,1,0.0,100.0,62.67639902676399,0,1,13.038404810405298,False,0
2412,b,b,W,42340,515,46,17,a,0,0,0,0,0,0,0,0,0,0,0,0,0,0,0,0.0,0.0,82.05426356589147,1,0,49.040799340956916,False,0
2413,b,b,W,21950,375,-24,-15,a,1,0,1,0,0,0,0,0,2000,2000,0,1,0,0,1,0.0,1000.0,58.37765957446808,0,1,28.30194339616981,False,0
2414,b,b,N,10030,244,-20,-2,a,0,0,0,0,0,0,0,0,0,0,0,0,0,0,0,0.0,0.0,40.93877551020408,0,1,20.09975124224178,False,0
2415,b,b,N,12540,211,0,-16,a,0,0,0,0,0,0,0,0,0,0,0,0,0,0,0,0.0,0.0,59.15094339622642,0,0,16.0,False,0
2416,b,b,W,23860,269,-11,-38,a,1,1,0,0,0,0,0,0,200,200,0,1,0,0,1,0.0,100.0,88.37037037037037,0,1,39.56008088970496,False,0
2417,b,b,W,24950,344,-7,-21,a,1,1,0,0,0,0,0,0,300,300,0,1,0,0,1,0.0,150.0,72.31884057971014,0,1,22.135943621178654,False,0
2418,b,b,W,37950,527,41,22,a,1,0,1,0,0,0,0,0,8000,8000,0,1,0,0,1,0.0,4000.0,71.875,1,0,46.52956049652737,False,0
2419,b,b,N,11540,285,-8,14,a,0,0,0,0,0,0,0,0,0,0,0,0,0,0,0,0.0,0.0,40.34965034965035,0,0,16.1245154965971,False,0
2420,b,b,N,12480,260,0,4,a,0,0,0,0,0,0,0,0,0,0,0,0,0,0,0,0.0,0.0,47.81609195402299,0,0,4.0,False,0
2421,b,b,N,4330,160,-65,-36,a,0,0,0,0,0,0,0,0,0,0,0,0,0,0,0,0.0,0.0,26.8944099378882,0,1,74.30343195303969,False,0
2422,b,b,N,12520,184,0,-26,a,0,0,0,0,0,0,0,0,0,0,0,0,0,0,0,0.0,0.0,67.67567567567568,0,0,26.0,False,0
2423,a,b,N,2480,145,-80,-40,a,0,0,0,0,0,0,0,0,0,0,0,0,0,0,0,0.0,0.0,16.986301369863014,0,1,89.44271909999159,False,0
2424,a,b,N,6260,114,-49,-53,a,0,0,0,0,0,0,0,0,0,0,0,0,0,0,0,0.0,0.0,54.43478260869565,0,1,72.18032973047436,False,0
2425,a,b,N,5690,100,-53,-59,a,0,0,0,0,0,0,0,0,0,0,0,0,0,0,0,0.0,0.0,56.336633663366335,0,1,79.30952023559341,False,0
2426,a,b,N,3530,131,-71,-46,a,0,0,0,0,0,0,0,0,0,0,0,0,0,0,0,0.0,0.0,26.742424242424242,0,1,84.59905436823747,False,0
2427,a,b,N,4560,112,-63,-54,a,0,0,0,0,0,0,0,0,0,0,0,0,0,0,0,0.0,0.0,40.35398230088496,0,1,82.97590011563598,False,0
2428,a,b,N,4650,104,-62,-57,a,0,0,0,0,0,0,0,0,0,0,0,0,0,0,0,0.0,0.0,44.285714285714285,0,1,84.21995013059554,False,0
2429,a,b,W,3590,203,-69,-60,a,0,0,0,0,0,0,0,0,0,0,0,0,0,0,0,0.0,0.0,17.598039215686274,0,1,91.43850392476902,False,0
2430,a,b,N,22930,328,88,36,a,0,0,0,0,0,0,0,0,0,0,0,0,0,0,0,0.0,0.0,69.69604863221885,1,0,95.0789145920377,False,0
2431,a,a,N,13880,248,9,2,a,0,0,0,0,0,0,0,0,0,0,0,0,0,0,0,0.0,0.0,55.7429718875502,1,0,9.219544457292887,True,0
2432,a,a,N,11780,159,-7,-35,a,1,1,0,0,0,0,0,0,300,300,0,1,0,0,1,0.0,150.0,73.625,0,1,35.6931365951495,True,0
2433,a,a,N,12200,580,105,310,b,0,0,0,0,0,0,0,0,0,0,0,0,0,0,0,0.0,0.0,20.998278829604132,1,0,327.29955698106284,False,0
2434,a,a,N,4580,100,-64,-59,a,0,0,0,0,0,0,0,0,0,0,0,0,0,0,0,0.0,0.0,45.34653465346535,0,1,87.04596486914255,True,0
2435,a,a,N,3420,74,-73,-70,a,0,0,0,0,0,0,0,0,0,0,0,0,0,0,0,0.0,0.0,45.6,0,1,101.13851887386922,True,0
2436,a,a,N,2930,408,-77,67,a,0,0,0,0,0,0,0,0,0,0,0,0,0,0,0,0.0,0.0,7.163814180929095,0,0,102.06860437960343,True,0
2437,a,a,N,3130,72,-75,-71,a,0,0,0,0,0,0,0,0,0,0,0,0,0,0,0,0.0,0.0,42.87671232876713,0,1,103.27632836231156,True,0
2438,a,a,N,3160,73,-75,-70,a,0,0,0,0,0,0,0,0,0,0,0,0,0,0,0,0.0,0.0,42.7027027027027,0,1,102.59142264341595,True,0
2439,a,a,N,4400,67,-64,-71,a,0,0,0,0,0,0,0,0,0,0,0,0,0,0,0,0.0,0.0,64.70588235294117,0,1,95.58765610684259,True,0
2440,a,a,N,1910,46,-84,-80,a,0,0,0,0,0,0,0,0,0,0,0,0,0,0,0,0.0,0.0,40.638297872340424,0,1,116.0,True,0
2441,a,a,N,1400,51,-88,-78,a,0,0,0,0,0,0,0,0,0,0,0,0,0,0,0,0.0,0.0,26.923076923076923,0,1,117.5925167687128,True,0
2442,a,a,N,3000,72,-75,-69,a,0,0,0,0,0,0,0,0,0,0,0,0,0,0,0,0.0,0.0,41.0958904109589,0,1,101.91172650877817,True,0
2443,a,a,N,3540,53,-71,-77,a,0,0,0,0,0,0,0,0,0,0,0,0,0,0,0,0.0,0.0,65.55555555555556,0,1,104.7377677822093,True,0
2444,a,a,N,2520,83,-85,-75,a,0,0,0,0,0,0,0,0,0,0,0,0,0,0,0,0.0,0.0,30.0,0,1,113.35784048754634,True,0
2445,a,a,N,4870,39,-15,-71,a,1,0,1,0,0,0,0,0,6000,6000,0,1,0,0,1,0.0,3000.0,121.75,0,1,72.56721022610694,True,0
2446,a,a,N,3860,53,-68,-77,a,0,0,0,0,0,0,0,0,0,0,0,0,0,0,0,0.0,0.0,71.48148148148148,0,1,102.7277956543408,True,0
2447,a,a,N,1330,54,-88,-76,a,0,0,0,0,0,0,0,0,0,0,0,0,0,0,0,0.0,0.0,24.181818181818183,0,1,116.27553482998907,True,0
2448,a,a,N,1620,55,-85,-72,a,0,0,0,0,0,0,0,0,0,0,1,0,0,0,0,0.0,0.0,28.928571428571427,0,1,111.39569111954016,True,0
2449,a,a,W,9890,89,-63,-79,a,1,0,0,1,0,0,0,0,20000,20000,0,1,0,1,0,0.5,10000.0,109.88888888888889,0,1,101.04454463255303,True,0
2450,a,a,W,4150,262,-64,-49,a,0,0,0,0,0,0,0,0,0,0,0,0,0,0,0,0.0,0.0,15.779467680608365,0,1,80.60397012554654,True,0
2451,a,a,W,7870,141,-71,-67,a,1,1,0,0,0,0,0,0,700,700,0,1,0,0,1,0.0,350.0,55.42253521126761,0,1,97.62171889492625,True,0
2452,a,a,W,20380,338,-24,-22,a,1,1,0,0,0,0,0,0,200,200,0,1,0,0,1,0.0,100.0,60.117994100294986,0,1,32.55764119219941,True,0
2453,a,a,W,26660,486,-1,12,a,0,0,0,0,0,0,0,0,0,0,0,0,0,0,0,0.0,0.0,54.743326488706366,0,0,12.041594578792296,True,0
2454,a,a,W,25050,353,-7,-19,a,0,0,0,0,0,0,0,0,0,0,0,0,0,0,0,0.0,0.0,70.76271186440678,0,1,20.248456731316587,True,0
2455,b,a,W,12950,343,-12,-9,a,0,0,0,0,0,0,0,0,0,0,0,0,0,0,0,0.0,0.0,37.645348837209305,0,1,15.0,False,0
2456,b,a,W,29720,368,12,-14,a,1,0,1,0,0,0,0,0,4000,4000,0,1,0,0,1,0.0,2000.0,80.5420054200542,0,0,18.439088914585774,False,0
2457,b,a,W,11480,260,-57,-39,a,0,0,0,0,0,0,0,0,0,0,0,0,0,0,0,0.0,0.0,43.984674329501914,0,1,69.06518659932803,False,0
2458,b,a,W,12220,249,-54,-42,a,0,0,0,0,0,0,0,0,0,0,0,0,0,0,0,0.0,0.0,48.88,0,1,68.41052550594829,False,0
2459,b,a,W,5890,166,-60,-56,a,0,0,0,0,0,0,0,0,0,0,0,0,0,0,0,0.0,0.0,35.26946107784431,0,1,82.07313811473277,False,0
2460,b,a,W,7240,164,-51,-57,a,0,0,0,0,0,0,0,0,0,0,0,0,0,0,0,0.0,0.0,43.878787878787875,0,1,76.48529270389177,False,0
2461,b,a,W,6580,161,-75,-63,a,0,0,0,0,0,0,0,0,0,0,0,0,0,0,0,0.0,0.0,40.617283950617285,0,1,97.94896630388705,False,0
2462,b,a,W,28590,387,8,-10,a,2,2,0,0,0,0,0,0,1300,900,0,1,0,0,2,0.0,433.3333333333333,73.68556701030928,0,0,12.806248474865697,False,0
2463,b,a,W,16820,244,-32,-39,a,0,0,0,0,0,0,0,0,0,0,0,0,0,0,0,0.0,0.0,68.65306122448979,0,1,50.44799302251776,False,0
2464,b,a,W,15650,664,45,42,a,1,1,0,0,0,0,0,0,800,800,0,1,0,0,1,0.0,400.0,23.533834586466167,1,0,61.554853586049575,False,0
2465,b,a,W,9820,167,-60,-58,a,0,0,0,0,0,0,0,0,0,0,0,0,0,0,0,0.0,0.0,58.45238095238095,0,1,83.45058418010026,False,0
2466,b,a,W,16220,753,50,61,a,0,0,0,0,0,0,0,0,0,0,0,0,0,0,0,0.0,0.0,21.511936339522546,1,0,78.87331614684399,False,0
2467,b,a,W,7340,166,-53,-54,a,0,0,0,0,0,0,0,0,0,0,0,0,0,0,0,0.0,0.0,43.952095808383234,0,1,75.66372975210778,False,0
2468,b,a,W,13390,203,-14,-43,a,0,0,0,0,0,0,0,0,0,0,0,0,0,0,0,0.0,0.0,65.63725490196079,0,1,45.221676218380054,False,0
2469,b,a,W,32310,465,31,16,a,0,0,0,0,0,0,0,0,0,0,0,0,0,0,0,0.0,0.0,69.33476394849785,1,0,34.88552708502482,False,0
2470,b,a,W,15190,208,-38,-48,a,1,1,0,0,0,0,0,0,700,700,0,1,0,0,1,0.0,350.0,72.67942583732058,0,1,61.220911460055866,False,0
2471,b,a,N,5700,135,-50,-40,a,0,0,0,0,0,0,0,0,0,0,0,0,0,0,0,0.0,0.0,41.911764705882355,0,1,64.03124237432849,False,0
2472,b,a,N,9640,130,-16,-42,a,1,0,1,0,0,0,0,0,5000,5000,0,1,0,0,1,0.0,2500.0,73.58778625954199,0,1,44.94441010848846,False,0
2473,b,a,N,4380,134,-60,-31,a,0,0,0,0,0,0,0,0,0,0,0,0,0,0,0,0.0,0.0,32.44444444444444,0,1,67.53517601961218,False,0
2474,b,a,W,9940,142,-56,-62,a,0,0,0,0,0,0,0,0,0,0,0,0,0,0,0,0.0,0.0,69.5104895104895,0,1,83.54639429682169,False,0
2475,b,a,W,11550,152,-49,-60,a,1,1,0,0,0,0,0,0,100,100,0,1,0,0,1,0.0,50.0,75.49019607843137,0,1,77.46612162745726,False,0
2476,b,a,W,9050,436,-10,1,a,0,0,0,0,0,0,0,0,0,0,0,0,0,0,0,0.0,0.0,20.709382151029747,0,0,10.04987562112089,False,0
2477,b,a,W,7060,150,-69,-60,a,0,0,0,0,0,0,0,0,0,0,0,0,0,0,0,0.0,0.0,46.75496688741722,0,1,91.43850392476902,False,0
2478,b,a,W,18980,247,-16,-34,a,0,0,0,0,0,0,0,0,0,0,0,0,0,0,0,0.0,0.0,76.53225806451613,0,1,37.57658845611187,False,0
2479,a,a,W,16030,236,-28,-36,a,2,1,1,0,0,0,0,0,5200,5000,0,1,0,0,2,0.0,1733.3333333333333,67.63713080168776,0,1,45.60701700396552,True,0
2480,a,a,W,10870,220,-51,-40,a,0,0,0,0,0,0,0,0,0,0,0,0,0,0,0,0.0,0.0,49.18552036199095,0,1,64.81512169239521,True,0
2481,a,a,W,9790,422,-4,-6,a,0,0,0,0,0,0,0,0,0,0,0,0,0,0,0,0.0,0.0,23.14420803782506,0,1,7.211102550927978,True,0
2482,a,a,W,11660,209,-47,-43,a,1,1,0,0,0,0,0,0,400,400,0,1,0,0,1,0.0,200.0,55.523809523809526,0,1,63.702433234531945,True,0
2483,a,a,W,25920,369,17,0,a,0,0,0,0,0,0,0,0,0,0,0,0,0,0,0,0.0,0.0,70.05405405405405,0,0,17.0,True,0
2484,a,a,W,20570,346,-7,-6,a,0,0,0,0,0,0,0,0,0,0,0,0,0,0,0,0.0,0.0,59.279538904899134,0,1,9.219544457292887,True,0
2485,a,a,W,11740,278,-47,-25,a,0,0,0,0,0,0,0,0,0,0,0,0,0,0,0,0.0,0.0,42.07885304659498,0,1,53.23532661682466,True,0
2486,a,a,W,8160,148,-51,-57,a,1,1,0,0,0,0,0,0,300,300,0,1,0,0,1,0.0,150.0,54.76510067114094,0,1,76.48529270389177,True,0
2487,a,a,W,11890,475,23,10,a,0,0,0,0,0,0,0,0,0,0,0,0,0,0,0,0.0,0.0,24.978991596638654,1,0,25.079872407968907,True,0
2488,a,a,W,10080,349,11,40,a,1,0,1,0,0,0,0,0,3000,3000,0,1,0,0,1,0.0,1500.0,28.8,1,0,41.48493702538308,True,0
2489,a,a,W,8620,239,-58,-31,a,0,0,0,0,0,0,0,0,0,0,0,0,0,0,0,0.0,0.0,35.916666666666664,0,1,65.76473218982953,True,0
2490,a,a,W,19740,888,103,105,a,0,0,0,0,0,0,0,0,0,0,0,0,0,0,0,0.0,0.0,22.20472440944882,1,0,147.08500943332058,True,0
2491,a,a,W,5600,119,-63,-63,a,0,0,0,0,0,0,0,0,0,0,0,0,0,0,0,0.0,0.0,46.666666666666664,0,1,89.09545442950498,True,0
2492,a,a,N,10590,442,223,218,a,0,0,0,0,0,0,0,0,0,0,0,0,0,0,0,0.0,0.0,23.905191873589164,1,0,311.8541325684173,True,0
2493,a,a,N,11380,290,0,30,a,0,0,0,0,0,0,0,0,0,0,0,0,0,0,0,0.0,0.0,39.106529209621996,0,0,30.0,True,0
2494,a,a,N,5640,193,-48,0,a,0,0,0,0,0,0,0,0,0,0,0,0,0,0,0,0.0,0.0,29.072164948453608,0,0,48.0,True,0
2495,a,a,N,8710,126,-24,-44,a,0,0,0,0,0,0,0,0,0,0,0,0,0,0,0,0.0,0.0,68.58267716535433,0,1,50.11985634456667,True,0
2496,a,a,N,6760,136,-41,-39,a,1,0,1,0,0,0,0,0,1000,1000,0,1,0,0,1,0.0,500.0,49.34306569343066,0,1,56.586217403180434,True,0
2497,a,a,N,5130,115,-55,-49,a,0,0,0,0,0,0,0,0,0,0,0,0,0,0,0,0.0,0.0,44.224137931034484,0,1,73.66138744281159,True,0
2498,a,a,W,9940,226,-49,-32,a,1,1,0,0,0,0,0,0,500,500,0,1,0,0,1,0.0,250.0,43.78854625550661,0,1,58.52349955359813,True,0
2499,a,a,W,19170,430,-1,29,a,0,0,0,0,0,0,0,0,0,0,0,0,0,0,0,0.0,0.0,44.477958236658935,0,0,29.017236257093817,True,0
2500,a,a,W,13070,282,-11,-12,a,0,0,0,0,0,0,0,0,0,0,0,0,0,0,0,0.0,0.0,46.18374558303887,0,1,16.278820596099706,True,0
2501,a,a,W,8210,247,-44,-23,a,0,0,0,0,0,0,0,0,0,0,0,0,0,0,0,0.0,0.0,33.104838709677416,0,1,49.64876634922564,True,0
2502,a,a,W,17250,228,-11,-32,a,1,0,1,0,0,0,0,0,2000,2000,0,1,0,0,1,0.0,1000.0,75.32751091703057,0,1,33.83784863137726,True,0
2503,a,a,W,8620,201,-51,-37,a,0,0,0,0,0,0,0,0,0,0,0,0,0,0,0,0.0,0.0,42.67326732673267,0,1,63.00793600809346,True,0
2504,a,a,W,15290,315,-13,-1,a,1,1,0,0,0,0,0,0,400,400,0,1,0,0,1,0.0,200.0,48.38607594936709,0,1,13.038404810405298,True,0
2505,a,a,W,27320,414,220,79,a,1,1,0,0,0,0,0,0,200,200,0,1,0,0,1,0.0,100.0,65.83132530120481,1,0,233.75414434828744,True,0
2506,a,a,W,23650,212,34,-33,a,2,2,0,0,0,0,0,0,1100,700,0,1,0,0,2,0.0,366.6666666666667,111.03286384976526,0,0,47.38143096192854,True,0
2507,a,a,W,17570,471,0,48,a,1,1,0,0,0,0,0,0,700,700,0,1,0,0,1,0.0,350.0,37.22457627118644,0,0,48.0,True,0
2508,a,a,W,23580,462,34,46,a,1,0,1,0,0,0,0,0,6000,6000,0,1,0,0,1,0.0,3000.0,50.92872570194385,1,0,57.201398584300364,True,0
2509,a,a,W,8670,216,-51,-32,a,0,0,0,0,0,0,0,0,0,0,0,0,0,0,0,0.0,0.0,39.953917050691246,0,1,60.207972893961475,True,0
2510,a,a,W,10730,542,16,30,a,0,0,0,0,0,0,0,0,0,0,0,0,0,0,0,0.0,0.0,19.760589318600367,1,0,34.0,True,0
2511,a,a,W,24320,427,56,51,a,0,0,0,0,0,0,0,0,0,0,0,0,0,0,0,0.0,0.0,56.822429906542055,1,0,75.7429864739964,True,0
2512,a,a,W,23960,539,54,91,a,0,0,0,0,0,0,0,0,0,0,0,0,0,0,0,0.0,0.0,44.370370370370374,1,0,105.8158778255891,True,0
2513,a,a,W,10910,269,-30,-5,a,1,0,1,0,0,0,0,0,1000,1000,1,1,0,0,1,0.0,500.0,40.407407407407405,0,1,30.4138126514911,True,0
2514,a,a,W,21050,458,72,70,a,1,0,0,1,0,0,0,0,60000,60000,0,1,0,1,0,0.5,30000.0,45.86056644880174,1,0,100.41912168506553,True,0
2515,a,a,W,18370,486,18,72,a,0,0,0,0,0,0,0,0,0,0,0,0,0,0,0,0.0,0.0,37.72073921971253,1,0,74.21590126111789,True,0
2516,a,a,W,18780,498,21,76,a,1,0,1,0,0,0,0,0,3000,3000,0,1,0,0,1,0.0,1500.0,37.635270541082164,1,0,78.84795495128583,True,0
2517,a,a,W,8080,294,-48,4,a,0,0,0,0,0,0,0,0,0,0,0,0,0,0,0,0.0,0.0,27.389830508474578,0,0,48.16637831516918,True,0
2518,a,a,W,12080,310,-22,10,a,1,0,1,0,0,0,0,0,4000,4000,0,1,0,0,1,0.0,2000.0,38.842443729903536,0,0,24.166091947189145,True,0
2519,b,a,N,5990,141,-45,-27,a,0,0,0,0,0,0,0,0,0,0,0,0,0,0,0,0.0,0.0,42.183098591549296,0,1,52.478567053607705,False,0
2520,b,a,N,6940,186,-39,-17,a,1,0,1,0,0,0,0,0,2000,2000,0,1,0,0,1,0.0,1000.0,37.11229946524064,0,1,42.5440947723653,False,0
2521,b,a,N,5120,121,-55,-46,a,0,0,0,0,0,0,0,0,0,0,0,0,0,0,0,0.0,0.0,41.967213114754095,0,1,71.7007670809734,False,0
2522,b,a,W,15530,237,33,-6,a,0,0,0,0,0,0,0,0,0,0,0,0,0,0,0,0.0,0.0,65.25210084033614,0,0,33.54101966249684,False,0
2523,b,a,W,36410,646,152,142,a,0,0,0,0,0,0,0,0,0,0,1,0,0,0,0,0.0,0.0,56.27511591962906,1,0,208.00961516237658,False,0
2524,b,a,W,14050,271,-3,2,a,1,0,0,0,1,0,0,0,300000,300000,0,1,0,1,0,0.5,150000.0,51.654411764705884,0,0,3.605551275463989,False,0
2525,b,a,W,10280,228,-12,-10,a,0,0,0,0,0,0,0,0,0,0,0,0,0,0,0,0.0,0.0,44.890829694323145,0,1,15.620499351813308,False,0
2526,b,a,W,17500,324,21,22,a,0,0,0,0,0,0,0,0,0,0,0,0,0,0,0,0.0,0.0,53.84615384615385,1,0,30.4138126514911,False,0
2527,b,a,N,7590,227,-34,1,a,0,0,0,0,0,0,0,0,0,0,0,0,0,0,0,0.0,0.0,33.28947368421053,0,0,34.0147027033899,False,0
2528,b,a,N,8910,209,-22,-7,a,0,0,0,0,0,0,0,0,0,0,0,0,0,0,0,0.0,0.0,42.42857142857143,0,1,23.08679276123039,False,0
2529,b,a,N,7460,189,-31,-2,a,0,0,0,0,0,0,0,0,0,0,0,0,0,0,0,0.0,0.0,39.26315789473684,0,1,31.064449134018133,False,0
2530,b,a,W,9890,183,-29,-31,a,0,0,0,0,0,0,0,0,0,0,0,0,0,0,0,0.0,0.0,53.75,0,1,42.44997055358225,False,0
2531,b,a,N,8520,216,-21,12,a,0,0,0,0,0,0,0,0,0,0,0,0,0,0,0,0.0,0.0,39.26267281105991,0,0,24.186773244895647,False,0
2532,b,a,N,9340,148,-18,-34,a,0,0,0,0,0,0,0,0,0,0,0,0,0,0,0,0.0,0.0,62.68456375838926,0,1,38.47076812334269,False,0
2533,b,a,N,2580,115,-77,-49,a,0,0,0,0,0,0,0,0,0,0,0,0,0,0,0,0.0,0.0,22.24137931034483,0,1,91.26883367283708,False,0
2534,b,a,N,2600,116,-76,-40,a,0,0,0,0,0,0,0,0,0,0,0,0,0,0,0,0.0,0.0,22.22222222222222,0,1,85.88364221433555,False,0
2535,b,a,N,4140,111,-59,-41,a,0,0,0,0,0,0,0,0,0,0,0,0,0,0,0,0.0,0.0,36.964285714285715,0,1,71.84705978674423,False,0
2536,b,a,N,8170,119,-20,-37,a,1,0,1,0,0,0,0,0,2000,2000,0,1,0,0,1,0.0,1000.0,68.08333333333333,0,1,42.05948168962618,False,0
2537,b,a,N,6780,112,-33,-40,a,0,0,0,0,0,0,0,0,0,0,0,0,0,0,0,0.0,0.0,60.0,0,1,51.85556864985669,False,0
2538,b,a,N,4400,120,-57,-36,a,0,0,0,0,0,0,0,0,0,0,0,0,0,0,0,0.0,0.0,36.36363636363637,0,1,67.4166151627327,False,0
2539,b,a,W,13070,189,13,-23,a,0,0,0,0,0,0,0,0,0,0,0,0,0,0,0,0.0,0.0,68.78947368421052,0,0,26.419689627245813,False,0
2540,b,a,W,36870,579,163,119,a,1,0,1,0,0,0,0,0,5000,5000,0,1,0,0,1,0.0,2500.0,63.56896551724138,1,0,201.81674856165927,False,0
2541,b,a,W,16940,288,47,18,a,0,0,0,0,0,0,0,0,0,0,0,0,0,0,0,0.0,0.0,58.6159169550173,1,0,50.32891812864648,False,0
2542,b,a,N,11190,245,10,31,a,0,0,0,0,0,0,0,0,0,0,0,0,0,0,0,0.0,0.0,45.48780487804878,1,0,32.57299494980466,False,0
2543,a,a,N,9070,195,-11,4,a,0,0,0,0,0,0,0,0,0,0,1,0,0,0,0,0.0,0.0,46.275510204081634,0,0,11.704699910719626,True,0
2544,a,a,N,9840,217,-6,6,a,1,0,0,1,0,0,0,0,10000,10000,0,1,0,1,0,0.5,5000.0,45.137614678899084,0,0,8.48528137423857,True,0
2545,a,a,N,12960,194,27,3,a,0,0,0,0,0,0,0,0,0,0,0,0,0,0,0,0.0,0.0,66.46153846153847,1,0,27.16615541441225,True,0
2546,a,a,W,41970,592,220,130,a,0,0,0,0,0,0,0,0,0,0,0,0,0,0,0,0.0,0.0,70.77571669477234,1,0,255.53864678361276,True,0
2547,a,a,W,25650,553,96,115,a,0,0,0,0,0,0,0,0,0,0,0,0,0,0,0,0.0,0.0,46.29963898916967,1,0,149.80320423809366,True,0
2548,a,a,W,20750,329,88,42,a,1,1,0,0,0,0,0,0,700,700,0,1,0,0,1,0.0,350.0,62.878787878787875,1,0,97.50897394599124,True,0
2549,a,a,W,17280,394,32,53,a,1,1,0,0,0,0,0,0,100,100,0,1,0,0,1,0.0,50.0,43.74683544303797,1,0,61.91122676865643,True,0
2550,a,a,W,76490,1203,484,367,b,0,0,0,0,0,0,0,0,0,0,0,0,0,0,0,0.0,0.0,63.529900332225914,1,0,607.4084293126002,False,0
2551,a,a,W,28600,601,120,130,a,0,0,0,0,0,0,0,0,0,0,0,0,0,0,0,0.0,0.0,47.50830564784053,1,0,176.91806012954132,True,0
2552,a,a,W,22890,283,104,23,a,0,0,0,0,0,0,0,0,0,0,0,0,0,0,0,0.0,0.0,80.59859154929578,1,0,106.51291001564083,True,0
2553,a,a,W,32580,494,150,89,a,3,3,0,0,0,0,0,0,1600,700,0,1,0,0,3,0.0,400.0,65.81818181818181,1,0,174.4161689752415,True,0
2554,a,a,W,28000,572,115,119,a,0,0,0,0,0,0,0,0,0,0,1,0,0,0,0,0.0,0.0,48.86561954624782,1,0,165.48715962273326,True,0
2555,a,a,W,29320,526,125,101,a,1,0,0,1,0,0,0,0,90000,90000,0,1,0,1,0,0.5,45000.0,55.63567362428842,1,0,160.70469812671936,True,0
2556,a,a,W,32210,510,147,95,a,1,1,0,0,0,0,0,0,600,600,0,1,0,0,1,0.0,300.0,63.03326810176125,1,0,175.025712396779,True,0
2557,a,a,W,12140,317,8,38,a,0,0,0,0,0,0,0,0,0,0,0,0,0,0,0,0.0,0.0,38.17610062893082,1,0,38.8329756778952,True,0
2558,a,a,W,10590,256,-19,-2,a,0,0,0,0,0,0,0,0,0,0,0,0,0,0,0,0.0,0.0,41.206225680933855,0,1,19.1049731745428,True,0
2559,b,a,N,8560,210,-18,2,a,0,0,0,0,0,0,0,0,0,0,0,0,0,0,0,0.0,0.0,40.56872037914692,0,0,18.110770276274835,False,0
2560,b,a,N,8470,203,-17,8,a,0,0,0,0,0,0,0,0,0,0,0,0,0,0,0,0.0,0.0,41.51960784313726,0,0,18.788294228055936,False,0
2561,b,a,N,7220,218,-29,16,a,0,0,0,0,0,0,0,0,0,0,0,0,0,0,0,0.0,0.0,32.96803652968037,0,0,33.12099032335839,False,0
2562,b,a,N,11700,181,15,-4,a,0,0,0,0,0,0,0,0,0,0,0,0,0,0,0,0.0,0.0,64.28571428571429,0,0,15.524174696260024,False,0
2563,b,a,N,6970,154,-33,-25,a,0,0,0,0,0,0,0,0,0,0,0,0,0,0,0,0.0,0.0,44.96774193548387,0,1,41.400483088968905,False,0
2564,b,a,W,6920,158,-41,-32,a,0,0,0,0,0,0,0,0,0,0,0,0,0,0,0,0.0,0.0,43.522012578616355,0,1,52.009614495783374,False,0
2565,b,a,W,17200,262,47,14,a,0,0,0,0,0,0,0,0,0,0,0,0,0,0,0,0.0,0.0,65.39923954372624,1,0,49.040799340956916,False,0
2566,b,a,W,42640,576,264,150,a,0,0,0,0,0,0,0,0,0,0,0,0,0,0,0,0.0,0.0,73.89948006932408,1,0,303.63794229311986,False,0
2567,b,a,W,15130,372,18,51,a,0,0,0,0,0,0,0,0,0,0,0,0,0,0,0,0.0,0.0,40.56300268096515,1,0,54.08326913195984,False,0
2568,b,a,W,15740,222,4,-27,a,1,0,1,0,0,0,0,0,6000,6000,0,1,0,0,1,0.0,3000.0,70.5829596412556,0,0,27.294688127912362,False,0
2569,b,a,W,12470,227,-2,-8,a,0,0,0,0,0,0,0,0,0,0,0,0,0,0,0,0.0,0.0,54.69298245614035,0,1,8.246211251235321,False,0
2570,b,a,W,19290,268,28,-12,a,1,0,1,0,0,0,0,0,1000,1000,0,1,0,0,1,0.0,500.0,71.7100371747212,0,0,30.463092423455635,False,0
2571,b,a,W,24620,362,63,18,a,0,0,0,0,0,0,0,0,0,0,0,0,0,0,0,0.0,0.0,67.8236914600551,1,0,65.52098900352466,False,0
2572,b,a,W,13460,229,-11,-25,a,0,0,0,0,0,0,0,0,0,0,0,0,0,0,0,0.0,0.0,58.52173913043478,0,1,27.313000567495326,False,0
2573,b,a,W,14660,229,-3,-25,a,0,0,0,0,0,0,0,0,0,0,0,0,0,0,0,0.0,0.0,63.73913043478261,0,1,25.179356624028344,False,0
2574,b,a,W,37560,493,149,61,a,1,1,0,0,0,0,0,0,200,200,0,1,0,0,1,0.0,100.0,76.03238866396761,1,0,161.00310556011024,False,0
2575,b,a,W,27740,443,81,41,a,0,0,0,0,0,0,0,0,0,0,0,0,0,0,0,0.0,0.0,62.47747747747748,1,0,90.78546139112804,False,0
2576,b,a,W,15460,249,15,-2,a,0,0,0,0,0,0,0,0,0,0,0,0,0,0,0,0.0,0.0,61.84,0,0,15.132745950421556,False,0
2577,b,a,W,22060,275,64,8,a,0,0,0,0,0,0,0,0,0,0,0,0,0,0,0,0.0,0.0,79.92753623188406,1,0,64.4980619863884,False,0
2578,b,a,W,16330,270,7,-14,a,0,0,0,0,0,0,0,0,0,0,0,0,0,0,0,0.0,0.0,60.25830258302583,0,0,15.652475842498529,False,0
2579,b,a,W,28910,307,115,20,a,0,0,0,0,0,0,0,0,0,0,0,0,0,0,0,0.0,0.0,93.86363636363636,1,0,116.72617529928752,False,0
2580,b,a,W,81410,785,432,151,b,0,0,0,0,0,0,0,0,0,0,0,0,0,0,0,0.0,0.0,103.57506361323155,1,0,457.62976301809744,False,0
2581,b,a,W,42110,555,213,118,a,0,0,0,0,0,0,0,0,0,0,0,0,0,0,0,0.0,0.0,75.73741007194245,1,0,243.50154003619772,False,0
2582,b,a,W,26960,540,101,112,a,0,0,0,0,0,0,0,0,0,0,0,0,0,0,0,0.0,0.0,49.83364140480592,1,0,150.81445554057476,False,0
2583,a,a,W,16130,322,2,2,a,0,0,0,0,0,0,0,0,0,0,0,0,0,0,0,0.0,0.0,49.93808049535604,1,0,2.8284271247461903,True,0
2584,a,a,W,12750,235,-10,-10,a,0,0,0,0,0,0,0,0,0,0,0,0,0,0,0,0.0,0.0,54.02542372881356,0,1,14.142135623730951,True,0
