id,seismic,seismoacoustic,shift,genergy,gpuls,gdenergy,gdpuls,ghazard,nbumps,nbumps2,nbumps3,nbumps4,nbumps5,nbumps6,nbumps7,nbumps89,energy,maxenergy,class,both_positive_dev,both_negative_dev,dev_magnitude
1,a,a,N,15180,48,-72,-72,a,0,0,0,0,0,0,0,0,0,0,0,0,1,101.82337649086284
2,a,a,N,14720,33,-70,-79,a,1,0,1,0,0,0,0,0,2000,2000,0,0,1,105.55093557141026
3,a,a,N,8050,30,-81,-78,a,0,0,0,0,0,0,0,0,0,0,0,0,1,112.44998888394787
4,a,a,N,28820,171,-23,40,a,1,0,1,0,0,0,0,0,3000,3000,0,0,0,46.14108798023731
5,a,a,N,12640,57,-63,-52,a,0,0,0,0,0,0,0,0,0,0,0,0,1,81.68843247363729
6,a,a,W,63760,195,-73,-65,a,0,0,0,0,0,0,0,0,0,0,0,0,1,97.74456506629922
7,a,a,W,207930,614,-6,18,a,2,2,0,0,0,0,0,0,1000,700,0,0,0,18.973665961010276
8,a,a,N,48990,194,-27,-3,a,1,0,1,0,0,0,0,0,4000,4000,0,0,1,27.16615541441225
9,a,a,N,100190,303,54,52,a,0,0,0,0,0,0,0,0,0,0,0,1,0,74.96665925596525
10,a,a,W,247620,675,4,25,a,1,1,0,0,0,0,0,0,500,500,0,1,0,25.317977802344327
11,a,a,N,41950,135,-39,-36,a,1,0,1,0,0,0,0,0,5000,5000,0,0,1,53.075418038862395
12,a,a,N,53250,140,-19,-31,a,0,0,0,0,0,0,0,0,0,0,0,0,1,36.359317925395686
13,a,a,W,166180,448,-30,-19,a,1,1,0,0,0,0,0,0,400,400,0,0,1,35.510561809129406
14,a,a,N,64540,215,0,9,a,1,0,1,0,0,0,0,0,6000,6000,0,0,0,9.0
15,a,a,N,75670,207,18,4,a,1,1,0,0,0,0,0,0,600,600,0,1,0,18.439088914585774
16,a,b,W,225040,575,-3,5,a,2,0,2,0,0,0,0,0,7000,6000,0,0,0,5.830951894845301
17,a,b,N,31290,117,-52,-41,a,0,0,0,0,0,0,0,0,0,0,0,0,1,66.21933252457322
18,a,b,N,22890,81,-63,-58,a,0,0,0,0,0,0,0,0,0,0,0,0,1,85.63293758829018
19,a,b,N,13170,59,-77,-67,a,0,0,0,0,0,0,0,0,0,0,0,0,1,102.06860437960343
20,a,b,N,8900,38,-83,-77,a,0,0,0,0,0,0,0,0,0,0,0,0,1,113.21660655575224
21,a,a,N,13250,32,-71,-79,a,0,0,0,0,0,0,0,0,0,0,0,0,1,106.21675950620975
22,a,a,N,11710,70,-72,-47,a,1,0,1,0,0,0,0,0,4000,4000,0,0,1,85.98255637046388
23,a,a,N,10640,62,-68,-43,a,0,0,0,0,0,0,0,0,0,0,0,0,1,80.45495634204272
24,a,a,N,45630,155,49,52,a,0,0,0,0,0,0,0,0,0,0,0,1,0,71.449282711585
25,a,a,W,424650,1069,1,7,a,2,0,2,0,0,0,0,0,6000,4000,0,1,0,7.0710678118654755
26,a,a,N,38820,213,-82,-57,a,1,0,1,0,0,0,0,0,4000,4000,0,0,1,99.86490875177326
27,a,a,N,56960,200,-70,-58,a,0,0,0,0,0,0,0,0,0,0,0,0,1,90.9065454189081
28,a,a,W,212260,729,-50,-28,a,2,1,1,0,0,0,0,0,1400,1000,0,0,1,57.30619512757761
29,a,a,N,42950,172,-76,-61,a,1,0,1,0,0,0,0,0,6000,6000,0,0,1,97.45255255764212
30,a,a,W,172290,437,-57,-55,a,1,1,0,0,0,0,0,0,600,600,0,0,1,79.20858539325141
31,a,a,W,395110,1043,46,40,a,3,0,3,0,0,0,0,0,6000,2000,0,1,0,60.959002616512684
32,a,a,N,51320,239,11,23,a,1,0,1,0,0,0,0,0,6000,6000,0,1,0,25.495097567963924
33,a,a,W,144880,361,-46,-52,a,1,0,1,0,0,0,0,0,2000,2000,0,0,1,69.42621983083913
34,a,a,W,477750,1132,86,60,a,3,3,0,0,0,0,0,0,1500,600,0,1,0,104.86181383134664
35,a,a,N,71840,255,54,28,a,1,0,1,0,0,0,0,0,6000,6000,0,1,0,60.8276253029822
36,a,a,W,127360,351,-54,-53,a,1,1,0,0,0,0,0,0,700,700,1,0,1,75.66372975210778
37,a,a,W,514800,1369,95,94,a,7,4,2,1,0,0,0,0,15700,10000,0,1,0,133.64505228402584
38,a,a,N,69440,266,41,30,a,0,0,0,0,0,0,0,0,0,0,0,1,0,50.80354318352215
39,a,a,N,28460,117,-45,-45,a,0,0,0,0,0,0,0,0,0,0,0,0,1,63.63961030678928
40,a,a,N,23220,112,-53,-45,a,0,0,0,0,0,0,0,0,0,0,0,0,1,69.52697318307479
41,a,a,N,16630,81,-65,-59,a,0,0,0,0,0,0,0,0,0,0,0,0,1,87.78382538941898
42,a,a,N,8750,47,-80,-75,a,0,0,0,0,0,0,0,0,0,0,0,0,1,109.65856099730654
43,a,a,N,20150,64,-51,-62,a,1,0,1,0,0,0,0,0,5000,5000,0,0,1,80.2807573457052
44,a,a,N,15590,82,-59,-48,a,0,0,0,0,0,0,0,0,0,0,0,0,1,76.05918747922567
45,a,a,W,102720,265,-64,-66,a,2,1,1,0,0,0,0,0,2700,2000,0,0,1,91.93475947648963
46,a,a,W,250030,687,-8,-5,a,0,0,0,0,0,0,0,0,0,0,0,0,1,9.433981132056603
47,a,a,N,39510,204,12,40,a,1,0,1,0,0,0,0,0,5000,5000,0,1,0,41.7612260356422
48,a,b,N,64200,198,86,35,a,1,1,0,0,0,0,0,0,500,500,0,1,0,92.84934033152847
49,a,b,W,309010,983,15,38,b,2,1,1,0,0,0,0,0,1800,1000,0,1,0,40.85339643163099
50,a,b,N,59060,264,65,85,b,1,0,1,0,0,0,0,0,6000,6000,0,1,0,107.00467279516349
51,a,b,N,66510,215,93,50,b,1,1,0,0,0,0,0,0,300,300,0,1,0,105.58882516630251
52,a,b,W,248900,739,-9,0,b,1,1,0,0,0,0,0,0,400,400,0,0,0,9.0
53,a,b,N,51620,186,51,34,a,1,0,1,0,0,0,0,0,7000,7000,0,1,0,61.29437168288782
54,a,b,N,45150,140,24,-4,a,0,0,0,0,0,0,0,0,0,0,0,0,0,24.331050121192877
55,a,b,N,60460,191,56,29,a,0,0,0,0,0,0,0,0,0,0,0,1,0,63.06346010171025
56,a,a,N,18330,91,-57,-43,a,1,0,1,0,0,0,0,0,4000,4000,0,0,1,71.40028011149536
57,a,a,N,50580,134,15,-18,a,0,0,0,0,0,0,0,0,0,0,0,0,0,23.430749027719962
58,a,a,W,269070,767,-1,4,a,2,2,0,0,0,0,0,0,800,400,0,0,0,4.123105625617661
59,a,a,N,37360,171,-21,0,a,1,0,1,0,0,0,0,0,4000,4000,0,0,0,21.0
60,a,a,W,372770,975,37,32,a,3,3,0,0,0,0,0,0,1400,700,0,1,0,48.91829923454004
61,a,a,N,44180,203,-10,13,a,0,0,0,0,0,0,0,0,0,0,0,0,0,16.401219466856727
62,a,a,N,32070,138,-36,-23,a,0,0,0,0,0,0,0,0,0,0,0,0,1,42.720018726587654
63,a,a,N,31540,121,-32,-30,a,0,0,0,0,0,0,0,0,0,0,0,0,1,43.86342439892262
64,a,a,N,46380,133,6,-16,a,1,0,1,0,0,0,0,0,5000,5000,0,0,0,17.08800749063506
65,a,a,N,18160,78,-57,-48,a,0,0,0,0,0,0,0,0,0,0,0,0,1,74.51845409024533
66,a,a,N,147520,472,-2,-6,a,0,0,0,0,0,0,0,0,0,0,0,0,1,6.324555320336759
67,a,a,W,202640,588,-33,-41,a,2,1,1,0,0,0,0,0,4300,4000,0,0,1,52.630789467763066
68,a,a,W,259110,1409,-11,46,a,1,1,0,0,0,0,0,0,900,900,0,0,0,47.29693436154187
69,a,a,N,40210,193,-71,-59,a,1,0,1,0,0,0,0,0,5000,5000,0,0,1,92.31467922275417
70,a,a,N,59210,175,-54,-61,a,0,0,0,0,0,0,0,0,0,0,0,0,1,81.46778504415104
71,a,a,W,590510,1780,23,-6,a,1,1,0,0,0,0,0,0,800,800,0,0,0,23.769728648009426
72,a,a,N,75930,305,-38,-27,a,1,0,1,0,0,0,0,0,6000,6000,0,0,1,46.61544808322666
73,a,a,N,73030,240,25,7,a,0,0,0,0,0,0,0,0,0,0,0,1,0,25.96150997149434
74,a,a,W,317360,1068,-36,-44,a,0,0,0,0,0,0,0,0,0,0,0,0,1,56.85068161420758
75,a,a,W,227990,734,-52,-59,a,2,1,1,0,0,0,0,0,4300,4000,0,0,1,78.64477096412705
76,a,a,N,96080,433,60,92,a,0,0,0,0,0,0,0,0,0,0,0,1,0,109.83624174196785
77,a,a,W,210960,773,-44,-35,a,1,0,1,0,0,0,0,0,5000,5000,0,0,1,56.22277118748239
78,a,a,N,24900,159,-57,-29,a,0,0,0,0,0,0,0,0,0,0,0,0,1,63.953107821277925
79,a,a,W,302440,1250,-16,9,a,2,2,0,0,0,0,0,0,600,300,0,0,0,18.35755975068582
80,a,a,N,46160,250,-16,15,a,1,0,1,0,0,0,0,0,6000,6000,0,0,0,21.93171219946131
81,a,b,W,436650,1232,23,6,a,0,0,0,0,0,0,0,0,0,0,0,1,0,23.769728648009426
82,a,b,N,58230,279,8,27,a,0,0,0,0,0,0,0,0,0,0,0,1,0,28.160255680657446
83,a,b,N,36380,222,-32,-2,a,1,0,1,0,0,0,0,0,4000,4000,0,0,1,32.0624390837628
84,a,b,W,169370,644,-53,-45,a,0,0,0,0,0,0,0,0,0,0,0,0,1,69.52697318307479
85,a,b,N,96600,383,87,70,a,0,0,0,0,0,0,0,0,0,0,0,1,0,111.66467659918243
86,a,a,W,233810,839,-31,-24,a,0,0,0,0,0,0,0,0,0,0,0,0,1,39.20459156782532
87,a,a,W,149050,697,-54,-35,a,1,0,1,0,0,0,0,0,6000,6000,0,0,1,64.35060217278468
88,a,a,N,63550,325,15,35,a,0,0,0,0,0,0,0,0,0,0,0,1,0,38.07886552931954
89,a,a,W,194580,697,-35,-32,a,0,0,0,0,0,0,0,0,0,0,0,0,1,47.4236228055175
90,a,a,N,63550,325,15,35,a,0,0,0,0,0,0,0,0,0,0,0,1,0,38.07886552931954
91,a,a,W,194580,697,-35,-32,a,0,0,0,0,0,0,0,0,0,0,0,0,1,47.4236228055175
92,a,a,N,46020,267,-18,6,a,1,0,1,0,0,0,0,0,5000,5000,0,0,0,18.973665961010276
93,a,a,N,104390,331,91,29,a,0,0,0,0,0,0,0,0,0,0,0,1,0,95.50916186418976
94,a,a,W,285750,791,1,-19,a,0,0,0,0,0,0,0,0,0,0,0,0,0,19.026297590440446
95,a,a,N,26510,106,-55,-60,a,0,0,0,0,0,0,0,0,0,0,0,0,1,81.39410298049853
96,a,a,N,25580,120,-54,-53,a,1,0,1,0,0,0,0,0,6000,6000,0,0,1,75.66372975210778
97,a,a,W,298230,916,9,-2,a,0,0,0,0,0,0,0,0,0,0,0,0,0,9.219544457292887
98,a,a,N,39040,231,-26,-5,a,1,0,1,0,0,0,0,0,5000,5000,0,0,1,26.476404589747453
99,a,a,N,54990,182,1,-28,a,0,0,0,0,0,0,0,0,0,0,0,0,0,28.0178514522438
100,a,a,W,172120,537,-35,-41,a,0,0,0,0,0,0,0,0,0,0,0,0,1,53.907327887774215
101,a,a,N,25280,158,-54,-35,a,1,0,1,0,0,0,0,0,4000,4000,0,0,1,64.35060217278468
102,a,a,W,270040,717,10,-14,a,2,2,0,0,0,0,0,0,800,500,0,0,0,17.204650534085253
103,a,a,N,41120,132,-21,-43,a,0,0,0,0,0,0,0,0,0,0,0,0,1,47.853944456021594
104,a,a,N,22710,68,-57,-70,a,0,0,0,0,0,0,0,0,0,0,0,0,1,90.27181176868004
105,a,a,N,13160,46,-71,-76,a,0,0,0,0,0,0,0,0,0,0,0,0,1,104.00480758118829
106,a,a,N,19500,80,-51,-51,a,1,0,1,0,0,0,0,0,4000,4000,0,0,1,72.12489168102785
107,a,a,N,12970,53,-65,-64,a,0,0,0,0,0,0,0,0,0,0,0,0,1,91.21951545584969
108,a,a,W,166700,363,-34,-56,a,0,0,0,0,0,0,0,0,0,0,0,0,1,65.5133574166368
109,a,a,W,274170,997,15,34,a,0,0,0,0,0,0,0,0,0,0,0,1,0,37.16180835212409
110,a,b,N,56120,222,100,89,a,1,0,1,0,0,0,0,0,5000,5000,0,1,0,133.86933928274988
111,a,b,W,226790,717,2,0,a,0,0,0,0,0,0,0,0,0,0,0,0,0,2.0
112,a,b,W,134640,611,-41,-16,a,0,0,0,0,0,0,0,0,0,0,0,0,1,44.01136216933077
113,a,b,N,49910,208,61,61,a,1,0,1,0,0,0,0,0,3000,3000,0,1,0,86.2670273047588
114,a,b,W,328050,707,51,0,a,1,1,0,0,0,0,0,0,200,200,0,0,0,51.0
115,a,b,W,140090,380,-40,-46,a,0,0,0,0,0,0,0,0,0,0,0,0,1,60.959002616512684
116,a,a,N,42820,150,28,9,a,1,0,1,0,0,0,0,0,3000,3000,0,1,0,29.410882339705484
117,a,a,W,157740,440,-31,-35,a,0,0,0,0,0,0,0,0,0,0,0,0,1,46.75467891024384
118,a,a,W,325750,1068,50,67,a,1,0,1,0,0,0,0,0,3000,3000,0,1,0,83.60023923410746
119,a,a,W,300520,894,37,37,a,0,0,0,0,0,0,0,0,0,0,0,1,0,52.32590180780452
120,a,a,W,465730,1325,-7,-12,a,1,0,1,0,0,0,0,0,4000,4000,0,0,1,13.892443989449804
121,a,a,W,336600,984,-32,-34,a,1,0,1,0,0,0,0,0,4000,4000,0,0,1,46.69047011971501
122,a,a,N,112300,263,-55,-65,a,0,0,0,0,0,0,0,0,0,0,0,0,1,85.14693182963201
123,a,a,W,951410,1332,98,-7,a,0,0,0,0,0,0,0,0,0,0,0,0,0,98.2496819333274
124,a,a,N,203850,476,-14,-32,a,1,0,1,0,0,0,0,0,3000,3000,0,0,1,34.92849839314596
125,a,a,W,715390,1923,36,36,a,1,1,0,0,0,0,0,0,300,300,0,1,0,50.91168824543142
126,a,a,N,160350,828,-31,23,a,0,0,0,0,0,0,0,0,0,0,0,0,0,38.600518131237564
127,a,a,N,76150,260,-52,-50,a,1,0,1,0,0,0,0,0,4000,4000,0,0,1,72.13875518748573
128,a,a,W,373180,1246,-32,-14,a,1,0,1,0,0,0,0,0,2000,2000,0,0,1,34.92849839314596
129,a,a,W,481630,1678,-10,17,a,0,0,0,0,0,0,0,0,0,0,0,0,0,19.72308292331602
130,a,a,W,620720,1789,17,23,a,0,0,0,0,0,0,0,0,0,0,0,1,0,28.600699292150182
131,a,a,N,99160,514,-34,4,a,1,0,1,0,0,0,0,0,4000,4000,0,0,0,34.23448553724738
132,a,a,N,280830,689,94,39,a,1,0,1,0,0,0,0,0,3000,3000,0,1,0,101.76934705499491
133,a,a,W,557230,1642,2,11,a,0,0,0,0,0,0,0,0,0,0,0,1,0,11.180339887498949
134,a,a,N,65800,259,-58,-49,a,1,0,1,0,0,0,0,0,4000,4000,0,0,1,75.92759709091287
135,a,a,N,270490,865,83,78,a,0,0,0,0,0,0,0,0,0,0,0,1,0,113.89907813498755
136,a,a,W,307540,1020,-44,-32,a,0,0,0,0,0,0,0,0,0,0,0,0,1,54.405882034941776
137,a,a,N,51230,222,-68,-57,a,1,0,1,0,0,0,0,0,3000,3000,0,0,1,88.72992730753249
138,a,a,W,314100,904,-41,-37,a,0,0,0,0,0,0,0,0,0,0,0,0,1,55.226805085936306
139,a,a,W,368340,1325,-28,-4,a,1,0,1,0,0,0,0,0,2000,2000,0,0,1,28.284271247461902
140,a,a,N,114540,488,-23,0,a,2,0,2,0,0,0,0,0,8000,5000,0,0,0,23.0
141,a,a,W,316200,1089,-37,-21,a,3,1,2,0,0,0,0,0,2700,1000,0,0,1,42.5440947723653
142,a,a,N,209760,919,46,89,a,0,0,0,0,0,0,0,0,0,0,0,1,0,100.18482919085105
143,a,a,N,46300,197,-69,-63,a,1,0,1,0,0,0,0,0,5000,5000,0,0,1,93.43446901438462
144,a,a,W,372380,1264,-26,-9,a,0,0,0,0,0,0,0,0,0,0,0,0,1,27.51363298439521
145,a,a,N,47830,264,-65,-47,a,1,0,1,0,0,0,0,0,3000,3000,0,0,1,80.2122185206219
146,a,a,W,396530,1209,-10,-13,a,1,0,1,0,0,0,0,0,6000,6000,0,0,1,16.401219466856727
147,a,a,N,87740,357,-30,-24,a,0,0,0,0,0,0,0,0,0,0,0,0,1,38.41874542459709
148,a,a,N,74570,308,-41,-35,a,2,0,2,0,0,0,0,0,4000,3000,0,0,1,53.907327887774215
149,a,a,N,37490,224,-70,-51,a,0,0,0,0,0,0,0,0,0,0,0,0,1,86.6083136886985
150,a,a,W,303610,1034,-26,-21,a,0,0,0,0,0,0,0,0,0,0,0,0,1,33.421549934136806
151,a,a,W,278230,1060,-31,-18,a,1,1,0,0,0,0,0,0,900,900,0,0,1,35.84689665786984
152,a,a,N,64930,273,-35,-33,a,1,0,1,0,0,0,0,0,5000,5000,0,0,1,48.104053883222775
153,a,a,W,498960,1447,30,17,a,1,1,0,0,0,0,0,0,900,900,0,1,0,34.48187929913333
154,a,a,W,443740,1321,20,10,a,0,0,0,0,0,0,0,0,0,0,0,1,0,22.360679774997898
155,a,a,N,39620,195,-61,-53,a,1,0,1,0,0,0,0,0,4000,4000,0,0,1,80.8084154033477
156,a,a,W,788230,1484,-1,-1,a,0,0,0,0,0,0,0,0,0,0,0,0,1,1.4142135623730951
157,a,a,N,119460,269,-70,-64,a,0,0,0,0,0,0,0,0,0,0,0,0,1,94.847245611035
158,a,a,N,65100,172,-82,-75,a,1,0,1,0,0,0,0,0,3000,3000,0,0,1,111.12605455067681
159,a,b,W,1049580,1807,31,21,a,0,0,0,0,0,0,0,0,0,0,0,1,0,37.44329045369811
160,a,b,W,715540,1471,-13,-4,a,2,2,0,0,0,0,0,0,900,600,1,0,1,13.601470508735444
161,a,b,N,92520,169,-73,-74,a,1,0,0,1,0,0,0,0,10000,10000,1,0,1,103.9471019317037
162,b,c,W,974430,1828,20,20,a,2,1,0,1,0,0,0,0,20600,20000,0,1,0,28.284271247461902
163,b,c,W,696470,1368,-16,-12,a,2,1,1,0,0,0,0,0,2400,2000,0,0,1,20.0
164,b,c,N,61620,195,-33,-4,a,1,0,1,0,0,0,0,0,3000,3000,0,0,1,33.24154027718932
165,a,c,W,1124850,2153,37,39,a,3,1,2,0,0,0,0,0,3900,2000,0,1,0,53.75872022286245
166,a,b,W,640820,1235,-25,-23,a,1,0,1,0,0,0,0,0,5000,5000,0,0,1,33.97057550292606
167,a,b,W,1096910,2037,31,29,a,2,1,1,0,0,0,0,0,3700,3000,0,1,0,42.44997055358225
168,a,b,N,155540,363,74,79,a,0,0,0,0,0,0,0,0,0,0,0,1,0,108.2450922675019
169,a,b,W,722590,2125,-17,30,a,2,0,2,0,0,0,0,0,5000,4000,0,0,0,34.48187929913333
170,a,b,W,582700,1232,-32,-28,a,1,0,1,0,0,0,0,0,7000,7000,0,0,1,42.5205832509386
171,a,b,W,691310,1416,-14,-6,a,0,0,0,0,0,0,0,0,0,0,0,0,1,15.231546211727817
172,a,b,W,698810,1279,-11,-14,a,3,0,3,0,0,0,0,0,8000,4000,0,0,1,17.804493814764857
173,a,b,N,94110,314,-76,-58,a,0,0,0,0,0,0,0,0,0,0,0,0,1,95.60334722173695
174,a,a,W,716630,1677,-8,14,a,2,2,0,0,0,0,0,0,700,500,0,0,0,16.1245154965971
175,a,a,W,641120,1571,-17,6,a,1,1,0,0,0,0,0,0,800,800,0,0,0,18.027756377319946
176,a,a,N,384230,751,4,6,a,3,1,2,0,0,0,0,0,9700,6000,1,1,0,7.211102550927978
177,a,a,W,790830,1434,5,-4,a,2,0,1,1,0,0,0,0,13000,10000,0,0,0,6.4031242374328485
178,a,b,N,390180,938,6,33,a,0,0,0,0,0,0,0,0,0,0,0,1,0,33.54101966249684
179,a,b,N,69360,257,-81,-65,a,1,0,1,0,0,0,0,0,4000,4000,0,0,1,103.85566907973777
180,a,b,W,936850,1737,24,17,a,2,1,1,0,0,0,0,0,2600,2000,0,1,0,29.410882339705484
181,a,b,N,432690,1012,30,50,a,0,0,0,0,0,0,0,0,0,0,0,1,0,58.309518948453004
182,a,a,W,441960,1006,-42,-33,a,3,0,3,0,0,0,0,0,6000,3000,0,0,1,53.41348144429457
183,a,a,W,912890,2001,25,37,a,0,0,0,0,0,0,0,0,0,0,0,1,0,44.654227123532216
184,a,a,W,446210,1030,-40,-32,a,0,0,0,0,0,0,0,0,0,0,0,0,1,51.22499389946279
185,a,a,N,84630,233,-75,-67,a,0,0,0,0,0,0,0,0,0,0,0,0,1,100.56838469419701
186,a,a,N,77540,174,-75,-73,a,0,0,0,0,0,0,0,0,0,0,0,0,1,104.66135867644753
187,a,a,N,117040,328,-57,-45,a,1,0,1,0,0,0,0,0,2000,2000,0,0,1,72.62231062146122
188,a,a,N,414700,900,69,63,a,0,0,0,0,0,0,0,0,0,0,0,1,0,93.43446901438462
189,a,a,W,960770,2117,36,44,a,0,0,0,0,0,0,0,0,0,0,0,1,0,56.85068161420758
190,a,b,W,763520,2079,5,36,b,0,0,0,0,0,0,0,0,0,0,0,1,0,36.345563690772494
191,a,b,W,541040,1295,-26,-19,b,4,3,1,0,0,0,0,0,4200,3000,0,0,1,32.202484376209235
192,a,b,W,1127430,3031,58,90,a,1,1,0,0,0,0,0,0,300,300,0,1,0,107.07007051459338
193,a,b,W,664090,1824,-12,5,a,2,2,0,0,0,0,0,0,1100,600,0,0,0,13.0
194,a,a,W,320150,1012,-58,-42,a,2,0,2,0,0,0,0,0,5000,3000,0,0,1,71.61005515987263
195,a,a,W,768080,2124,8,24,a,1,1,0,0,0,0,0,0,300,300,0,1,0,25.298221281347036
196,a,a,W,474770,1512,-32,-14,a,0,0,0,0,0,0,0,0,0,0,0,0,1,34.92849839314596
197,a,a,W,682910,1486,-2,-18,a,2,0,2,0,0,0,0,0,6000,4000,0,0,1,18.110770276274835
198,a,a,W,1256570,3289,86,88,a,3,2,1,0,0,0,0,0,6200,5000,0,1,0,123.0447073221762
199,a,a,W,576040,1541,-24,-22,a,1,1,0,0,0,0,0,0,900,900,0,0,1,32.55764119219941
200,a,a,W,782750,1593,9,-17,a,2,0,2,0,0,0,0,0,6000,3000,0,0,0,19.235384061671343
201,a,a,W,1371400,3040,91,63,a,1,1,0,0,0,0,0,0,300,300,0,1,0,110.67971810589327
202,a,a,W,891720,2037,11,0,a,0,0,0,0,0,0,0,0,0,0,0,0,0,11.0
203,a,a,W,1034700,1837,33,-6,a,1,0,1,0,0,0,0,0,2000,2000,1,0,0,33.54101966249684
204,b,b,W,2129020,3722,161,91,b,2,1,0,1,0,0,0,0,20600,20000,0,1,0,184.93782739072068
205,b,b,W,1547010,3060,55,38,a,3,1,2,0,0,0,0,0,6500,4000,0,1,0,66.85057965343307
206,b,b,W,924910,1869,-14,-19,a,0,0,0,0,0,0,0,0,0,0,0,0,1,23.600847442411894
207,a,a,W,1988970,3697,78,57,a,0,0,0,0,0,0,0,0,0,0,0,1,0,96.60745312862771
208,a,a,N,218630,645,-11,14,a,1,0,1,0,0,0,0,0,3000,3000,0,0,0,17.804493814764857
209,a,a,W,1018360,2263,-19,-12,a,0,0,0,0,0,0,0,0,0,0,0,0,1,22.47220505424423
210,a,a,W,1189240,2159,-3,-12,a,3,2,1,0,0,0,0,0,5200,4000,0,0,1,12.36931687685298
211,a,a,W,1582550,2545,23,1,a,0,0,0,0,0,0,0,0,0,0,0,1,0,23.021728866442675
212,a,a,W,927530,1777,-32,-32,a,1,0,1,0,0,0,0,0,3000,3000,0,0,1,45.254833995939045
213,a,a,W,2052510,3635,55,46,a,1,1,0,0,0,0,0,0,800,800,0,1,0,71.7007670809734
214,a,a,W,1260100,2519,-12,-5,a,1,1,0,0,0,0,0,0,600,600,0,0,1,13.0
215,a,a,W,1062280,1982,-27,-27,a,2,1,1,0,0,0,0,0,5200,5000,0,0,1,38.18376618407357
216,a,a,W,2196220,3848,62,51,a,3,1,2,0,0,0,0,0,8500,4000,0,1,0,80.2807573457052
217,a,a,W,1138340,2106,-20,-20,a,2,0,2,0,0,0,0,0,11000,9000,0,0,1,28.284271247461902
218,a,a,W,918020,1759,-36,-34,a,2,0,2,0,0,0,0,0,5000,3000,0,0,1,49.51767361255979
219,a,a,W,1766860,2899,32,18,a,0,0,0,0,0,0,0,0,0,0,1,1,0,36.71511950137164
220,b,a,W,1699290,3425,21,36,a,1,0,0,1,0,0,0,0,50000,50000,0,1,0,41.677331968349414
221,b,b,N,301550,922,32,66,a,1,0,1,0,0,0,0,0,3000,3000,0,1,0,73.348483283569
222,b,b,W,1355970,2326,-7,-12,a,0,0,0,0,0,0,0,0,0,0,0,0,1,13.892443989449804
223,a,b,W,2595650,4365,81,66,a,0,0,0,0,0,0,0,0,0,0,0,1,0,104.48444860360799
224,a,b,W,2160800,4518,35,57,a,4,2,2,0,0,0,0,0,5100,2000,0,1,0,66.88796603276258
225,a,a,W,1367850,3137,-15,5,a,1,0,1,0,0,0,0,0,1000,1000,0,0,0,15.811388300841896
226,a,a,N,251120,624,1,1,a,0,0,0,0,0,0,0,0,0,0,0,1,0,1.4142135623730951
227,a,a,N,157450,418,-33,-31,a,0,0,0,0,0,0,0,0,0,0,0,0,1,45.27692569068709
228,a,a,N,129740,306,-39,-44,a,0,0,0,0,0,0,0,0,0,0,0,0,1,58.7962583843564
229,a,a,N,144520,407,-34,-27,a,1,0,1,0,0,0,0,0,3000,3000,0,0,1,43.41658669218482
230,a,a,W,1345240,3510,-17,16,a,0,0,0,0,0,0,0,0,0,0,0,0,0,23.345235059857504
231,a,a,W,2102300,4014,27,26,a,2,0,2,0,0,0,0,0,4000,3000,0,1,0,37.48332962798263
232,a,a,N,219070,475,15,-4,a,0,0,0,0,0,0,0,0,0,0,0,0,0,15.524174696260024
233,a,a,W,628360,636,-37,-58,a,2,1,1,0,0,0,0,0,2300,2000,0,0,1,68.79680225126747
234,a,a,W,1449990,1581,51,12,a,0,0,0,0,0,0,0,0,0,0,0,1,0,52.392747589718944
235,a,a,W,1531530,1680,52,18,a,2,0,2,0,0,0,0,0,5000,3000,0,1,0,55.02726596879042
236,a,b,N,195510,321,-61,-57,a,1,0,1,0,0,0,0,0,6000,6000,0,0,1,83.48652585896721
237,a,b,W,1312110,1471,24,2,a,1,0,1,0,0,0,0,0,3000,3000,0,1,0,24.08318915758459
238,a,b,N,315650,645,-33,-9,a,1,0,1,0,0,0,0,0,5000,5000,0,0,1,34.20526275297414
239,a,b,W,1061760,1443,-3,0,a,1,0,1,0,0,0,0,0,3000,3000,1,0,0,3.0
240,b,b,W,1283710,1556,17,9,a,2,1,0,1,0,0,0,0,40600,40000,0,1,0,19.235384061671343
241,b,b,W,1134540,1363,1,-5,a,2,0,2,0,0,0,0,0,7000,5000,0,0,0,5.0990195135927845
242,b,a,W,525630,734,-54,-48,a,1,1,0,0,0,0,0,0,200,200,0,0,1,72.24956747275377
243,a,a,W,1661100,1772,52,32,a,1,0,1,0,0,0,0,0,9000,9000,0,1,0,61.05735008989499
244,a,a,W,1310730,1504,13,9,a,2,1,1,0,0,0,0,0,4200,4000,0,1,0,15.811388300841896
245,a,a,W,1101540,1185,-7,-14,a,0,0,0,0,0,0,0,0,0,0,0,0,1,15.652475842498529
246,a,b,W,1496830,1645,21,15,a,3,2,1,0,0,0,0,0,5700,5000,0,1,0,25.80697580112788
247,a,b,W,1323740,1405,7,-2,a,1,0,1,0,0,0,0,0,3000,3000,0,0,0,7.280109889280518
248,a,b,W,943300,987,-23,-30,a,2,1,1,0,0,0,0,0,1400,1000,0,0,1,37.8021163428716
249,a,b,N,348780,723,-23,4,a,1,1,0,0,0,0,0,0,300,300,0,0,0,23.345235059857504
250,a,b,N,154420,319,-46,-43,a,1,0,1,0,0,0,0,0,3000,3000,0,0,1,62.96824596572466
251,a,b,W,1514120,1518,28,12,a,3,2,1,0,0,0,0,0,1900,1000,1,1,0,30.463092423455635
252,b,b,W,1811640,1927,47,41,a,1,0,0,1,0,0,0,0,40000,40000,0,1,0,62.369864518050704
253,b,b,W,1446770,1471,13,5,a,0,0,0,0,0,0,0,0,0,0,0,1,0,13.92838827718412
254,b,b,W,1132810,1893,-14,34,a,5,3,2,0,0,0,0,0,7000,3000,1,0,0,36.76955262170047
255,b,b,W,1367690,2902,0,90,a,4,2,1,1,0,0,0,0,25400,20000,0,0,0,90.0
256,b,b,W,814170,2082,-39,27,b,2,1,1,0,0,0,0,0,1700,1000,0,0,0,47.43416490252569
257,b,b,W,600400,1688,-54,-1,b,2,1,1,0,0,0,0,0,2200,2000,1,0,1,54.00925846556311
258,b,b,W,886800,2519,-29,44,a,3,0,2,1,0,0,0,0,49000,40000,0,0,0,52.69724850502159
259,b,b,W,588930,1807,-50,-2,a,1,0,1,0,0,0,0,0,4000,4000,1,0,1,50.039984012787215
260,b,a,W,542890,1623,-51,-14,a,3,0,2,1,0,0,0,0,25000,20000,0,0,1,52.88667128870941
261,b,a,W,1104700,2584,3,33,a,0,0,0,0,0,0,0,0,0,0,0,1,0,33.13608305156178
262,b,a,W,734930,2062,-29,1,a,2,1,1,0,0,0,0,0,4800,4000,0,0,0,29.017236257093817
263,a,a,W,509190,1758,-45,-15,a,2,1,1,0,0,0,0,0,2300,2000,1,0,1,47.43416490252569
264,b,a,W,480250,2368,-42,13,a,2,0,1,1,0,0,0,0,34000,30000,0,0,0,43.965895873961216
265,b,a,W,428740,2031,-44,-5,a,1,0,1,0,0,0,0,0,4000,4000,0,0,1,44.28317965096906
266,b,a,W,450060,2019,-33,-2,a,3,0,3,0,0,0,0,0,14000,8000,0,0,1,33.06055050963308
267,a,a,W,627380,3155,-1,54,a,1,1,0,0,0,0,0,0,800,800,1,0,0,54.00925846556311
268,b,a,W,448900,2162,-29,-1,a,5,1,3,1,0,0,0,0,31500,20000,0,0,1,29.017236257093817
269,b,a,W,453850,1973,-23,-9,a,1,0,1,0,0,0,0,0,8000,8000,0,0,1,24.698178070456937
270,b,a,W,779850,2999,35,38,a,2,1,1,0,0,0,0,0,5600,5000,0,1,0,51.66236541235796
271,a,a,N,146840,744,-68,-46,a,1,0,1,0,0,0,0,0,2000,2000,0,0,1,82.09750300709517
272,a,a,W,675030,1992,12,-14,a,4,1,3,0,0,0,0,0,5300,2000,0,0,0,18.439088914585774
273,a,a,W,811060,2877,45,28,a,2,2,0,0,0,0,0,0,900,700,0,1,0,53.0
274,a,a,W,538060,2075,-5,-11,a,2,2,0,0,0,0,0,0,900,700,1,0,1,12.083045973594572
275,b,a,W,372470,1848,-35,-22,a,3,0,2,1,0,0,0,0,70000,60000,1,0,1,41.340053217188775
276,b,b,W,439210,2259,-21,-2,a,6,3,2,1,0,0,0,0,18000,10000,0,0,1,21.095023109728988
277,b,b,W,286300,1381,-49,-41,a,0,0,0,0,0,0,0,0,0,0,0,0,1,63.89053137985315
278,a,b,W,576200,1558,15,-22,a,6,3,3,0,0,0,0,0,21300,8000,1,0,0,26.627053911388696
279,a,b,W,833250,1840,64,-6,a,4,1,2,1,0,0,0,0,14600,10000,0,0,0,64.28063471995279
280,a,b,W,836500,2313,55,19,a,4,0,4,0,0,0,0,0,19000,9000,1,1,0,58.18934610390462
281,b,b,W,571990,1608,0,-18,a,4,0,3,1,0,0,0,0,44000,30000,0,0,0,18.0
282,b,b,W,754760,2218,30,15,a,2,1,1,0,0,0,0,0,3200,3000,1,1,0,33.54101966249684
283,b,b,W,834760,2307,37,18,a,4,0,2,2,0,0,0,0,54000,30000,0,1,0,41.14608122288197
284,b,a,W,450490,1437,-30,-28,a,6,2,4,0,0,0,0,0,12700,4000,1,0,1,41.036569057366385
285,b,a,W,932410,2464,47,28,a,7,4,2,1,0,0,0,0,36500,30000,1,1,0,54.70831746635972
286,b,a,W,568200,1834,-16,-7,a,4,2,1,1,0,0,0,0,32700,30000,1,0,1,17.46424919657298
287,b,a,W,452730,1349,-34,-31,a,3,0,1,2,0,0,0,0,64000,30000,0,0,1,46.010868281309364
288,b,a,W,833660,2493,22,32,a,4,2,2,0,0,0,0,0,11000,6000,0,1,0,38.8329756778952
289,b,a,N,131820,583,-47,-42,a,1,0,1,0,0,0,0,0,1000,1000,0,0,1,63.0317380372777
290,a,a,N,72250,339,-70,-65,a,0,0,0,0,0,0,0,0,0,0,0,0,1,95.524865872714
291,a,a,N,58850,236,-73,-74,a,0,0,0,0,0,0,0,0,0,0,0,0,1,103.9471019317037
292,a,a,N,54750,233,-38,-40,a,0,0,0,0,0,0,0,0,0,0,0,0,1,55.17245689653489
293,a,a,N,43600,194,-48,-48,a,0,0,0,0,0,0,0,0,0,0,0,0,1,67.88225099390856
294,a,a,N,58200,219,-27,-38,a,1,0,1,0,0,0,0,0,3000,3000,0,0,1,46.61544808322666
295,a,a,N,53320,203,-31,-39,a,1,0,1,0,0,0,0,0,4000,4000,0,0,1,49.8196748283246
296,a,a,W,447360,1332,-37,-33,a,2,1,1,0,0,0,0,0,8400,8000,1,0,1,49.57822102496216
297,b,a,W,993080,3023,49,56,a,3,1,0,2,0,0,0,0,70800,40000,1,1,0,74.41102068914255
298,b,a,W,593950,1972,-13,-2,a,4,2,1,1,0,0,0,0,32800,30000,0,0,1,13.152946437965905
299,b,a,W,570400,1892,-17,-7,a,2,0,2,0,0,0,0,0,11000,7000,0,0,1,18.384776310850235
300,b,a,W,788650,2361,18,17,a,3,2,1,0,0,0,0,0,6100,5000,1,1,0,24.758836806279895
301,b,a,W,383490,1401,-42,-30,a,1,0,0,1,0,0,0,0,30000,30000,0,0,1,51.61395160225576
302,b,a,W,415690,1486,-37,-26,a,1,0,1,0,0,0,0,0,7000,7000,1,0,1,45.221676218380054
303,b,a,W,645750,2035,7,6,a,4,1,1,2,0,0,0,0,63800,40000,0,1,0,9.219544457292887
304,b,a,W,649840,2256,6,17,a,3,1,2,0,0,0,0,0,8400,7000,1,1,0,18.027756377319946
305,b,a,W,380320,1545,-40,-24,a,4,1,2,1,0,0,0,0,30900,20000,1,0,1,46.647615158762406
306,b,a,W,401730,1329,-32,-31,a,3,2,0,1,0,0,0,0,91700,90000,1,0,1,44.553338819890925
307,b,a,W,459160,1714,-21,-11,a,1,0,0,1,0,0,0,0,40000,40000,0,0,1,23.706539182259394
308,b,a,N,285990,1109,67,62,a,1,0,1,0,0,0,0,0,6000,6000,0,1,0,91.28526715741155
309,b,a,W,557510,1946,5,8,a,3,2,1,0,0,0,0,0,5800,5000,1,1,0,9.433981132056603
310,b,a,W,536260,1733,2,-4,a,2,0,1,1,0,0,0,0,74000,70000,0,0,0,4.47213595499958
311,b,a,N,90160,425,-48,-39,a,0,0,0,0,0,0,0,0,0,0,0,0,1,61.84658438426491
312,b,a,N,55350,246,-65,-61,a,1,0,1,0,0,0,0,0,3000,3000,0,0,1,89.1403387922662
313,a,a,N,72780,269,-48,-52,a,1,0,1,0,0,0,0,0,3000,3000,0,0,1,70.76722405181653
314,a,a,W,498400,1647,-4,-8,a,1,1,0,0,0,0,0,0,300,300,0,0,1,8.94427190999916
315,a,a,N,342050,1607,-2,-20,a,0,0,0,0,0,0,0,0,0,0,0,0,1,20.09975124224178
316,a,a,W,434360,1584,-38,-60,a,2,0,2,0,0,0,0,0,9000,6000,1,0,1,71.02112361825881
317,b,a,W,366500,1484,-46,-61,a,1,0,0,1,0,0,0,0,30000,30000,0,0,1,76.40026177965623
318,b,a,W,507230,2116,-21,-40,a,1,0,1,0,0,0,0,0,3000,3000,0,0,1,45.17742799230607
319,b,a,W,388530,1539,-11,-11,a,2,1,1,0,0,0,0,0,3200,3000,1,0,1,15.556349186104045
320,b,a,W,329680,1268,-24,-26,a,1,0,0,1,0,0,0,0,70000,70000,0,0,1,35.38361202590826
321,b,a,W,579440,2343,38,41,a,1,0,1,0,0,0,0,0,3000,3000,0,1,0,55.90169943749474
322,b,a,W,292040,1233,-33,-29,a,0,0,0,0,0,0,0,0,0,0,0,0,1,43.93176527297759
323,a,a,W,261010,1352,-38,-19,a,2,1,1,0,0,0,0,0,3700,3000,1,0,1,42.485291572496
324,b,a,W,394660,1764,-2,8,a,3,1,1,1,0,0,0,0,35900,30000,1,0,0,8.246211251235321
325,b,a,W,464220,1808,16,10,a,2,1,0,1,0,0,0,0,40700,40000,0,1,0,18.867962264113206
326,b,b,W,393140,1685,-2,2,a,3,2,1,0,0,0,0,0,5200,4000,0,0,0,2.8284271247461903
327,b,b,W,742750,3037,87,85,a,4,0,4,0,0,0,0,0,18000,8000,0,1,0,121.63058825805291
328,a,b,W,820600,3506,92,97,a,2,1,1,0,0,0,0,0,8700,8000,1,1,0,133.6899397860587
329,b,b,W,289580,1986,-38,2,a,2,0,1,1,0,0,0,0,54000,50000,0,0,0,38.05259518088089
330,b,a,W,577770,2765,27,38,a,1,0,1,0,0,0,0,0,2000,2000,1,1,0,46.61544808322666
331,b,a,W,347400,1684,-28,-22,a,2,0,1,1,0,0,0,0,31000,30000,0,0,1,35.608987629529715
332,b,a,N,72370,581,-79,-70,a,0,0,0,0,0,0,0,0,0,0,0,0,1,105.55093557141026
333,b,a,N,59210,440,-82,-76,a,1,0,1,0,0,0,0,0,2000,2000,0,0,1,111.80339887498948
334,a,a,N,42560,379,-73,-57,a,1,0,1,0,0,0,0,0,4000,4000,0,0,1,92.61749294814668
335,a,a,W,268170,1352,-41,-35,a,1,1,0,0,0,0,0,0,400,400,1,0,1,53.907327887774215
336,b,a,W,632800,2959,39,41,a,2,0,1,1,0,0,0,0,25000,20000,0,1,0,56.586217403180434
337,b,a,W,332180,1890,-33,-16,a,1,0,1,0,0,0,0,0,1000,1000,1,0,1,36.6742416417845
338,b,a,W,172250,1250,-43,-50,a,2,0,1,1,0,0,0,0,73000,70000,0,0,1,65.94694837519019
339,b,a,W,256850,1650,-11,-31,a,4,4,0,0,0,0,0,0,1800,700,0,0,1,32.89376840679705
340,b,a,W,199030,1255,-30,-45,a,2,2,0,0,0,0,0,0,700,400,1,0,1,54.08326913195984
341,b,a,W,192650,1185,-8,-14,a,4,2,1,1,0,0,0,0,27100,20000,1,0,1,16.1245154965971
342,b,a,W,320110,1844,54,35,a,2,1,0,1,0,0,0,0,20600,20000,1,1,0,64.35060217278468
343,b,a,W,233800,1315,7,-7,a,3,2,0,1,0,0,0,0,20700,20000,0,0,0,9.899494936611665
344,b,a,W,206610,1421,-7,1,a,2,1,1,0,0,0,0,0,4200,4000,1,0,0,7.0710678118654755
345,b,a,W,244480,1576,11,12,a,3,2,0,1,0,0,0,0,51200,50000,0,1,0,16.278820596099706
346,b,a,W,430310,1955,92,37,a,2,1,1,0,0,0,0,0,1200,1000,0,1,0,99.16148445843275
347,b,a,W,311200,1147,-38,-62,a,3,1,2,0,0,0,0,0,14400,9000,0,0,1,72.71863585079137
348,a,a,W,478520,1493,-1,-47,a,4,3,1,0,0,0,0,0,4300,3000,0,0,1,47.01063709417264
349,a,a,N,65250,450,-74,-70,a,0,0,0,0,0,0,0,0,0,0,1,0,1,101.86265262597475
350,b,a,W,379670,1456,-21,-45,a,2,0,0,2,0,0,0,0,40000,20000,0,0,1,49.658836071740545
351,b,b,W,887140,3327,128,144,b,5,3,2,0,0,0,0,0,6200,2000,1,1,0,192.66551326067673
352,b,b,W,690550,3915,28,29,a,3,1,1,1,0,0,0,0,34400,30000,1,1,0,40.311288741492746
353,b,b,W,397280,1630,-29,-48,a,3,1,1,1,0,0,0,0,31300,30000,0,0,1,56.08029957123981
354,b,a,W,609620,2344,11,-22,a,2,2,0,0,0,0,0,0,900,500,1,0,0,24.596747752497688
355,b,a,N,136810,746,-41,-47,a,1,0,0,1,0,0,0,0,40000,40000,0,0,1,62.369864518050704
356,b,a,W,358490,1231,-36,-58,a,1,1,0,0,0,0,0,0,400,400,0,0,1,68.26419266350405
357,b,a,W,581540,2102,7,-23,a,2,1,1,0,0,0,0,0,6500,6000,1,0,0,24.041630560342615
358,b,a,W,545470,1894,-1,-29,a,4,1,1,2,0,0,0,0,53600,30000,0,0,1,29.017236257093817
359,b,a,N,102550,731,-53,-45,a,0,0,0,0,0,0,0,0,0,0,0,0,1,69.52697318307479
360,b,b,N,66800,441,-34,-31,a,0,0,0,0,0,0,0,0,0,0,0,0,1,46.010868281309364
361,a,b,N,67210,420,-31,-32,a,1,0,1,0,0,0,0,0,4000,4000,0,0,1,44.553338819890925
362,a,b,W,532290,2055,-4,-19,a,2,0,2,0,0,0,0,0,4000,2000,0,0,1,19.4164878389476
363,a,b,W,511560,2205,-9,-10,a,5,2,3,0,0,0,0,0,9700,5000,0,0,1,13.45362404707371
364,a,b,W,546980,2212,-3,-7,a,1,1,0,0,0,0,0,0,100,100,1,0,1,7.615773105863909
365,b,a,N,155980,742,65,24,a,1,0,0,1,0,0,0,0,20000,20000,0,1,0,69.28924880528002
366,b,a,N,12340,125,-88,-79,a,1,1,0,0,0,0,0,0,400,400,0,0,1,118.25819210524064
367,b,a,N,5920,82,-94,-85,a,0,0,0,0,0,0,0,0,0,0,0,0,1,126.73200069437868
368,a,a,N,4150,67,-95,-87,a,0,0,0,0,0,0,0,0,0,0,0,0,1,128.81770064707723
369,a,a,N,10420,62,-85,-86,a,1,0,1,0,0,0,0,0,1000,1000,0,0,1,120.91732712891069
370,a,a,N,2970,50,-95,-87,a,0,0,0,0,0,0,0,0,0,0,0,0,1,128.81770064707723
371,a,a,N,4230,48,-92,-85,a,0,0,0,0,0,0,0,0,0,0,0,0,1,125.25573839150046
372,a,a,N,3210,47,-93,-82,a,0,0,0,0,0,0,0,0,0,0,0,0,1,123.98790263570072
373,a,a,N,3550,38,-89,-82,a,0,0,0,0,0,0,0,0,0,0,0,0,1,121.01652779682617
374,a,a,N,3170,36,-88,-79,a,0,0,0,0,0,0,0,0,0,0,0,0,1,118.25819210524064
375,a,a,N,4490,35,-78,-73,a,0,0,0,0,0,0,0,0,0,0,0,0,1,106.83164325236227
376,a,a,N,8790,53,-91,-91,a,1,0,1,0,0,0,0,0,3000,3000,0,0,1,128.69343417595164
377,a,a,W,55730,387,-89,-87,a,3,2,1,0,0,0,0,0,9600,8000,1,0,1,124.45882853377658
378,b,a,W,94740,732,-79,-73,a,3,2,0,1,0,0,0,0,21000,20000,0,0,1,107.56393447619885
379,b,a,W,91510,768,-78,-69,a,3,2,1,0,0,0,0,0,5900,5000,1,0,1,104.1393297462587
380,b,a,W,92450,777,15,24,a,4,1,2,1,0,0,0,0,27600,10000,0,1,0,28.30194339616981
381,a,a,W,189840,1276,-50,-45,a,6,1,5,0,0,0,0,0,17900,7000,1,0,1,67.26812023536856
382,b,a,W,108010,889,-70,-60,a,4,1,2,1,0,0,0,0,41200,30000,0,0,1,92.19544457292888
383,b,a,W,71660,532,-78,-74,a,2,1,1,0,0,0,0,0,2800,2000,0,0,1,107.5174404457249
384,b,a,W,122850,886,-58,-52,a,3,2,1,0,0,0,0,0,6900,6000,1,0,1,77.89736837660179
385,b,a,W,110510,708,-58,-58,a,4,2,1,1,0,0,0,0,44200,40000,0,0,1,82.02438661763951
386,b,a,W,91420,774,-61,-49,a,4,1,3,0,0,0,0,0,12700,9000,1,0,1,78.24321056807422
387,b,a,W,151660,900,-25,-33,a,7,2,3,2,0,0,0,0,67700,30000,0,0,1,41.400483088968905
388,b,a,W,103140,762,-42,-35,a,3,1,2,0,0,0,0,0,7500,5000,0,0,1,54.67174773134658
389,b,a,W,76560,586,-47,-41,a,5,1,4,0,0,0,0,0,9500,4000,0,0,1,62.369864518050704
390,a,a,W,122640,979,10,21,a,6,4,2,0,0,0,0,0,9200,6000,1,1,0,23.259406699226016
391,b,b,W,176830,1297,54,56,a,5,2,2,1,0,0,0,0,36200,30000,0,1,0,77.79460135510689
392,b,b,W,122410,902,8,9,a,3,2,1,0,0,0,0,0,3600,3000,1,1,0,12.041594578792296
393,b,b,W,184710,1482,61,78,a,9,1,7,1,0,0,0,0,49800,30000,0,1,0,99.02019995940222
394,b,b,W,80040,751,-37,-19,a,2,1,1,0,0,0,0,0,1600,1000,0,0,1,41.593268686170845
395,b,c,N,18900,208,-81,-67,a,1,0,1,0,0,0,0,0,3000,3000,0,0,1,105.11898020814318
396,a,c,N,11350,94,-87,-84,a,0,0,0,0,0,0,0,0,0,0,0,0,1,120.93386622447825
397,a,c,N,10490,93,-87,-82,a,1,0,1,0,0,0,0,0,3000,3000,0,0,1,119.55333537798099
398,a,c,W,83180,744,-32,-19,a,3,1,2,0,0,0,0,0,14600,9000,1,0,1,37.21558813185679
399,b,b,W,127770,1141,7,24,a,4,2,1,1,0,0,0,0,44400,40000,0,1,0,25.0
400,b,b,W,108260,891,-12,-7,a,5,3,2,0,0,0,0,0,6000,3000,0,0,1,13.892443989449804
401,b,a,W,19520,211,-2,6,a,2,1,1,0,0,0,0,0,3200,3000,1,0,0,6.324555320336759
402,b,a,W,47980,382,-26,-32,a,3,1,1,1,0,0,0,0,38600,30000,0,0,1,41.23105625617661
403,b,a,W,54050,373,-14,-31,a,3,1,2,0,0,0,0,0,9400,6000,0,0,1,34.0147027033899
404,b,a,W,38180,322,-6,0,a,3,1,2,0,0,0,0,0,11500,8000,1,0,0,6.0
405,b,b,W,68970,624,71,94,a,5,2,2,1,0,0,0,0,34400,20000,1,1,0,117.80067911519016
406,b,b,W,29400,331,-32,-6,a,2,0,1,1,0,0,0,0,22000,20000,0,0,1,32.55764119219941
407,b,b,W,36100,285,-14,-19,a,6,3,3,0,0,0,0,0,14300,9000,1,0,1,23.600847442411894
408,b,a,W,45170,557,9,59,a,3,2,0,1,0,0,0,0,70700,70000,0,1,0,59.682493245507096
409,b,a,W,38010,410,-10,10,a,1,0,1,0,0,0,0,0,1000,1000,0,0,0,14.142135623730951
410,b,a,W,22090,174,-47,-54,a,4,1,3,0,0,0,0,0,8800,5000,0,0,1,71.58910531638176
411,a,a,W,34600,389,-13,6,a,4,0,4,0,0,0,0,0,15000,8000,1,0,0,14.317821063276353
412,b,a,W,22860,313,-42,-16,a,6,1,3,2,0,0,0,0,70500,50000,0,0,1,44.94441010848846
413,b,a,W,25940,233,-31,-37,a,5,1,4,0,0,0,0,0,15400,7000,0,0,1,48.27007354458868
414,b,a,W,45670,382,26,5,a,5,1,4,0,0,0,0,0,10800,5000,1,1,0,26.476404589747453
415,b,a,W,26190,246,-29,-33,a,3,2,0,1,0,0,0,0,20500,20000,0,0,1,43.93176527297759
416,b,a,W,21970,183,-33,-45,a,5,3,2,0,0,0,0,0,11500,9000,0,0,1,55.80322571321482
417,b,a,W,19120,194,-40,-39,a,3,1,2,0,0,0,0,0,9300,6000,0,0,1,55.86591089385369
418,a,a,N,5180,73,-74,-51,a,1,1,0,0,0,0,0,0,400,400,0,0,1,89.87213138676528
419,a,b,W,17660,224,-41,-27,a,5,2,3,0,0,0,0,0,9900,4000,1,0,1,49.09175083453431
420,b,b,W,44020,528,61,92,a,7,3,3,1,0,0,0,0,25100,20000,0,1,0,110.38568747804219
421,b,b,W,54610,527,95,84,a,6,1,5,0,0,0,0,0,14700,4000,1,1,0,126.81088281373961
422,b,b,W,29410,345,-6,7,a,7,1,3,3,0,0,0,0,114400,70000,1,0,0,9.219544457292887
423,b,b,W,60390,622,96,96,a,9,4,4,1,0,0,0,0,40600,20000,1,1,0,135.7645019878171
424,b,a,W,52990,483,54,39,a,5,3,0,2,0,0,0,0,71300,50000,0,1,0,66.61080993352356
425,b,b,W,39330,409,6,10,a,6,4,2,0,0,0,0,0,8200,6000,1,1,0,11.661903789690601
426,b,b,W,46810,552,28,47,a,3,1,1,1,0,0,0,0,27500,20000,0,1,0,54.70831746635972
427,b,b,W,59300,690,53,70,a,6,1,5,0,0,0,0,0,25700,8000,0,1,0,87.80091115700337
428,b,b,N,10370,134,-44,-6,a,3,1,2,0,0,0,0,0,6300,4000,1,0,1,44.40720662234904
429,b,b,W,47500,668,12,46,a,8,4,2,2,0,0,0,0,97100,50000,0,1,0,47.53945729601885
430,b,b,W,46430,737,3,46,a,4,2,2,0,0,0,0,0,15000,9000,0,1,0,46.09772228646444
431,b,b,W,34960,565,-27,2,a,5,1,4,0,0,0,0,0,14200,7000,1,0,0,27.073972741361768
432,b,b,N,20340,271,16,93,a,2,0,1,0,1,0,0,0,202000,200000,0,1,0,94.36630754670864
433,a,b,N,4930,109,-59,-31,a,1,0,1,0,0,0,0,0,5000,5000,0,0,1,66.64833081180653
434,a,b,W,61770,1062,31,90,a,6,2,4,0,0,0,0,0,10800,6000,1,1,0,95.1892851112981
435,b,a,W,73420,1202,53,96,a,5,2,2,1,0,0,0,0,30200,20000,0,1,0,109.65856099730654
436,b,a,W,38170,784,-27,12,a,3,1,2,0,0,0,0,0,3500,2000,0,0,0,29.546573405388315
437,b,a,N,5500,152,-51,-1,a,2,1,0,0,0,0,0,0,250,200,0,0,1,51.0098029794274
438,a,a,N,4630,89,-56,-42,a,1,0,0,0,0,0,0,0,50,50,1,0,1,70.0
439,b,a,N,3250,68,-67,-54,a,1,0,0,1,0,0,0,0,30000,30000,1,0,1,86.05230967266364
440,b,a,W,30460,457,-39,-36,a,3,2,0,1,0,0,0,0,70600,70000,0,0,1,53.075418038862395
441,b,a,W,28300,569,-41,-20,a,1,0,1,0,0,0,0,0,8000,8000,0,0,1,45.617978911828175
442,b,b,N,15500,255,72,86,a,1,0,1,0,0,0,0,0,2000,2000,0,1,0,112.16059914247963
443,a,b,N,19320,320,106,118,b,2,1,1,0,0,0,0,0,2300,2000,1,1,0,158.61904047118682
444,b,b,W,59380,949,27,30,a,5,2,2,1,0,0,0,0,26600,20000,0,1,0,40.36087214122113
445,b,b,W,39700,805,-17,5,a,3,1,2,0,0,0,0,0,8700,5000,1,0,0,17.72004514666935
446,b,b,W,61140,306,22,-69,a,8,5,2,1,0,0,0,0,89400,80000,1,0,0,72.42237223399962
447,b,b,W,93190,439,82,-53,a,4,1,2,1,0,0,0,0,81400,70000,0,0,0,97.63708311906906
448,b,b,W,108750,384,96,-56,a,4,2,2,0,0,0,0,0,6200,3000,1,0,0,111.13955191559843
449,b,b,W,73820,322,-16,-14,a,8,3,3,2,0,0,0,0,52700,30000,0,0,1,21.2602916254693
450,b,b,W,102380,508,19,37,a,8,4,4,0,0,0,0,0,13400,8000,0,1,0,41.593268686170845
451,b,b,W,88360,443,1,15,a,4,2,2,0,0,0,0,0,6300,4000,0,1,0,15.033296378372908
452,a,a,W,56810,285,-35,-27,a,5,2,3,0,0,0,0,0,6100,2000,0,0,1,44.204072210600685
453,a,a,W,106610,546,26,43,a,6,2,4,0,0,0,0,0,20800,7000,1,1,0,50.24937810560445
454,a,a,W,61710,376,-29,-6,a,4,1,2,1,0,0,0,0,22900,10000,0,0,1,29.614185789921695
455,a,a,W,53900,320,-36,-20,a,2,0,2,0,0,0,0,0,4000,2000,0,0,1,41.182520563948
456,a,a,W,66680,430,-17,9,a,2,1,1,0,0,0,0,0,5400,5000,0,0,0,19.235384061671343
457,a,a,W,43660,281,-44,-29,a,1,1,0,0,0,0,0,0,700,700,0,0,1,52.69724850502159
458,a,a,N,11730,59,-53,-88,a,1,1,0,0,0,0,0,0,300,300,0,0,1,102.7277956543408
459,a,a,N,6530,38,-72,-92,a,1,1,0,0,0,0,0,0,100,100,0,0,1,116.82465493208187
460,a,a,N,9280,43,-57,-90,a,1,0,1,0,0,0,0,0,2000,2000,0,0,1,106.53168542738823
461,a,a,W,86740,486,17,25,a,2,0,2,0,0,0,0,0,9000,7000,0,1,0,30.23243291566195
462,a,a,W,92380,514,25,29,a,6,5,1,0,0,0,0,0,4300,2000,0,1,0,38.28837943815329
463,a,a,W,52780,350,-30,-16,a,1,1,0,0,0,0,0,0,200,200,0,0,1,34.0
464,a,a,W,56830,394,-20,-2,a,5,2,3,0,0,0,0,0,10500,5000,0,0,1,20.09975124224178
465,a,a,W,80210,525,18,32,a,3,1,2,0,0,0,0,0,2700,1000,1,1,0,36.71511950137164
466,a,a,W,78430,455,12,8,a,5,1,3,0,1,0,0,0,207900,200000,0,1,0,14.422205101855956
467,a,a,W,47370,296,-30,-28,a,4,2,2,0,0,0,0,0,8800,7000,0,0,1,41.036569057366385
468,a,b,W,73180,488,11,20,a,5,3,2,0,0,0,0,0,9600,6000,0,1,0,22.825424421026653
469,a,b,W,104410,631,54,50,a,3,2,1,0,0,0,0,0,1600,1000,0,1,0,73.59347797189639
470,a,b,N,8190,64,-11,36,a,0,0,0,0,0,0,0,0,0,0,0,0,0,37.64306044943742
471,a,b,N,3410,33,-62,-32,a,0,0,0,0,0,0,0,0,0,0,0,0,1,69.77105417004964
472,a,b,N,1860,33,-78,-30,a,1,0,1,0,0,0,0,0,4000,4000,1,0,1,83.57032966310472
473,b,b,W,31620,208,-64,-45,a,2,1,0,1,0,0,0,0,40400,40000,1,0,1,78.2368199762746
474,b,b,W,81600,628,-1,75,a,6,3,2,1,0,0,0,0,44000,40000,0,0,0,75.0066663703967
475,b,b,W,42390,356,-48,-7,a,3,1,2,0,0,0,0,0,6600,3000,0,0,1,48.507731342539614
476,b,a,W,36400,303,-53,-21,a,2,1,1,0,0,0,0,0,1400,1000,0,0,1,57.0087712549569
477,a,a,W,69070,505,-4,35,a,5,3,2,0,0,0,0,0,5700,2000,0,0,0,35.22782990761707
478,a,a,W,40420,269,-42,-31,a,0,0,0,0,0,0,0,0,0,0,0,0,1,52.20153254455275
479,a,a,N,11390,89,47,94,a,1,1,0,0,0,0,0,0,300,300,0,1,0,105.09519494249011
480,a,a,N,5550,44,-31,-12,a,2,1,1,0,0,0,0,0,4300,4000,0,0,1,33.24154027718932
481,a,a,N,7040,37,-8,-26,a,2,1,1,0,0,0,0,0,5500,5000,0,0,1,27.202941017470888
482,a,a,W,39050,305,-40,-19,a,3,3,0,0,0,0,0,0,2000,700,0,0,1,44.28317965096906
483,a,a,W,55530,438,-8,18,a,1,0,1,0,0,0,0,0,2000,2000,0,0,0,19.697715603592208
484,a,a,W,53390,432,-7,15,a,2,1,1,0,0,0,0,0,3200,3000,0,0,0,16.55294535724685
485,a,a,W,37270,293,-31,-23,a,3,1,2,0,0,0,0,0,6200,4000,0,0,1,38.600518131237564
486,a,a,W,53170,461,9,23,a,5,2,3,0,0,0,0,0,4800,2000,0,1,0,24.698178070456937
487,a,a,W,42280,375,-17,-6,a,5,3,2,0,0,0,0,0,12100,7000,0,0,1,18.027756377319946
488,a,a,W,27980,243,-40,-35,a,6,3,3,0,0,0,0,0,7000,3000,0,0,1,53.150729063673246
489,a,a,W,60200,449,32,24,a,5,3,2,0,0,0,0,0,9200,5000,0,1,0,40.0
490,a,a,W,64290,495,34,31,a,3,1,2,0,0,0,0,0,5100,4000,0,1,0,46.010868281309364
491,a,a,W,33310,274,-30,-27,a,6,3,3,0,0,0,0,0,6800,3000,0,0,1,40.36087214122113
492,a,a,W,60420,537,30,43,a,2,1,1,0,0,0,0,0,4500,4000,0,1,0,52.43090691567332
493,a,a,W,49430,434,1,9,a,2,2,0,0,0,0,0,0,1500,800,0,1,0,9.055385138137417
494,a,a,W,20380,162,-58,-59,a,2,1,1,0,0,0,0,0,4700,4000,1,0,1,82.73451516749222
495,b,a,W,87140,680,94,83,a,4,2,1,1,0,0,0,0,27100,20000,0,1,0,125.39936203984452
496,b,a,W,24490,237,-51,-42,a,3,3,0,0,0,0,0,0,1000,500,0,0,1,66.06814663663572
497,b,b,N,6140,60,-17,23,a,1,1,0,0,0,0,0,0,400,400,0,0,0,28.600699292150182
498,a,b,N,2190,29,-69,-42,a,1,1,0,0,0,0,0,0,200,200,0,0,1,80.77747210701756
499,a,b,N,3020,29,-53,-40,a,0,0,0,0,0,0,0,0,0,0,0,0,1,66.40030120413611
500,a,b,N,1630,26,-72,-44,a,1,1,0,0,0,0,0,0,800,800,0,0,1,84.38009243891595
501,a,b,N,2560,38,-49,-14,a,2,1,1,0,0,0,0,0,1300,1000,0,0,1,50.96076922496363
502,a,a,N,3510,27,-22,-35,a,0,0,0,0,0,0,0,0,0,0,0,0,1,41.340053217188775
503,a,a,N,7570,69,69,67,a,1,0,1,0,0,0,0,0,5000,5000,1,1,0,96.17692030835673
504,b,a,W,45330,485,-4,25,a,3,0,2,0,1,0,0,0,402000,400000,0,0,0,25.317977802344327
505,a,b,W,32690,380,-31,-5,a,2,2,0,0,0,0,0,0,1100,700,1,0,1,31.400636936215164
506,a,b,W,26800,306,-44,-26,a,1,0,0,1,0,0,0,0,10000,10000,0,0,1,51.10772935672255
507,a,b,W,48250,573,9,44,a,3,1,2,0,0,0,0,0,12600,8000,0,1,0,44.91102314577124
508,a,b,N,6790,67,34,50,a,0,0,0,0,0,0,0,0,0,0,0,1,0,60.4648658313239
509,a,b,W,27890,276,-72,-72,a,6,3,3,0,0,0,0,0,9800,6000,0,0,1,101.82337649086284
510,a,b,W,54820,585,-41,-37,a,3,1,2,0,0,0,0,0,5600,3000,0,0,1,55.226805085936306
511,a,b,W,37840,468,-57,-47,a,2,2,0,0,0,0,0,0,1200,600,0,0,1,73.87827826905551
512,a,b,W,31510,323,-22,-27,a,4,3,1,0,0,0,0,0,2700,2000,0,0,1,34.828149534535996
513,a,a,W,36400,411,-7,-5,a,2,1,1,0,0,0,0,0,8700,8000,0,0,1,8.602325267042627
514,a,a,N,9470,79,-81,-84,a,1,0,1,0,0,0,0,0,2000,2000,0,0,1,116.69190203266035
515,a,a,W,29340,294,-25,-31,a,3,3,0,0,0,0,0,0,1400,600,0,0,1,39.824615503479755
516,a,a,W,44960,643,19,56,a,4,1,3,0,0,0,0,0,14400,9000,0,1,0,59.135437767890075
517,a,a,W,28500,337,-26,-22,a,1,1,0,0,0,0,0,0,400,400,0,0,1,34.058772731852805
518,a,a,W,31250,430,-16,2,a,3,0,3,0,0,0,0,0,4000,2000,1,0,0,16.1245154965971
519,b,a,W,33760,568,-7,35,a,3,1,1,1,0,0,0,0,81500,80000,0,0,0,35.6931365951495
520,b,a,W,25400,398,-29,-8,a,2,0,2,0,0,0,0,0,6000,4000,0,0,1,30.083217912982647
521,b,a,W,32500,474,-5,10,a,1,1,0,0,0,0,0,0,700,700,0,0,0,11.180339887498949
522,a,b,N,12580,120,-73,-74,a,1,1,0,0,0,0,0,0,600,600,0,0,1,103.9471019317037
523,a,b,N,8060,57,-81,-86,a,1,0,1,0,0,0,0,0,3000,3000,0,0,1,118.1397477566293
524,a,b,W,20160,262,-40,-39,a,3,3,0,0,0,0,0,0,1600,800,0,0,1,55.86591089385369
525,a,a,W,36020,487,15,18,a,1,1,0,0,0,0,0,0,400,400,0,1,0,23.430749027719962
526,a,a,W,26550,330,-17,-23,a,2,1,1,0,0,0,0,0,1700,1000,0,0,1,28.600699292150182
527,a,a,W,15460,208,-50,-51,a,1,0,1,0,0,0,0,0,4000,4000,0,0,1,71.42128534267638
528,a,a,W,23630,294,-20,-29,a,3,3,0,0,0,0,0,0,1800,900,0,0,1,35.22782990761707
529,a,a,W,32130,427,18,13,a,0,0,0,0,0,0,0,0,0,0,0,1,0,22.20360331117452
530,a,a,W,28570,336,3,-13,a,1,0,1,0,0,0,0,0,2000,2000,0,0,0,13.341664064126334
531,a,a,W,37640,596,37,58,a,0,0,0,0,0,0,0,0,0,0,0,1,0,68.79680225126747
532,a,b,W,42930,341,54,-11,a,5,2,3,0,0,0,0,0,6200,3000,0,0,0,55.10898293381942
533,a,b,W,14990,185,-49,-51,a,2,1,1,0,0,0,0,0,4500,4000,1,0,1,70.7248188403477
534,b,b,W,45470,573,64,65,a,8,5,2,1,0,0,0,0,33600,20000,0,1,0,91.21951545584969
535,b,b,W,13740,218,-55,-42,a,0,0,0,0,0,0,0,0,0,0,1,0,1,69.20260110718382
536,b,b,W,17150,198,-39,-44,a,3,1,1,1,0,0,0,0,24200,20000,0,0,1,58.7962583843564
537,b,a,W,44600,591,64,75,a,1,0,1,0,0,0,0,0,2000,2000,0,1,0,98.59513172565875
538,b,a,W,40150,525,33,40,a,0,0,0,0,0,0,0,0,0,0,0,1,0,51.85556864985669
539,a,a,W,17860,200,-44,-50,a,2,1,1,0,0,0,0,0,4200,4000,0,0,1,66.60330322138685
540,a,a,N,4190,43,-58,-49,a,0,0,0,0,0,0,0,0,0,0,0,0,1,75.92759709091287
541,a,a,N,1150,22,-88,-73,a,1,1,0,0,0,0,0,0,100,100,0,0,1,114.33722053644648
542,a,a,N,2020,18,-76,-76,a,1,1,0,0,0,0,0,0,400,400,0,0,1,107.48023074035522
543,a,a,N,1650,21,-79,-69,a,0,0,0,0,0,0,0,0,0,0,0,0,1,104.89041900955492
544,a,a,N,6040,41,-13,-33,a,2,1,1,0,0,0,0,0,3300,3000,0,0,1,35.4682957019364
545,a,a,W,13690,147,-66,-67,a,2,1,1,0,0,0,0,0,3300,3000,0,0,1,94.04786015641186
546,a,a,W,54830,694,46,68,a,5,3,2,0,0,0,0,0,4000,1000,0,1,0,82.09750300709517
547,a,a,W,34280,460,-12,5,a,1,0,1,0,0,0,0,0,3000,3000,0,0,0,13.0
548,a,a,W,24970,325,-35,-26,a,2,0,2,0,0,0,0,0,4000,3000,0,0,1,43.60045871318328
549,a,a,W,46740,553,27,29,a,6,3,3,0,0,0,0,0,5800,2000,0,1,0,39.6232255123179
550,a,a,W,23040,318,-39,-28,a,2,1,1,0,0,0,0,0,1300,1000,0,0,1,48.010415536631214
551,a,b,N,5380,90,-18,58,a,1,0,1,0,0,0,0,0,2000,2000,0,0,0,60.728905802755904
552,a,b,W,33540,570,-6,34,a,0,0,0,0,0,0,0,0,0,0,0,0,0,34.52535300326414
553,a,b,W,39980,629,14,43,b,2,1,1,0,0,0,0,0,2800,2000,0,1,0,45.221676218380054
554,a,b,W,28520,483,-19,5,b,3,3,0,0,0,0,0,0,1700,700,1,0,0,19.6468827043885
555,b,b,W,92780,1256,173,172,b,5,2,2,1,0,0,0,0,23500,20000,1,1,0,243.95286429964293
556,a,b,W,60910,882,55,62,a,2,0,1,0,1,0,0,0,303000,300000,0,1,0,82.87943049997388
557,a,b,W,81410,441,-19,-56,a,3,2,1,0,0,0,0,0,10200,9000,1,0,1,59.135437767890075
558,a,b,W,150220,709,53,-25,a,2,0,1,1,0,0,0,0,23000,20000,0,0,0,58.60034129593445
559,b,b,W,109110,417,6,-54,a,2,2,0,0,0,0,0,0,1300,800,0,0,0,54.3323108288245
560,b,b,W,70490,330,-38,-37,a,6,1,5,0,0,0,0,0,10300,3000,0,0,1,53.03772242470448
561,a,b,W,83570,488,-24,-3,a,3,2,1,0,0,0,0,0,1800,1000,0,0,1,24.186773244895647
562,a,b,W,46580,260,-56,-48,a,1,0,1,0,0,0,0,0,2000,2000,0,0,1,73.7563556583431
563,a,a,N,6500,67,-87,-87,a,0,0,0,0,0,0,0,0,0,0,0,0,1,123.03657992645927
564,a,a,N,5310,49,-88,-89,a,0,0,0,0,0,0,0,0,0,0,0,0,1,125.15989773086265
565,a,a,N,5770,45,-86,-89,a,1,0,1,0,0,0,0,0,2000,2000,0,0,1,123.76186811776881
566,a,a,W,54150,307,-46,-35,a,3,3,0,0,0,0,0,0,800,300,1,0,1,57.8013840664737
567,b,a,W,96070,537,3,19,a,3,1,1,1,0,0,0,0,49200,40000,0,1,0,19.235384061671343
568,b,a,W,40800,222,-56,-51,a,3,1,2,0,0,0,0,0,5800,3000,0,0,1,75.7429864739964
569,b,a,W,38070,220,-55,-48,a,2,1,1,0,0,0,0,0,7900,7000,0,0,1,73.0
570,a,a,W,69660,362,-10,-8,a,2,2,0,0,0,0,0,0,800,500,1,0,1,12.806248474865697
571,b,a,W,32310,194,-56,-49,a,4,1,2,1,0,0,0,0,28400,20000,0,0,1,74.41102068914255
572,b,a,W,39760,211,-38,-39,a,3,3,0,0,0,0,0,0,1600,900,0,0,1,54.45181356024793
573,b,a,W,74940,360,31,15,a,2,2,0,0,0,0,0,0,500,400,0,1,0,34.438350715445125
574,a,a,W,63950,297,11,-6,a,0,0,0,0,0,0,0,0,0,0,0,0,0,12.529964086141668
575,a,a,W,54030,335,-3,13,a,6,3,3,0,0,0,0,0,13300,9000,0,0,0,13.341664064126334
576,a,a,W,44080,339,-22,11,a,2,1,1,0,0,0,0,0,3700,3000,0,0,0,24.596747752497688
577,a,a,W,33580,268,-39,-13,a,1,0,1,0,0,0,0,0,4000,4000,0,0,1,41.10960958218893
578,a,a,W,34980,296,-29,5,a,0,0,0,0,0,0,0,0,0,0,0,0,0,29.427877939124322
579,a,a,W,40850,340,-16,18,a,2,2,0,0,0,0,0,0,400,200,0,0,0,24.08318915758459
580,a,a,N,4050,34,-31,-37,a,1,1,0,0,0,0,0,0,600,600,0,0,1,48.27007354458868
581,a,a,N,6320,32,11,-38,a,1,0,1,0,0,0,0,0,4000,4000,0,0,0,39.56008088970496
582,a,a,W,26130,220,-46,-27,a,2,1,1,0,0,0,0,0,2200,2000,0,0,1,53.33854141237835
583,a,a,W,34820,270,-22,-6,a,1,1,0,0,0,0,0,0,300,300,0,0,1,22.80350850198276
584,a,a,N,4410,76,-23,53,a,0,0,0,0,0,0,0,0,0,0,0,0,0,57.77542730261716
585,a,a,N,3280,40,-41,-23,a,1,1,0,0,0,0,0,0,200,200,0,0,1,47.01063709417264
586,a,a,N,6070,46,14,-9,a,1,0,1,0,0,0,0,0,3000,3000,0,0,0,16.64331697709324
587,a,a,W,17660,140,-60,-52,a,1,1,0,0,0,0,0,0,900,900,0,0,1,79.39773296511683
588,a,a,W,21240,138,-50,-52,a,1,1,0,0,0,0,0,0,700,700,0,0,1,72.13875518748573
589,a,a,W,37710,233,2,-12,a,1,0,1,0,0,0,0,0,2000,2000,0,0,0,12.165525060596439
590,a,a,W,20250,157,-41,-39,a,4,3,1,0,0,0,0,0,2600,1000,1,0,1,56.586217403180434
591,b,a,W,43940,327,41,36,a,2,0,1,1,0,0,0,0,41000,40000,0,1,0,54.56189146281496
592,b,a,W,31770,231,2,-3,a,3,1,2,0,0,0,0,0,10400,8000,0,0,0,3.605551275463989
593,b,a,W,16450,141,-47,-40,a,3,2,1,0,0,0,0,0,3800,3000,0,0,1,61.71709649683789
594,a,a,W,29150,259,0,18,a,1,1,0,0,0,0,0,0,600,600,1,0,0,18.0
595,b,a,W,39660,325,42,54,a,5,2,2,1,0,0,0,0,34000,30000,0,1,0,68.41052550594829
596,b,a,W,19220,149,-34,-33,a,6,2,4,0,0,0,0,0,10700,5000,0,0,1,47.38143096192854
597,b,a,W,40200,334,45,59,a,1,1,0,0,0,0,0,0,900,900,1,1,0,74.2024258363566
598,b,a,W,47010,375,57,63,a,4,2,1,0,1,0,0,0,204400,200000,0,1,0,84.95881355103778
599,b,a,W,8610,79,-74,-69,a,1,0,1,0,0,0,0,0,5000,5000,0,0,1,101.17806086301516
600,b,a,W,27810,265,-6,11,a,1,1,0,0,0,0,0,0,500,500,0,0,0,12.529964086141668
601,a,a,W,36600,341,20,37,a,3,0,3,0,0,0,0,0,13000,7000,0,1,0,42.05948168962618
602,a,a,N,5640,58,6,17,a,1,0,1,0,0,0,0,0,5000,5000,0,1,0,18.027756377319946
603,a,a,W,27870,238,-6,-5,a,0,0,0,0,0,0,0,0,0,0,0,0,1,7.810249675906654
604,a,a,W,34150,346,17,38,a,2,1,1,0,0,0,0,0,6300,6000,0,1,0,41.6293165929973
605,a,a,N,3040,63,-43,26,a,0,0,0,0,0,0,0,0,0,0,0,0,0,50.24937810560445
606,a,a,N,2410,39,-52,-24,a,0,0,0,0,0,0,0,0,0,0,0,0,1,57.271284253105414
607,a,a,N,3960,35,-14,-27,a,1,0,1,0,0,0,0,0,1000,1000,0,0,1,30.4138126514911
608,a,a,N,4420,60,-2,28,a,0,0,0,0,0,0,0,0,0,0,1,0,0,28.071337695236398
609,b,a,W,49520,405,60,49,a,4,0,3,1,0,0,0,0,72000,60000,0,1,0,77.46612162745726
610,b,b,W,51910,495,57,73,b,0,0,0,0,0,0,0,0,0,0,0,1,0,92.61749294814668
611,b,b,W,13600,215,-60,-29,b,2,1,1,0,0,0,0,0,3600,3000,0,0,1,66.64082832618455
612,a,b,W,40140,417,19,35,a,6,2,4,0,0,0,0,0,11300,4000,0,1,0,39.824615503479755
613,a,b,W,31390,376,-7,18,a,2,0,2,0,0,0,0,0,6000,4000,1,0,0,19.313207915827967
614,b,a,W,11230,103,-65,-68,a,4,1,2,1,0,0,0,0,25200,20000,1,0,1,94.06912352095134
615,b,a,W,23200,264,-28,-18,a,3,2,0,1,0,0,0,0,40600,40000,0,0,1,33.28663395418648
616,b,a,W,26670,444,-17,39,a,0,0,0,0,0,0,0,0,0,0,0,0,0,42.5440947723653
617,b,a,W,26860,282,-46,-44,a,2,0,2,0,0,0,0,0,5000,3000,0,0,1,63.655321851358195
618,a,a,W,21760,250,-54,-48,a,2,2,0,0,0,0,0,0,600,400,1,0,1,72.24956747275377
619,b,a,W,17570,211,-61,-53,a,4,3,0,1,0,0,0,0,70800,70000,0,0,1,80.8084154033477
620,b,a,W,11800,133,-47,-46,a,2,1,1,0,0,0,0,0,3300,3000,0,0,1,65.76473218982953
621,b,a,W,40250,451,91,91,a,4,3,1,0,0,0,0,0,2900,2000,0,1,0,128.69343417595164
622,a,a,W,45180,370,98,44,a,4,2,2,0,0,0,0,0,5800,3000,0,1,0,107.42439201596628
623,a,a,W,25650,157,2,-42,a,4,1,3,0,0,0,0,0,16900,8000,0,0,0,42.04759208325728
624,a,a,W,48530,485,90,87,a,2,1,1,0,0,0,0,0,1300,1000,0,1,0,125.1758762701504
625,a,a,W,45350,469,14,21,a,4,1,3,0,0,0,0,0,6400,3000,0,1,0,25.238858928247925
626,a,b,W,31710,352,-20,-9,a,2,2,0,0,0,0,0,0,1000,500,0,0,1,21.93171219946131
627,a,b,N,4520,50,-82,-80,a,0,0,0,0,0,0,0,0,0,0,0,0,1,114.56002793295748
628,a,b,N,7400,47,-68,-80,a,1,0,1,0,0,0,0,0,3000,3000,0,0,1,104.9952379872535
629,a,b,W,20160,243,-47,-36,a,2,1,1,0,0,0,0,0,2700,2000,1,0,1,59.20304046246274
630,b,b,W,50890,602,42,69,a,2,1,0,1,0,0,0,0,70500,70000,0,1,0,80.77747210701756
631,b,a,W,40880,519,12,40,a,1,1,0,0,0,0,0,0,600,600,0,1,0,41.7612260356422
632,b,a,W,30430,308,-16,-19,a,2,1,1,0,0,0,0,0,4500,4000,0,0,1,24.839484696748443
633,a,a,W,71080,767,88,94,a,5,3,2,0,0,0,0,0,4600,2000,1,1,0,128.76334882255898
634,b,a,W,65490,735,60,72,a,3,0,2,1,0,0,0,0,72000,60000,0,1,0,93.72299611087985
635,b,a,W,31440,361,-27,-22,a,3,2,1,0,0,0,0,0,4600,4000,0,0,1,34.828149534535996
636,b,a,W,51660,626,19,29,a,1,1,0,0,0,0,0,0,500,500,0,1,0,34.66987164671943
637,a,a,W,45080,468,3,-6,a,3,2,1,0,0,0,0,0,2000,1000,0,0,0,6.708203932499369
638,a,a,W,48100,582,10,17,a,4,2,2,0,0,0,0,0,12100,7000,0,1,0,19.72308292331602
639,a,a,W,90330,913,98,75,a,4,2,2,0,0,0,0,0,14100,7000,0,1,0,123.40583454602137
640,a,a,W,50090,699,-5,19,a,3,1,2,0,0,0,0,0,12600,7000,1,0,0,19.6468827043885
641,b,b,W,36430,500,-31,-16,a,2,0,1,1,0,0,0,0,94000,90000,0,0,1,34.88552708502482
642,b,b,W,65150,952,25,60,a,4,3,1,0,0,0,0,0,4100,2000,0,1,0,65.0
643,b,b,W,40030,577,-28,-13,a,0,0,0,0,0,0,0,0,0,0,0,0,1,30.870698080866262
644,a,b,W,45170,579,-14,-10,a,1,0,1,0,0,0,0,0,2000,2000,0,0,1,17.204650534085253
645,a,b,W,93510,1375,86,120,b,3,2,1,0,0,0,0,0,5700,5000,0,1,0,147.63468427168462
646,a,b,W,59240,941,5,29,a,3,1,2,0,0,0,0,0,5200,3000,0,1,0,29.427877939124322
647,a,b,N,11130,126,-47,-40,a,3,1,2,0,0,0,0,0,4900,3000,0,0,1,61.71709649683789
648,a,b,N,2960,49,-62,-34,a,0,0,0,0,0,0,0,0,0,0,0,0,1,70.71067811865476
649,a,b,N,10520,72,46,1,a,1,0,1,0,0,0,0,0,5000,5000,0,1,0,46.010868281309364
650,a,b,W,44770,770,-22,2,a,1,0,1,0,0,0,0,0,1000,1000,1,0,0,22.090722034374522
651,b,a,W,79790,1419,39,80,a,3,2,0,1,0,0,0,0,21200,20000,0,1,0,89.0
652,b,a,W,58160,897,-4,3,a,3,2,1,0,0,0,0,0,1900,1000,0,0,0,5.0
653,b,a,W,51230,944,-10,8,a,2,0,2,0,0,0,0,0,5000,3000,1,0,0,12.806248474865697
654,b,a,W,55890,1204,-3,34,a,5,0,2,3,0,0,0,0,149000,80000,0,0,0,34.132096331752024
655,b,a,W,29900,665,-50,-31,a,1,1,0,0,0,0,0,0,900,900,1,0,1,58.83026432033091
656,b,b,N,8660,205,16,188,b,1,0,0,1,0,0,0,0,10000,10000,0,1,0,188.67962264113208
657,a,b,W,23290,592,-58,-37,b,1,1,0,0,0,0,0,0,500,500,0,0,1,68.79680225126747
658,a,b,W,21000,523,-61,-44,b,1,0,1,0,0,0,0,0,8000,8000,0,0,1,75.21303078589507
659,a,b,W,24570,434,-52,-53,a,2,1,1,0,0,0,0,0,3600,3000,0,0,1,74.24957912338628
660,a,b,W,56350,999,26,19,a,2,2,0,0,0,0,0,0,1000,800,0,1,0,32.202484376209235
661,a,a,W,31900,643,-28,-24,a,2,2,0,0,0,0,0,0,1100,700,0,0,1,36.87817782917155
662,a,a,W,23920,359,-45,-57,a,1,0,1,0,0,0,0,0,5000,5000,0,0,1,72.62231062146122
663,a,b,W,65240,1008,73,39,a,4,3,1,0,0,0,0,0,2500,1000,0,1,0,82.76472678623425
664,a,b,W,49070,587,28,-20,a,2,1,1,0,0,0,0,0,2400,2000,0,0,0,34.40930106817051
665,a,b,W,122820,1191,-39,-40,a,1,0,1,0,0,0,0,0,3000,3000,0,0,1,55.86591089385369
666,a,b,W,132520,1174,-31,-39,a,1,1,0,0,0,0,0,0,200,200,0,0,1,49.8196748283246
667,a,b,N,25710,258,-74,-74,a,1,0,1,0,0,0,0,0,7000,7000,0,0,1,104.65180361560904
668,a,a,N,17700,174,-81,-81,a,1,0,1,0,0,0,0,0,2000,2000,0,0,1,114.5512985522207
669,a,a,N,72300,155,-14,-82,a,1,0,1,0,0,0,0,0,5000,5000,0,0,1,83.18653737234169
670,a,a,N,16960,130,-56,-34,a,1,0,1,0,0,0,0,0,4000,4000,0,0,1,65.5133574166368
671,a,a,W,87700,935,-53,-49,a,2,1,1,0,0,0,0,0,1600,1000,0,0,1,72.18032973047436
672,a,a,W,118860,1122,4,2,a,0,0,0,0,0,0,0,0,0,0,0,1,0,4.47213595499958
673,a,a,W,102710,1159,-11,5,a,1,1,0,0,0,0,0,0,400,400,0,0,0,12.083045973594572
674,a,a,W,95050,860,-16,-22,a,2,0,2,0,0,0,0,0,5000,3000,0,0,1,27.202941017470888
675,a,a,W,182210,1766,63,63,a,6,1,5,0,0,0,0,0,17800,7000,0,1,0,89.09545442950498
676,a,a,W,95020,859,-20,-25,a,1,1,0,0,0,0,0,0,600,600,0,0,1,32.01562118716424
677,a,a,N,29290,235,-20,24,a,1,1,0,0,0,0,0,0,500,500,0,0,0,31.240998703626616
678,a,a,N,11440,121,-68,-37,a,0,0,0,0,0,0,0,0,0,0,0,0,1,77.41446893184762
679,a,a,N,26800,94,-18,-49,a,1,0,1,0,0,0,0,0,3000,3000,0,0,1,52.20153254455275
680,a,a,N,43650,334,38,90,a,0,0,0,0,0,0,0,0,0,0,0,1,0,97.6933979345585
681,a,a,W,154830,1252,33,11,a,2,2,0,0,0,0,0,0,1100,700,0,1,0,34.785054261852174
682,a,b,W,121720,1170,1,2,a,1,0,1,0,0,0,0,0,5000,5000,0,1,0,2.23606797749979
683,a,b,W,111950,997,-8,-13,a,4,3,1,0,0,0,0,0,4400,3000,0,0,1,15.264337522473747
684,a,b,W,190960,1651,58,45,a,2,0,2,0,0,0,0,0,11000,9000,0,1,0,73.40980860893181
685,a,b,W,95620,996,-26,-17,a,0,0,0,0,0,0,0,0,0,0,0,0,1,31.064449134018133
686,a,b,W,133430,1074,5,-9,a,6,2,4,0,0,0,0,0,16700,8000,0,0,0,10.295630140987
687,a,b,W,253510,2069,98,76,a,4,2,2,0,0,0,0,0,7100,4000,0,1,0,124.01612798341996
688,a,b,W,121870,935,-15,-26,a,2,2,0,0,0,0,0,0,900,500,0,0,1,30.01666203960727
689,a,b,W,148160,1282,1,0,a,2,2,0,0,0,0,0,0,1300,900,0,0,0,1.0
690,a,b,W,156780,1301,10,6,a,4,3,1,0,0,0,0,0,4700,3000,0,1,0,11.661903789690601
691,a,b,N,23000,157,-28,-17,a,1,0,1,0,0,0,0,0,2000,2000,0,0,1,32.7566787083184
692,a,a,W,107100,1003,-28,-21,a,3,3,0,0,0,0,0,0,1600,600,1,0,1,35.0
693,b,a,W,127110,1140,-12,-9,a,3,1,1,1,0,0,0,0,22600,20000,1,0,1,15.0
694,b,a,W,163510,1534,13,23,a,2,0,1,1,0,0,0,0,72000,70000,0,1,0,26.419689627245813
695,b,a,W,134890,1411,-10,9,a,1,0,1,0,0,0,0,0,6000,6000,1,0,0,13.45362404707371
696,b,b,W,306400,2522,112,98,b,3,2,0,1,0,0,0,0,31000,30000,1,1,0,148.8220413782851
697,b,b,W,83490,898,-49,-37,b,2,1,0,0,1,0,0,0,100300,100000,1,0,1,61.40032573203501
698,b,b,W,92760,967,-42,-31,b,5,3,1,1,0,0,0,0,65800,60000,0,0,1,52.20153254455275
699,b,b,W,105810,958,-27,-26,a,3,1,2,0,0,0,0,0,14900,8000,0,0,1,37.48332962798263
700,b,b,W,128260,1235,-10,-5,a,1,0,1,0,0,0,0,0,1000,1000,0,0,1,11.180339887498949
701,a,a,W,95280,1031,-32,-21,a,2,1,1,0,0,0,0,0,3600,3000,1,0,1,38.27531841800928
702,b,a,W,186280,1921,39,51,a,3,1,1,1,0,0,0,0,72500,70000,0,1,0,64.20280367709809
703,b,a,W,195950,1913,38,40,a,4,3,1,0,0,0,0,0,2700,1000,0,1,0,55.17245689653489
704,b,a,W,117120,1095,-22,-24,a,3,2,1,0,0,0,0,0,5700,4000,0,0,1,32.55764119219941
705,a,b,W,273200,2387,89,71,a,2,1,1,0,0,0,0,0,3400,3000,0,1,0,113.85077953180645
706,a,b,W,121400,1063,-23,-29,a,2,0,2,0,0,0,0,0,8000,6000,0,0,1,37.013511046643494
707,a,b,W,200350,1668,43,24,a,0,0,0,0,0,0,0,0,0,0,0,1,0,49.24428900898052
708,a,a,W,130940,1397,-14,-2,a,1,0,1,0,0,0,0,0,2000,2000,0,0,1,14.142135623730951
709,a,a,N,38450,343,26,85,a,1,0,1,0,0,0,0,0,1000,1000,0,1,0,88.88756943465155
710,a,a,N,12490,122,-59,-39,a,1,1,0,0,0,0,0,0,700,700,1,0,1,70.7248188403477
711,b,a,N,12380,126,-56,-35,a,1,0,0,1,0,0,0,0,70000,70000,0,0,1,66.03786792439622
712,b,a,N,12150,118,-52,-36,a,1,0,1,0,0,0,0,0,3000,3000,0,0,1,63.245553203367585
713,b,a,W,166220,1762,7,20,a,0,0,0,0,0,0,0,0,0,0,1,1,0,21.18962010041709
714,b,a,W,265250,2852,64,84,a,2,0,1,1,0,0,0,0,23000,20000,0,1,0,105.60303025955268
715,b,a,W,162190,1702,-7,0,a,0,0,0,0,0,0,0,0,0,0,0,0,0,7.0
716,b,a,W,127010,1388,-30,-22,a,3,0,3,0,0,0,0,0,9000,5000,1,0,1,37.20215047547655
717,b,a,W,229070,2597,30,51,a,2,0,0,2,0,0,0,0,100000,80000,0,1,0,59.16924876994806
718,b,a,W,167100,1690,-7,-6,a,1,0,1,0,0,0,0,0,7000,7000,1,0,1,9.219544457292887
719,b,a,W,132470,1552,-28,-16,a,5,2,2,1,0,0,0,0,54800,50000,0,0,1,32.2490309931942
720,b,a,W,254750,2932,50,66,a,1,0,1,0,0,0,0,0,2000,2000,1,1,0,82.80096617793781
721,b,a,W,151210,1727,-18,-12,a,4,1,2,1,0,0,0,0,31800,20000,0,0,1,21.633307652783937
722,b,a,W,118110,1660,-34,-15,a,1,0,1,0,0,0,0,0,2000,2000,1,0,1,37.16180835212409
723,b,a,W,118120,1716,-33,-14,a,1,0,0,1,0,0,0,0,20000,20000,0,0,1,35.84689665786984
724,b,a,W,185910,2451,8,24,a,8,4,4,0,0,0,0,0,11300,4000,0,1,0,25.298221281347036
725,b,a,W,197590,2804,20,44,a,8,8,0,0,0,0,0,0,4700,800,0,1,0,48.33218389437829
726,a,a,N,26780,345,18,94,a,0,0,0,0,0,0,0,0,0,0,0,1,0,95.70788891204319
727,a,a,N,9670,186,-59,-7,a,0,0,0,0,0,0,0,0,0,0,0,0,1,59.413803110051795
728,a,a,N,9980,170,-54,-13,a,1,0,1,0,0,0,0,0,1000,1000,0,0,1,55.54277630799526
729,a,a,N,8760,133,-59,-33,a,1,1,0,0,0,0,0,0,600,600,0,0,1,67.60177512462228
730,a,a,N,7370,110,-63,-46,a,0,0,0,0,0,0,0,0,0,0,0,0,1,78.00640999302557
731,a,a,N,4580,91,-72,-50,a,1,0,1,0,0,0,0,0,1000,1000,0,0,1,87.65842800324451
732,a,a,N,4610,78,-68,-55,a,0,0,0,0,0,0,0,0,0,0,0,0,1,87.45856161634491
733,a,a,N,6040,112,-44,-24,a,2,1,1,0,0,0,0,0,2400,2000,1,0,1,50.11985634456667
734,b,a,W,68920,1004,-59,-51,a,3,0,2,1,0,0,0,0,66000,60000,0,0,1,77.98717843338096
735,b,a,W,134870,2096,-17,4,a,4,2,2,0,0,0,0,0,5100,3000,0,0,0,17.46424919657298
736,b,a,W,71650,1173,-53,-40,a,1,0,1,0,0,0,0,0,7000,7000,0,0,1,66.40030120413611
737,a,a,W,159910,2345,12,23,a,3,1,2,0,0,0,0,0,4400,3000,0,1,0,25.942243542145693
738,a,a,W,172530,2873,18,44,a,3,2,1,0,0,0,0,0,2300,1000,0,1,0,47.53945729601885
739,a,a,W,93120,1238,-32,-38,a,1,0,1,0,0,0,0,0,2000,2000,0,0,1,49.678969393496885
740,a,a,W,27830,190,-79,-90,a,4,0,4,0,0,0,0,0,19000,8000,0,0,1,119.75391434103521
741,a,a,W,44320,269,-64,-85,a,2,0,2,0,0,0,0,0,3000,2000,0,0,1,106.40018796975878
742,a,a,W,26830,192,-77,-88,a,1,1,0,0,0,0,0,0,600,600,0,0,1,116.93160394008115
743,a,a,W,29240,217,-71,-85,a,2,0,2,0,0,0,0,0,8000,5000,0,0,1,110.75197515168747
744,a,a,W,47740,276,-42,-76,a,4,1,3,0,0,0,0,0,7800,3000,0,0,1,86.83317338436964
745,a,a,W,36520,209,-55,-81,a,3,2,1,0,0,0,0,0,9800,9000,0,0,1,97.9081201943945
746,a,a,W,28360,181,-60,-80,a,2,1,1,0,0,0,0,0,3800,3000,0,0,1,100.0
747,a,a,W,29990,203,-55,-75,a,3,1,2,0,0,0,0,0,9400,6000,0,0,1,93.00537618869137
748,a,a,W,21060,106,-61,-82,a,0,0,0,0,0,0,0,0,0,0,0,0,1,102.20078277586722
749,a,a,W,18240,87,-53,-72,a,2,1,1,0,0,0,0,0,2500,2000,0,0,1,89.40357934669059
750,a,a,W,33660,248,9,28,a,4,2,2,0,0,0,0,0,11100,8000,0,1,0,29.410882339705484
751,a,a,W,21670,132,-31,-34,a,3,2,1,0,0,0,0,0,3400,2000,0,0,1,46.010868281309364
752,a,a,N,5990,53,-42,-64,a,0,0,0,0,0,0,0,0,0,0,0,0,1,76.55063683601855
753,a,a,N,6430,30,-33,-79,a,1,1,0,0,0,0,0,0,300,300,0,0,1,85.61541917201598
754,a,a,N,3020,19,-66,-85,a,1,0,1,0,0,0,0,0,2000,2000,0,0,1,107.61505470890214
755,a,a,W,23400,140,-20,-24,a,3,3,0,0,0,0,0,0,2000,800,0,0,1,31.240998703626616
756,a,a,W,45990,349,59,94,a,3,2,1,0,0,0,0,0,4200,3000,0,1,0,110.98198051936178
757,a,a,W,19570,153,-36,-21,a,1,1,0,0,0,0,0,0,700,700,0,0,1,41.677331968349414
758,a,a,W,32550,167,17,-8,a,9,5,4,0,0,0,0,0,13200,6000,0,0,0,18.788294228055936
759,a,b,W,53860,346,96,96,a,5,1,4,0,0,0,0,0,13700,9000,0,1,0,135.7645019878171
760,a,b,W,37810,238,26,23,a,6,5,1,0,0,0,0,0,5400,2000,0,1,0,34.713109915419565
761,a,b,W,10130,133,-67,-32,a,1,0,1,0,0,0,0,0,2000,2000,0,0,1,74.24957912338628
762,a,b,W,57860,383,95,92,a,2,1,1,0,0,0,0,0,4700,4000,0,1,0,132.24598292575845
763,a,b,W,42470,326,26,42,a,2,2,0,0,0,0,0,0,1200,700,0,1,0,49.39635614091387
764,a,b,W,42840,248,24,5,a,3,0,3,0,0,0,0,0,4000,2000,0,1,0,24.515301344262525
765,a,b,N,13060,81,96,-18,a,0,0,0,0,0,0,0,0,0,0,0,0,0,97.67292357659824
766,a,b,W,15930,177,-57,-29,a,2,1,1,0,0,0,0,0,2600,2000,0,0,1,63.953107821277925
767,a,b,W,60340,495,68,96,a,5,3,2,0,0,0,0,0,12500,8000,0,1,0,117.64352935882194
768,a,b,W,39690,416,6,56,a,2,1,1,0,0,0,0,0,1700,1000,0,1,0,56.32051136131489
769,a,b,W,32930,271,-16,-7,a,1,0,1,0,0,0,0,0,3000,3000,0,0,1,17.46424919657298
770,a,a,W,18210,150,-54,-51,a,3,1,2,0,0,0,0,0,7700,5000,0,0,1,74.27651041883968
771,a,a,W,24790,236,-31,-17,a,1,1,0,0,0,0,0,0,600,600,0,0,1,35.35533905932738
772,a,a,W,43490,352,26,24,a,0,0,0,0,0,0,0,0,0,0,0,1,0,35.38361202590826
773,a,a,N,10850,131,55,49,a,0,0,0,0,0,0,0,0,0,0,0,1,0,73.66138744281159
774,a,a,N,3770,50,-47,-40,a,0,0,0,0,0,0,0,0,0,0,0,0,1,61.71709649683789
775,a,a,N,3650,41,-44,-46,a,1,0,1,0,0,0,0,0,4000,4000,0,0,1,63.655321851358195
776,a,a,W,8380,47,-78,-85,a,1,0,1,0,0,0,0,0,6000,6000,0,0,1,115.36463929644994
777,a,b,W,61110,439,86,62,a,4,4,0,0,0,0,0,0,1600,600,0,1,0,106.01886624558857
778,a,b,W,39880,342,15,21,a,3,1,2,0,0,0,0,0,2800,1000,0,1,0,25.80697580112788
779,a,b,W,19170,158,-44,-46,a,2,1,1,0,0,0,0,0,4500,4000,0,0,1,63.655321851358195
780,a,a,W,17750,151,-49,-48,a,1,1,0,0,0,0,0,0,400,400,0,0,1,68.59300255857006
781,a,a,W,41740,331,37,29,a,2,2,0,0,0,0,0,0,1100,700,0,1,0,47.01063709417264
782,a,a,W,35800,341,16,38,a,0,0,0,0,0,0,0,0,0,0,0,1,0,41.23105625617661
783,a,b,W,48820,446,57,75,b,5,4,1,0,0,0,0,0,3900,2000,0,1,0,94.2019108086455
784,a,b,W,29470,347,-14,22,b,0,0,0,0,0,0,0,0,0,0,0,0,0,26.076809620810597
785,a,b,W,23050,202,-33,-32,b,4,2,2,0,0,0,0,0,5100,3000,0,0,1,45.967379738244816
786,a,b,W,37820,347,16,24,a,3,2,1,0,0,0,0,0,4000,3000,0,1,0,28.844410203711913
787,a,b,W,33800,316,-5,2,a,2,1,1,0,0,0,0,0,3400,3000,0,0,0,5.385164807134504
788,a,a,W,13830,145,-58,-51,a,3,2,1,0,0,0,0,0,3900,3000,0,0,1,77.23341245859851
789,a,a,W,46170,404,53,45,a,1,1,0,0,0,0,0,0,700,700,0,1,0,69.52697318307479
790,a,a,W,35510,313,8,3,a,1,1,0,0,0,0,0,0,500,500,0,1,0,8.54400374531753
791,a,a,W,31040,322,-10,1,a,5,2,3,0,0,0,0,0,9000,4000,0,0,0,10.04987562112089
792,a,a,W,47690,518,42,63,a,6,4,2,0,0,0,0,0,7400,3000,0,1,0,75.71657678474378
793,a,a,W,28130,347,-19,3,a,3,2,1,0,0,0,0,0,3100,2000,0,0,0,19.235384061671343
794,a,a,N,4760,94,-23,37,a,0,0,0,0,0,0,0,0,0,0,0,0,0,43.56604182158393
795,a,a,N,3860,77,-38,12,a,0,0,0,0,0,0,0,0,0,0,0,0,0,39.84971769034255
796,a,a,N,2210,34,-64,-51,a,2,1,1,0,0,0,0,0,3400,3000,0,0,1,81.83520025025906
797,a,a,W,12610,157,-61,-52,a,1,0,1,0,0,0,0,0,2000,2000,0,0,1,80.15609770940699
798,a,a,W,39390,460,27,50,a,6,5,1,0,0,0,0,0,4800,2000,0,1,0,56.824290580701486
799,a,a,W,19630,295,-40,-11,a,3,2,1,0,0,0,0,0,8300,7000,0,0,1,41.48493702538308
800,a,a,W,26130,260,-15,-21,a,6,3,3,0,0,0,0,0,7700,3000,0,0,1,25.80697580112788
801,a,a,W,19420,279,-35,-13,a,4,3,1,0,0,0,0,0,2800,1000,0,0,1,37.33630940518894
802,a,a,W,18960,178,-38,-47,a,3,2,1,0,0,0,0,0,5800,5000,1,0,1,60.440052945046304
803,b,b,W,26290,104,-6,-67,a,5,2,2,1,0,0,0,0,25300,20000,0,0,1,67.26812023536856
804,b,b,W,18580,121,-31,-59,a,2,2,0,0,0,0,0,0,1200,800,0,0,1,66.64833081180653
805,b,b,W,9130,68,-64,-75,a,3,2,1,0,0,0,0,0,2000,1000,0,0,1,98.59513172565875
806,a,b,N,6340,18,10,-70,a,2,1,1,0,0,0,0,0,9300,9000,0,0,0,70.71067811865476
807,a,b,N,1200,15,-79,-74,a,0,0,0,0,0,0,0,0,0,0,0,0,1,108.2450922675019
808,a,b,N,1020,10,-81,-82,a,0,0,0,0,0,0,0,0,0,0,0,0,1,115.26057435220423
809,a,a,N,2360,16,-54,-71,a,0,0,0,0,0,0,0,0,0,0,0,0,1,89.20201791439474
810,a,a,N,1070,17,-73,-65,a,0,0,0,0,0,0,0,0,0,0,0,0,1,97.74456506629922
811,a,a,N,500,7,-83,-82,a,0,0,0,0,0,0,0,0,0,0,0,0,1,116.67476162392619
812,a,a,N,340,6,-87,-85,a,0,0,0,0,0,0,0,0,0,0,0,0,1,121.63058825805291
813,a,a,N,100,4,-96,-90,a,0,0,0,0,0,0,0,0,0,0,0,0,1,131.59027319676784
814,a,a,N,720,2,-62,-95,a,0,0,0,0,0,0,0,0,0,0,0,0,1,113.44161493913951
815,a,a,N,950,4,-40,-90,a,0,0,0,0,0,0,0,0,0,0,0,0,1,98.48857801796105
816,a,a,N,430,3,-71,-92,a,0,0,0,0,0,0,0,0,0,0,0,0,1,116.21101496846157
817,a,a,N,290,3,-67,-92,a,1,0,1,0,0,0,0,0,3000,3000,0,0,1,113.81124724736128
818,a,a,N,3330,37,-42,-39,a,2,2,0,0,0,0,0,0,1200,900,0,0,1,57.3149195236284
819,a,a,W,11740,46,-90,-96,a,1,0,1,0,0,0,0,0,4000,4000,0,0,1,131.59027319676784
820,a,a,N,850,6,-85,-90,a,0,0,0,0,0,0,0,0,0,0,0,0,1,123.79418403139947
821,a,a,W,5240,18,-96,-96,a,1,1,0,0,0,0,0,0,600,600,0,0,1,135.7645019878171
822,a,a,W,17910,86,-85,-79,a,4,0,4,0,0,0,0,0,12000,6000,0,0,1,116.04309544302927
823,a,a,W,145440,358,-3,-28,a,0,0,0,0,0,0,0,0,0,0,0,0,1,28.160255680657446
824,a,b,N,67480,141,-10,-44,a,3,2,1,0,0,0,0,0,2800,2000,0,0,1,45.12205669071391
825,a,b,W,239660,501,60,3,a,1,0,1,0,0,0,0,0,8000,8000,0,1,0,60.07495318350236
826,a,b,W,229690,485,45,0,a,4,3,1,0,0,0,0,0,2500,1000,0,0,0,45.0
827,a,b,N,49410,74,-33,-69,a,2,0,2,0,0,0,0,0,6000,3000,0,0,1,76.48529270389177
828,a,b,W,197620,406,19,-16,a,0,0,0,0,0,0,0,0,0,0,0,0,0,24.839484696748443
829,a,b,N,68200,137,-5,-38,a,0,0,0,0,0,0,0,0,0,0,0,0,1,38.3275357934736
830,a,b,N,53380,108,-13,-8,a,3,2,1,0,0,0,0,0,1700,1000,0,0,1,15.264337522473747
831,a,b,W,179710,274,5,-42,a,4,3,1,0,0,0,0,0,3000,2000,0,0,0,42.2965719651132
832,a,b,N,29650,93,-51,-20,a,0,0,0,0,0,0,0,0,0,0,0,0,1,54.78138369920935
833,a,b,W,111510,169,-36,-63,a,2,0,2,0,0,0,0,0,5000,3000,0,0,1,72.56031973468694
834,a,b,N,18400,46,-68,-60,a,0,0,0,0,0,0,0,0,0,0,0,0,1,90.68627239003708
835,a,b,N,6980,30,-87,-72,a,0,0,0,0,0,0,0,0,0,0,0,0,1,112.92918134831227
836,a,b,N,13120,19,-73,-81,a,0,0,0,0,0,0,0,0,0,0,0,0,1,109.04127658827184
837,a,a,N,9050,17,-79,-81,a,0,0,0,0,0,0,0,0,0,0,0,0,1,113.14592347937243
838,a,a,N,15400,24,-59,-69,a,1,0,1,0,0,0,0,0,1000,1000,0,0,1,90.78546139112804
839,a,a,N,38800,38,17,-45,a,2,1,1,0,0,0,0,0,1700,1000,0,0,0,48.104053883222775
840,a,a,W,104210,185,-39,-56,a,2,2,0,0,0,0,0,0,500,300,0,0,1,68.24221567329127
841,a,a,W,73930,94,-55,-76,a,1,0,1,0,0,0,0,0,1000,1000,0,0,1,93.81364506296512
842,a,a,N,42300,55,37,-10,a,1,0,1,0,0,0,0,0,4000,4000,0,0,0,38.3275357934736
843,a,a,W,178220,371,13,7,a,2,2,0,0,0,0,0,0,800,400,0,1,0,14.7648230602334
844,a,b,W,121520,247,-25,-26,a,1,1,0,0,0,0,0,0,400,400,0,0,1,36.069377593742864
845,a,b,N,22270,53,-23,-3,a,1,0,1,0,0,0,0,0,4000,4000,0,0,1,23.194827009486403
846,a,b,W,254510,417,61,35,a,2,2,0,0,0,0,0,0,500,300,0,1,0,70.32780389006896
847,a,b,W,180530,324,7,3,a,0,0,0,0,0,0,0,0,0,0,0,1,0,7.615773105863909
848,a,b,N,24750,62,-1,28,a,1,0,1,0,0,0,0,0,2000,2000,0,0,0,28.0178514522438
849,a,b,W,362360,575,122,93,b,4,2,2,0,0,0,0,0,10400,7000,0,1,0,153.40469353966978
850,a,b,W,140610,254,-20,-17,b,1,1,0,0,0,0,0,0,800,800,0,0,1,26.248809496813376
851,a,b,N,26720,53,21,21,b,1,0,1,0,0,0,0,0,1000,1000,0,1,0,29.698484809834994
852,a,b,W,211440,403,24,38,a,4,2,2,0,0,0,0,0,7300,4000,0,1,0,44.94441010848846
853,a,b,W,189170,371,9,22,a,1,0,1,0,0,0,0,0,1000,1000,0,1,0,23.769728648009426
854,a,b,W,232470,361,28,11,a,3,2,1,0,0,0,0,0,4000,3000,0,1,0,30.083217912982647
855,a,b,W,240350,458,24,34,a,4,3,1,0,0,0,0,0,3000,2000,0,1,0,41.617304093369626
856,a,b,N,40820,78,87,95,a,0,0,0,0,0,0,0,0,0,0,0,1,0,128.81770064707723
857,a,b,N,19790,43,-18,0,a,0,0,0,0,0,0,0,0,0,0,0,0,0,18.0
858,a,b,N,11230,26,-56,-41,a,0,0,0,0,0,0,0,0,0,0,0,0,1,69.40461079784254
859,a,b,N,19120,36,-24,-20,a,0,0,0,0,0,0,0,0,0,0,0,0,1,31.240998703626616
860,a,b,N,12120,24,-54,-49,a,1,1,0,0,0,0,0,0,300,300,0,0,1,72.91776189653656
861,a,b,W,147570,259,-30,-31,a,3,2,1,0,0,0,0,0,2000,1000,0,0,1,43.139309220245984
862,a,a,W,140890,230,-32,-37,a,2,2,0,0,0,0,0,0,600,400,0,0,1,48.91829923454004
863,a,a,N,16210,44,-37,-6,a,1,0,1,0,0,0,0,0,9000,9000,0,0,1,37.48332962798263
864,a,a,W,122030,211,-42,-42,a,1,1,0,0,0,0,0,0,500,500,0,0,1,59.39696961966999
865,a,a,W,154470,263,-21,-24,a,3,1,2,0,0,0,0,0,8400,6000,0,0,1,31.89043743820395
866,a,a,W,54980,115,-72,-66,a,1,1,0,0,0,0,0,0,600,600,0,0,1,97.67292357659824
867,a,a,W,103460,208,-37,-29,a,0,0,0,0,0,0,0,0,0,0,0,0,1,47.01063709417264
868,a,a,W,85240,140,-47,-51,a,1,1,0,0,0,0,0,0,200,200,0,0,1,69.35416353759881
869,a,a,N,39890,66,69,39,a,1,1,0,0,0,0,0,0,400,400,0,1,0,79.25906888173743
870,a,a,W,120690,150,-18,-43,a,0,0,0,0,0,0,0,0,0,0,0,0,1,46.61544808322666
871,a,a,W,70740,154,-50,-36,a,0,0,0,0,0,0,0,0,0,0,0,0,1,61.61168720299745
872,a,a,W,82480,172,-34,-21,a,1,0,1,0,0,0,0,0,1000,1000,0,0,1,39.96248240537617
873,a,a,W,161390,314,49,65,a,0,0,0,0,0,0,0,0,0,0,0,1,0,81.40024569987489
874,a,a,W,101050,213,-8,9,a,0,0,0,0,0,0,0,0,0,0,0,0,0,12.041594578792296
875,a,a,W,60100,94,-43,-52,a,2,2,0,0,0,0,0,0,1000,800,0,0,1,67.47592163134935
876,a,a,W,82460,154,-17,-16,a,0,0,0,0,0,0,0,0,0,0,0,0,1,23.345235059857504
877,a,a,W,65320,128,-29,-25,a,1,1,0,0,0,0,0,0,800,800,0,0,1,38.28837943815329
878,a,a,N,18870,47,-19,-3,a,2,1,1,0,0,0,0,0,4800,4000,0,0,1,19.235384061671343
879,a,a,N,21900,60,-5,25,a,0,0,0,0,0,0,0,0,0,0,0,0,0,25.495097567963924
880,a,a,N,20700,37,-9,-22,a,0,0,0,0,0,0,0,0,0,0,0,0,1,23.769728648009426
881,a,a,W,51950,144,-44,-17,a,2,0,2,0,0,0,0,0,3000,2000,0,0,1,47.16990566028302
882,a,a,W,129190,278,47,67,a,4,1,3,0,0,0,0,0,13500,8000,0,1,0,81.8413098624405
883,a,a,W,125340,292,35,62,a,0,0,0,0,0,0,0,0,0,0,0,1,0,71.19691004531025
884,a,a,W,48630,126,-48,-35,a,0,0,0,0,0,0,0,0,0,0,0,0,1,59.405386961116584
885,a,a,N,39660,86,80,87,a,0,0,0,0,0,0,0,0,0,0,0,1,0,118.1905241548577
886,a,a,W,101040,213,11,11,a,2,1,1,0,0,0,0,0,1700,1000,0,1,0,15.556349186104045
887,a,a,W,20090,74,-78,-62,a,0,0,0,0,0,0,0,0,0,0,0,0,1,99.6393496566492
888,a,a,W,105160,284,34,66,a,1,0,1,0,0,0,0,0,6000,6000,0,1,0,74.24284477308234
889,a,a,W,35200,93,-55,-48,a,1,0,1,0,0,0,0,0,5000,5000,0,0,1,73.0
890,a,a,N,22300,55,2,17,a,0,0,0,0,0,0,0,0,0,0,0,1,0,17.11724276862369
891,a,a,N,30650,80,38,66,a,1,1,0,0,0,0,0,0,500,500,0,1,0,76.15773105863909
892,a,b,N,20840,52,-14,-3,a,0,0,0,0,0,0,0,0,0,0,0,0,1,14.317821063276353
893,a,b,N,29560,112,22,103,b,0,0,0,0,0,0,0,0,0,0,0,1,0,105.32331175955302
894,a,b,N,28210,83,8,30,a,1,0,1,0,0,0,0,0,3000,3000,0,1,0,31.04834939252005
895,a,b,N,14350,36,-47,-47,a,0,0,0,0,0,0,0,0,0,0,0,0,1,66.46803743153546
896,a,b,N,32830,85,33,31,a,0,0,0,0,0,0,0,0,0,0,0,1,0,45.27692569068709
897,a,b,W,66640,155,-13,-13,a,1,1,0,0,0,0,0,0,400,400,0,0,1,18.384776310850235
898,a,b,N,48440,76,86,11,a,0,0,0,0,0,0,0,0,0,0,0,1,0,86.70063436907483
899,a,b,N,26470,37,-8,-47,a,2,2,0,0,0,0,0,0,900,600,0,0,1,47.67598976424087
900,a,b,N,3430,18,-88,-74,a,0,0,0,0,0,0,0,0,0,0,0,0,1,114.97825881443848
901,a,b,N,12270,24,-52,-62,a,0,0,0,0,0,0,0,0,0,0,0,0,1,80.91971329657564
902,a,b,N,34050,68,38,13,a,0,0,0,0,0,0,0,0,0,0,0,1,0,40.162171256046406
903,a,a,N,28020,51,12,-14,a,0,0,0,0,0,0,0,0,0,0,0,0,0,18.439088914585774
904,a,b,N,44790,57,74,-3,a,0,0,0,0,0,0,0,0,0,0,0,0,0,74.06078584514209
905,a,b,W,68130,162,-9,-9,a,2,2,0,0,0,0,0,0,1000,600,0,0,1,12.727922061357855
906,a,b,W,107250,168,43,-8,a,0,0,0,0,0,0,0,0,0,0,0,0,0,43.73785545725808
907,a,b,N,72460,150,166,180,b,1,0,1,0,0,0,0,0,1000,1000,0,1,0,244.85914318236107
908,a,b,N,58410,113,84,88,a,0,0,0,0,0,0,0,0,0,0,0,1,0,121.6552506059644
909,a,b,N,52000,134,44,97,a,0,0,0,0,0,0,0,0,0,0,1,1,0,106.51291001564083
910,b,b,N,48590,134,28,84,b,1,0,0,1,0,0,0,0,20000,20000,0,1,0,88.54377448471462
911,b,b,N,19370,63,-49,-20,b,0,0,0,0,0,0,0,0,0,0,0,0,1,52.92447448959697
912,b,b,N,14770,48,-60,-41,b,0,0,0,0,0,0,0,0,0,0,0,0,1,72.67048919609665
913,a,b,N,15050,52,-61,-38,a,0,0,0,0,0,0,0,0,0,0,0,0,1,71.8679344353238
914,a,b,N,18800,67,-51,-23,a,0,0,0,0,0,0,0,0,0,0,0,0,1,55.94640292279746
915,a,a,N,29500,92,-21,6,a,1,1,0,0,0,0,0,0,300,300,0,0,0,21.840329667841555
916,a,a,N,12950,41,-65,-55,a,0,0,0,0,0,0,0,0,0,0,0,0,1,85.14693182963201
917,a,a,N,20730,48,-39,-46,a,1,1,0,0,0,0,0,0,400,400,0,0,1,60.30754513325841
918,a,a,N,41340,89,42,12,a,0,0,0,0,0,0,0,0,0,0,0,1,0,43.68065933568311
919,a,a,N,18410,30,-33,-61,a,0,0,0,0,0,0,0,0,0,0,0,0,1,69.35416353759881
920,a,a,N,9490,26,-60,-61,a,0,0,0,0,0,0,0,0,0,0,0,0,1,85.56284240252891
921,a,a,N,6370,34,-68,-39,a,0,0,0,0,0,0,0,0,0,0,0,0,1,78.39005038906404
922,a,a,N,9430,44,-50,-17,a,0,0,0,0,0,0,0,0,0,0,0,0,1,52.81098370604357
923,a,a,N,30130,82,65,57,a,3,3,0,0,0,0,0,0,500,200,0,1,0,86.45229898620394
924,a,a,N,12880,62,-35,12,a,0,0,0,0,0,0,0,0,0,0,0,0,0,37.0
925,a,a,N,16480,44,-14,-20,a,0,0,0,0,0,0,0,0,0,0,0,0,1,24.413111231467404
926,a,b,N,19040,50,7,0,a,0,0,0,0,0,0,0,0,0,0,0,0,0,7.0
927,a,b,N,15570,41,-16,-19,a,0,0,0,0,0,0,0,0,0,0,0,0,1,24.839484696748443
928,a,b,N,20250,45,13,-10,a,0,0,0,0,0,0,0,0,0,0,0,0,0,16.401219466856727
929,a,b,N,19030,46,20,0,a,1,0,1,0,0,0,0,0,9000,9000,0,0,0,20.0
930,a,b,N,21730,56,37,18,a,0,0,0,0,0,0,0,0,0,0,0,1,0,41.14608122288197
931,a,b,N,24550,62,44,23,a,0,0,0,0,0,0,0,0,0,0,0,1,0,49.64876634922564
932,a,b,N,15300,29,-19,-45,a,0,0,0,0,0,0,0,0,0,0,0,0,1,48.84669896727925
933,a,b,N,32240,61,65,18,a,0,0,0,0,0,0,0,0,0,0,0,1,0,67.446274915669
934,a,b,N,27490,55,39,11,a,0,0,0,0,0,0,0,0,0,0,0,1,0,40.52159917870962
935,a,b,N,48650,73,-51,-51,a,0,0,0,0,0,0,0,0,0,0,0,0,1,72.12489168102785
936,a,b,N,147400,189,55,33,a,1,1,0,0,0,0,0,0,700,700,0,1,0,64.1404708432983
937,a,b,N,175660,251,76,72,a,0,0,0,0,0,0,0,0,0,0,0,1,0,104.6900186264192
938,a,b,N,44730,79,-58,-49,a,0,0,0,0,0,0,0,0,0,0,0,0,1,75.92759709091287
939,a,a,N,25510,60,-75,-60,a,0,0,0,0,0,0,0,0,0,0,0,0,1,96.04686356149273
940,a,a,N,13960,36,-85,-74,a,0,0,0,0,0,0,0,0,0,0,0,0,1,112.69871339105873
941,a,a,N,4760,35,-94,-73,a,0,0,0,0,0,0,0,0,0,0,0,0,1,119.01680553602503
942,a,a,N,4790,21,-94,-82,a,0,0,0,0,0,0,0,0,0,0,0,0,1,124.73972903610141
943,a,a,N,9550,24,-86,-77,a,0,0,0,0,0,0,0,0,0,0,0,0,1,115.43396380615195
944,a,a,N,10100,23,-82,-75,a,0,0,0,0,0,0,0,0,0,0,0,0,1,111.12605455067681
945,a,a,N,11620,23,-76,-71,a,0,0,0,0,0,0,0,0,0,0,0,0,1,104.00480758118829
946,a,a,N,6910,25,-85,-66,a,0,0,0,0,0,0,0,0,0,0,0,0,1,107.61505470890214
947,a,a,N,8960,28,-71,-51,a,0,0,0,0,0,0,0,0,0,0,0,0,1,87.41853350405736
948,a,a,N,12760,26,-9,-35,a,0,0,0,0,0,0,0,0,0,0,0,0,1,36.138621999185304
949,a,a,N,12620,37,16,-8,a,0,0,0,0,0,0,0,0,0,0,0,0,0,17.88854381999832
950,a,a,N,7400,24,-23,-40,a,0,0,0,0,0,0,0,0,0,0,0,0,1,46.14108798023731
951,a,a,N,9070,28,1,-30,a,0,0,0,0,0,0,0,0,0,0,0,0,0,30.01666203960727
952,a,a,N,18250,67,95,68,a,0,0,0,0,0,0,0,0,0,0,0,1,0,116.8289347721702
953,a,a,N,11190,27,4,-32,a,0,0,0,0,0,0,0,0,0,0,0,0,0,32.2490309931942
954,a,b,N,10760,28,-1,-30,a,0,0,0,0,0,0,0,0,0,0,0,0,1,30.01666203960727
955,a,b,N,11230,27,2,-32,a,0,0,0,0,0,0,0,0,0,0,0,0,0,32.0624390837628
956,a,b,N,12430,32,14,-20,a,0,0,0,0,0,0,0,0,0,0,0,0,0,24.413111231467404
957,a,b,N,13080,42,14,5,a,0,0,0,0,0,0,0,0,0,0,0,1,0,14.866068747318506
958,a,b,N,14670,44,23,10,a,0,0,0,0,0,0,0,0,0,0,0,1,0,25.079872407968907
959,a,b,N,8110,29,-33,-28,a,0,0,0,0,0,0,0,0,0,0,0,0,1,43.278170016764804
960,a,b,N,9350,44,-20,10,a,0,0,0,0,0,0,0,0,0,0,0,0,0,22.360679774997898
961,a,b,N,11500,30,-3,-25,a,0,0,0,0,0,0,0,0,0,0,0,0,1,25.179356624028344
962,a,b,N,7990,20,-34,-50,a,0,0,0,0,0,0,0,0,0,0,0,0,1,60.4648658313239
963,a,a,N,7590,20,-31,-50,a,0,0,0,0,0,0,0,0,0,0,0,0,1,58.83026432033091
964,a,a,N,6760,24,-37,-40,a,0,0,0,0,0,0,0,0,0,0,0,0,1,54.48853090330111
965,a,a,N,6460,27,-37,-32,a,0,0,0,0,0,0,0,0,0,0,0,0,1,48.91829923454004
966,a,a,N,19260,53,97,32,a,0,0,0,0,0,0,0,0,0,0,0,1,0,102.1420579389313
967,a,a,N,14810,45,41,12,a,0,0,0,0,0,0,0,0,0,0,0,1,0,42.720018726587654
968,a,b,N,20020,49,88,22,b,0,0,0,0,0,0,0,0,0,0,0,1,0,90.70832376358854
969,a,b,N,11400,50,14,0,b,0,0,0,0,0,0,0,0,0,0,0,0,0,14.0
970,a,b,N,11500,35,13,-30,b,0,0,0,0,0,0,0,0,0,0,0,0,0,32.69556544854363
971,a,b,N,5250,66,-49,36,a,0,0,0,0,0,0,0,0,0,0,0,0,0,60.802960454241045
972,a,b,N,19420,60,98,20,a,0,0,0,0,0,0,0,0,0,0,0,1,0,100.0199980003999
973,a,b,N,5250,66,-49,36,a,0,0,0,0,0,0,0,0,0,0,0,0,0,60.802960454241045
974,a,b,N,19420,60,98,20,a,0,0,0,0,0,0,0,0,0,0,0,1,0,100.0199980003999
975,a,b,N,20060,57,87,12,a,0,0,0,0,0,0,0,0,0,0,0,1,0,87.82368700982668
976,a,b,N,7970,44,-32,-15,a,0,0,0,0,0,0,0,0,0,0,0,0,1,35.34119409414458
977,a,a,N,10330,35,-11,-32,a,0,0,0,0,0,0,0,0,0,0,0,0,1,33.83784863137726
978,a,a,N,18600,29,60,-42,a,0,0,0,0,0,0,0,0,0,0,0,0,0,73.23933369440222
979,a,a,N,4120,23,-67,-52,a,0,0,0,0,0,0,0,0,0,0,0,0,1,84.81155581640984
980,a,a,N,6790,17,-43,-62,a,0,0,0,0,0,0,0,0,0,0,0,0,1,75.45197147855052
981,a,a,N,4910,25,-58,-40,a,0,0,0,0,0,0,0,0,0,0,0,0,1,70.45565981523414
982,a,a,N,16410,32,51,-20,a,0,0,0,0,0,0,0,0,0,0,0,0,0,54.78138369920935
983,a,a,N,8280,30,-27,-25,a,0,0,0,0,0,0,0,0,0,0,0,0,1,36.796738985948195
984,a,a,N,3610,16,-69,-60,a,0,0,0,0,0,0,0,0,0,0,0,0,1,91.43850392476902
985,a,a,N,3410,16,-66,-60,a,0,0,0,0,0,0,0,0,0,0,0,0,1,89.19641248391103
986,a,a,N,7400,25,-12,-38,a,0,0,0,0,0,0,0,0,0,0,0,0,1,39.84971769034255
987,a,a,N,6650,27,-21,-32,a,0,0,0,0,0,0,0,0,0,0,0,0,1,38.27531841800928
988,a,a,N,5930,31,-26,-22,a,0,0,0,0,0,0,0,0,0,0,0,0,1,34.058772731852805
989,a,a,N,7530,32,12,-20,a,0,0,0,0,0,0,0,0,0,0,0,0,0,23.323807579381203
990,a,a,N,5170,19,-27,-52,a,0,0,0,0,0,0,0,0,0,0,0,0,1,58.59180830116101
991,a,a,N,3760,22,-46,-45,a,0,0,0,0,0,0,0,0,0,0,0,0,1,64.35060217278468
992,a,a,N,1160,20,-83,-50,a,0,0,0,0,0,0,0,0,0,0,0,0,1,96.89685237405806
993,a,a,N,5400,39,2,-2,a,0,0,0,0,0,0,0,0,0,0,0,0,0,2.8284271247461903
994,a,a,N,1270,9,-75,-78,a,0,0,0,0,0,0,0,0,0,0,0,0,1,108.2081327812286
995,a,a,N,2870,22,-40,-45,a,0,0,0,0,0,0,0,0,0,0,0,0,1,60.207972893961475
996,a,a,N,1600,11,-66,-72,a,0,0,0,0,0,0,0,0,0,0,0,0,1,97.67292357659824
997,a,a,N,2720,23,-34,-42,a,0,0,0,0,0,0,0,0,0,0,0,0,1,54.037024344425184
998,a,a,N,4310,29,15,-28,a,0,0,0,0,0,0,0,0,0,0,0,0,0,31.76476034853718
999,a,a,N,4240,25,19,-38,a,0,0,0,0,0,0,0,0,0,0,0,0,0,42.485291572496
1000,a,a,N,3420,14,5,-65,a,0,0,0,0,0,0,0,0,0,0,0,0,0,65.19202405202648
1001,a,a,N,2910,24,-5,-40,a,0,0,0,0,0,0,0,0,0,0,0,0,1,40.311288741492746
1002,a,a,N,1560,15,-48,-62,a,0,0,0,0,0,0,0,0,0,0,0,0,1,78.40918313565064
1003,a,a,N,3460,47,14,18,a,0,0,0,0,0,0,0,0,0,0,0,1,0,22.80350850198276
1004,a,a,N,5020,32,77,-20,a,0,0,0,0,0,0,0,0,0,0,0,0,0,79.55501241279521
1005,a,a,N,2430,19,-24,-52,a,0,0,0,0,0,0,0,0,0,0,0,0,1,57.271284253105414
1006,a,a,N,2260,17,-29,-58,a,0,0,0,0,0,0,0,0,0,0,0,0,1,64.8459713474939
1007,a,a,N,1480,7,-54,-82,a,0,0,0,0,0,0,0,0,0,0,0,0,1,98.18350166906862
1008,a,a,N,920,9,-71,-78,a,0,0,0,0,0,0,0,0,0,0,0,0,1,105.47511554864494
1009,a,a,N,1180,14,-57,-65,a,0,0,0,0,0,0,0,0,0,0,0,0,1,86.45229898620394
1010,a,a,N,2290,6,-7,-85,a,0,0,0,0,0,0,0,0,0,0,0,0,1,85.28774824088158
1011,a,a,N,4080,19,73,-52,a,0,0,0,0,0,0,0,0,0,0,0,0,0,89.62700485902673
1012,a,a,N,3380,14,37,-65,a,0,0,0,0,0,0,0,0,0,0,0,0,0,74.79304780526061
1013,a,a,N,920,9,-65,-78,a,0,0,0,0,0,0,0,0,0,0,0,0,1,101.53324578678651
1014,a,a,N,3840,13,60,-68,a,0,0,0,0,0,0,0,0,0,0,0,0,0,90.68627239003708
1015,a,a,N,2540,19,12,-52,a,0,0,0,0,0,0,0,0,0,0,0,0,0,53.36665625650534
1016,a,a,N,590,11,-74,-72,a,0,0,0,0,0,0,0,0,0,0,0,0,1,103.24727599312246
1017,a,a,N,3720,43,75,8,a,0,0,0,0,0,0,0,0,0,0,0,1,0,75.4254598925323
1018,a,a,N,590,11,-74,-72,a,0,0,0,0,0,0,0,0,0,0,0,0,1,103.24727599312246
1019,a,a,N,3720,43,75,8,a,0,0,0,0,0,0,0,0,0,0,0,1,0,75.4254598925323
1020,a,a,N,2340,19,0,-52,a,0,0,0,0,0,0,0,0,0,0,0,0,0,52.0
1021,a,a,N,2610,39,5,-2,a,0,0,0,0,0,0,0,0,0,0,0,0,0,5.385164807134504
1022,a,a,N,3030,29,15,-28,a,0,0,0,0,0,0,0,0,0,0,0,0,0,31.76476034853718
1023,a,a,N,3430,23,27,-42,a,0,0,0,0,0,0,0,0,0,0,0,0,0,49.92995093127971
1024,a,a,N,3330,17,26,-58,a,0,0,0,0,0,0,0,0,0,0,0,0,0,63.56099432828282
1025,a,a,N,1950,19,-26,-52,a,0,0,0,0,0,0,0,0,0,0,0,0,1,58.137767414994535
1026,a,a,N,3610,20,32,-50,a,0,0,0,0,0,0,0,0,0,0,0,0,0,59.36328831862332
1027,a,a,N,3530,27,30,-32,a,0,0,0,0,0,0,0,0,0,0,0,0,0,43.86342439892262
1028,a,a,N,1150,6,-59,-85,a,0,0,0,0,0,0,0,0,0,0,0,0,1,103.46980235798269
1029,a,a,N,2180,10,-24,-75,a,0,0,0,0,0,0,0,0,0,0,0,0,1,78.74642849044012
1030,a,a,N,2760,24,2,-40,a,0,0,0,0,0,0,0,0,0,0,0,0,0,40.049968789001575
1031,a,a,N,2740,17,0,-58,a,0,0,0,0,0,0,0,0,0,0,0,0,0,58.0
1032,a,a,N,750,15,-73,-62,a,0,0,0,0,0,0,0,0,0,0,0,0,1,95.77577981932593
1033,a,a,N,5050,55,99,38,a,0,0,0,0,0,0,0,0,0,0,0,1,0,106.04244433244644
1034,a,a,N,1920,32,-29,-20,a,0,0,0,0,0,0,0,0,0,0,0,0,1,35.22782990761707
1035,a,a,N,2820,25,10,-38,a,0,0,0,0,0,0,0,0,0,0,0,0,0,39.293765408777
1036,a,a,N,3300,15,24,-62,a,0,0,0,0,0,0,0,0,0,0,0,0,0,66.48308055437865
1037,a,a,N,2150,13,-18,-68,a,0,0,0,0,0,0,0,0,0,0,0,0,1,70.3420215802759
1038,a,a,N,3310,17,33,-58,a,0,0,0,0,0,0,0,0,0,0,0,0,0,66.73080248281148
1039,a,a,N,2290,29,-15,-28,a,0,0,0,0,0,0,0,0,0,0,0,0,1,31.76476034853718
1040,a,a,N,1380,56,-49,40,a,0,0,0,0,0,0,0,0,0,0,0,0,0,63.25345840347388
1041,a,a,N,2780,19,8,-52,a,0,0,0,0,0,0,0,0,0,0,0,0,0,52.61178575186362
1042,a,a,N,2920,16,13,-60,a,0,0,0,0,0,0,0,0,0,0,0,0,0,61.39218191268331
1043,a,a,N,2700,14,-3,-65,a,0,0,0,0,0,0,0,0,0,0,0,0,1,65.06919393998976
1044,a,a,N,780,6,-70,-85,a,0,0,0,0,0,0,0,0,0,0,0,0,1,110.11357772772621
1045,a,a,N,2810,7,15,-82,a,0,0,0,0,0,0,0,0,0,0,0,0,0,83.3606621854697
1046,a,a,N,2350,19,-4,-52,a,0,0,0,0,0,0,0,0,0,0,0,0,1,52.15361924162119
1047,a,a,N,1490,10,-37,-75,a,0,0,0,0,0,0,0,0,0,0,0,0,1,83.6301381082203
1048,a,a,N,1970,17,-14,-58,a,0,0,0,0,0,0,0,0,0,0,0,0,1,59.665735560705194
1049,a,a,N,3890,46,81,15,a,0,0,0,0,0,0,0,0,0,0,0,1,0,82.37718130647589
1050,a,a,N,1340,21,-42,-48,a,0,0,0,0,0,0,0,0,0,0,0,0,1,63.7808748764079
1051,a,a,N,1620,11,-30,-72,a,0,0,0,0,0,0,0,0,0,0,0,0,1,78.0
1052,a,a,N,2570,10,18,-75,a,0,0,0,0,0,0,0,0,0,0,0,0,0,77.12976079309465
1053,a,a,N,1190,9,-45,-78,a,0,0,0,0,0,0,0,0,0,0,0,0,1,90.0499861188218
1054,a,a,N,2680,14,34,-65,a,0,0,0,0,0,0,0,0,0,0,0,0,0,73.35529974037323
1055,a,a,N,3390,13,55,-68,a,0,0,0,0,0,0,0,0,0,0,0,0,0,87.45856161634491
1056,a,a,N,4390,16,95,-60,a,0,0,0,0,0,0,0,0,0,0,0,0,0,112.36102527122117
1057,a,a,N,1870,11,-24,-72,a,0,0,0,0,0,0,0,0,0,0,0,0,1,75.8946638440411
1058,a,a,N,2650,18,7,-55,a,0,0,0,0,0,0,0,0,0,0,0,0,0,55.44366510251645
1059,a,a,N,3680,22,44,-45,a,0,0,0,0,0,0,0,0,0,0,0,0,0,62.93647591023825
1060,a,a,N,2850,10,12,-75,a,0,0,0,0,0,0,0,0,0,0,0,0,0,75.95393340703298
1061,a,a,N,2070,14,-23,-65,a,0,0,0,0,0,0,0,0,0,0,0,0,1,68.9492567037528
1062,a,a,N,4720,26,73,-35,a,0,0,0,0,0,0,0,0,0,0,0,0,0,80.95677859203639
1063,a,a,N,1070,10,-64,-75,a,0,0,0,0,0,0,0,0,0,0,0,0,1,98.59513172565875
1064,a,a,N,3110,23,6,-42,a,0,0,0,0,0,0,0,0,0,0,0,0,0,42.42640687119285
1065,a,a,N,3100,22,4,-45,a,0,0,0,0,0,0,0,0,0,0,0,0,0,45.17742799230607
1066,a,a,N,3130,25,6,-38,a,0,0,0,0,0,0,0,0,0,0,0,0,0,38.47076812334269
1067,a,a,N,2890,28,2,-30,a,0,0,0,0,0,0,0,0,0,0,0,0,0,30.066592756745816
1068,a,a,N,2870,21,-2,-48,a,0,0,0,0,0,0,0,0,0,0,0,0,1,48.041648597857254
1069,a,a,N,3090,18,5,-55,a,0,0,0,0,0,0,0,0,0,0,0,0,0,55.226805085936306
1070,a,a,N,3510,19,22,-52,a,0,0,0,0,0,0,0,0,0,0,0,0,0,56.462376853972415
1071,a,a,N,2970,19,0,-52,a,0,0,0,0,0,0,0,0,0,0,0,0,0,52.0
1072,a,a,N,4290,45,41,12,a,0,0,0,0,0,0,0,0,0,0,0,1,0,42.720018726587654
1073,a,a,N,2510,17,-16,-58,a,0,0,0,0,0,0,0,0,0,0,0,0,1,60.166435825965294
1074,a,a,N,2920,20,-7,-50,a,0,0,0,0,0,0,0,0,0,0,0,0,1,50.48762224545735
1075,a,a,N,6150,25,97,-38,a,0,0,0,0,0,0,0,0,0,0,0,0,0,104.17773274553444
1076,a,a,N,3600,20,5,-50,a,0,0,0,0,0,0,0,0,0,0,0,0,0,50.24937810560445
1077,a,a,N,1980,18,-43,-55,a,0,0,0,0,0,0,0,0,0,0,0,0,1,69.81403870282824
1078,a,a,N,3210,13,-5,-68,a,0,0,0,0,0,0,0,0,0,0,0,0,1,68.18357573492314
1079,a,a,N,4190,25,22,-38,a,0,0,0,0,0,0,0,0,0,0,0,0,0,43.9089968002003
1080,a,a,N,560,7,-84,-82,a,0,0,0,0,0,0,0,0,0,0,0,0,1,117.38824472663352
1081,a,a,N,1100,6,-66,-85,a,0,0,0,0,0,0,0,0,0,0,0,0,1,107.61505470890214
1082,a,a,N,3180,11,4,-72,a,0,0,0,0,0,0,0,0,0,0,0,0,0,72.11102550927978
1083,a,a,N,4350,22,48,-45,a,0,0,0,0,0,0,0,0,0,0,0,0,0,65.79513659838392
1084,a,a,N,5090,35,63,-12,a,0,0,0,0,0,0,0,0,0,0,0,0,0,64.13267497929586
1085,a,a,N,2440,16,-27,-60,a,0,0,0,0,0,0,0,0,0,0,0,0,1,65.79513659838392
1086,a,a,N,950,46,-68,15,a,0,0,0,0,0,0,0,0,0,0,0,0,0,69.63476143421474
1087,a,a,N,2440,63,-10,58,a,0,0,0,0,0,0,0,0,0,0,0,0,0,58.855755878248644
1088,a,a,N,1820,55,-34,38,a,0,0,0,0,0,0,0,0,0,0,0,0,0,50.99019513592785
1089,a,a,N,1650,46,-37,15,a,0,0,0,0,0,0,0,0,0,0,0,0,0,39.92492955535426
1090,a,a,N,4310,66,83,65,a,0,0,0,0,0,0,0,0,0,0,0,1,0,105.4229576515476
1091,a,a,N,4200,74,54,85,a,0,0,0,0,0,0,0,0,0,0,0,1,0,100.70253224224304
1092,a,b,N,7130,105,134,142,b,0,0,0,0,0,0,0,0,0,0,0,1,0,195.2434377898525
1093,a,b,N,5630,98,64,86,a,0,0,0,0,0,0,0,0,0,0,0,1,0,107.20074626605917
1094,a,b,N,5660,118,59,95,a,0,0,0,0,0,0,0,0,0,0,0,1,0,111.83022847155415
1095,a,b,N,7190,123,98,79,b,0,0,0,0,0,0,0,0,0,0,0,1,0,125.87692401707312
1096,a,b,N,6220,111,52,40,b,0,0,0,0,0,0,0,0,0,0,0,1,0,65.60487786742691
1097,a,b,N,4030,127,-13,48,b,0,0,0,0,0,0,0,0,0,0,0,0,0,49.72926703662542
1098,a,b,N,8670,151,-25,-58,a,0,0,0,0,0,0,0,0,0,0,0,0,1,63.15853069855251
1099,a,b,N,7510,169,-35,-53,a,0,0,0,0,0,0,0,0,0,0,0,0,1,63.51377803280167
1100,a,b,N,3110,164,-73,-54,a,0,0,0,0,0,0,0,0,0,0,0,0,1,90.80198235721508
1101,a,b,N,5550,168,-52,-53,a,0,0,0,0,0,0,0,0,0,0,0,0,1,74.24957912338628
1102,a,b,N,7560,133,-34,-47,a,1,0,1,0,0,0,0,0,4000,4000,0,0,1,58.008620049092706
1103,a,a,N,3610,154,-67,-55,a,0,0,0,0,0,0,0,0,0,0,0,0,1,86.68333173107735
1104,a,a,N,4490,177,-60,-49,a,0,0,0,0,0,0,0,0,0,0,0,0,1,77.46612162745726
1105,a,a,N,3100,184,-72,-47,a,0,0,0,0,0,0,0,0,0,0,0,0,1,85.98255637046388
1106,a,a,W,18470,525,-46,-41,a,0,0,0,0,0,0,0,0,0,0,0,0,1,61.61980201201558
1107,a,a,W,17220,529,-50,-41,a,0,0,0,0,0,0,0,0,0,0,0,0,1,64.66065264130884
1108,a,a,W,25010,524,-27,-41,a,0,0,0,0,0,0,0,0,0,0,0,0,1,49.09175083453431
1109,a,a,W,17540,252,-23,-48,a,0,0,0,0,0,0,0,0,0,0,0,0,1,53.225933528685054
1110,a,a,W,15170,414,-56,-54,a,0,0,0,0,0,0,0,0,0,0,0,0,1,77.79460135510689
1111,a,a,W,79240,1381,124,47,a,0,0,0,0,0,0,0,0,0,0,1,1,0,132.60844618650805
1112,a,a,W,103380,2701,193,187,a,1,0,0,0,1,0,0,0,200000,200000,0,1,0,268.73406929527937
1113,a,a,W,38230,835,61,63,a,0,0,0,0,0,0,0,0,0,0,0,1,0,87.69264507357501
1114,a,a,W,43380,693,83,36,a,0,0,0,0,0,0,0,0,0,0,0,1,0,90.47098982546837
1115,a,a,W,26450,529,12,3,a,0,0,0,0,0,0,0,0,0,0,0,1,0,12.36931687685298
1116,a,a,W,27450,512,16,0,a,1,1,0,0,0,0,0,0,300,300,0,0,0,16.0
1117,a,a,W,25750,494,9,-3,a,0,0,0,0,0,0,0,0,0,0,0,0,0,9.486832980505138
1118,a,a,W,23310,242,-2,-53,a,1,1,0,0,0,0,0,0,700,700,0,0,1,53.03772242470448
1119,b,a,W,26170,388,23,-19,a,0,0,0,0,0,0,0,0,0,0,0,0,0,29.832867780352597
1120,b,a,W,42450,429,99,-10,a,0,0,0,0,0,0,0,0,0,0,0,0,0,99.50376877284599
1121,b,a,W,63560,317,198,-33,a,0,0,0,0,0,0,0,0,0,0,0,0,0,200.73116349984124
1122,b,a,W,58720,513,175,8,a,0,0,0,0,0,0,0,0,0,0,0,1,0,175.18276170902203
1123,b,a,W,31010,512,45,7,a,0,0,0,0,0,0,0,0,0,0,0,1,0,45.5411901469428
1124,b,a,W,31450,286,47,-40,a,0,0,0,0,0,0,0,0,0,0,0,0,0,61.71709649683789
1125,b,a,W,31310,504,47,6,a,0,0,0,0,0,0,0,0,0,0,0,1,0,47.38143096192854
1126,b,a,W,27020,294,334,-5,b,0,0,0,0,0,0,0,0,0,0,0,0,0,334.0374230531663
1127,a,a,N,10160,278,-5,15,a,0,0,0,0,0,0,0,0,0,0,0,0,0,15.811388300841896
1128,a,a,N,18820,299,75,24,a,1,0,1,0,0,0,0,0,4000,4000,0,1,0,78.74642849044012
1129,a,a,N,13780,289,28,20,a,0,0,0,0,0,0,0,0,0,0,0,1,0,34.40930106817051
1130,a,a,W,14080,172,-38,-65,a,0,0,0,0,0,0,0,0,0,0,0,0,1,75.29276193632427
1131,a,a,W,11690,235,-48,-52,a,0,0,0,0,0,0,0,0,0,0,0,0,1,70.76722405181653
1132,a,a,W,33500,231,48,-53,a,0,0,0,0,0,0,0,0,0,0,0,0,0,71.50524456289902
1133,a,a,W,58190,419,158,-14,a,0,0,0,0,0,0,0,0,0,0,0,0,0,158.61904047118682
1134,a,a,W,31390,362,39,-26,a,0,0,0,0,0,0,0,0,0,0,0,0,0,46.87216658103186
1135,a,b,W,25850,476,1,-6,a,0,0,0,0,0,0,0,0,0,0,0,0,0,6.082762530298219
1136,a,b,W,23040,392,-10,-22,a,0,0,0,0,0,0,0,0,0,0,0,0,1,24.166091947189145
1137,a,b,W,15300,295,-40,-41,a,0,0,0,0,0,0,0,0,0,0,0,0,1,57.28001396647874
1138,a,b,W,14050,228,-45,-55,a,0,0,0,0,0,0,0,0,0,0,0,0,1,71.06335201775947
1139,a,b,W,9450,209,-63,-59,a,0,0,0,0,0,0,0,0,0,0,0,0,1,86.31338250816034
1140,a,b,W,36250,361,42,-28,a,0,0,0,0,0,0,0,0,0,0,0,0,0,50.47771785649585
1141,a,b,W,24570,327,-4,-35,a,0,0,0,0,0,0,0,0,0,0,0,0,1,35.22782990761707
1142,a,b,W,26860,319,5,-37,a,0,0,0,0,0,0,0,0,0,0,0,0,0,37.33630940518894
1143,a,b,W,16000,313,-38,-36,a,0,0,0,0,0,0,0,0,0,0,0,0,1,52.3450093132096
1144,a,b,W,21860,196,-16,-60,a,0,0,0,0,0,0,0,0,0,0,0,0,1,62.0966987850401
1145,a,b,W,12900,201,-50,-59,a,0,0,0,0,0,0,0,0,0,0,0,0,1,77.33692520394123
1146,a,b,W,27590,314,6,-35,a,0,0,0,0,0,0,0,0,0,0,0,0,0,35.510561809129406
1147,a,b,W,15010,368,-42,-24,a,1,1,0,0,0,0,0,0,800,800,0,0,1,48.373546489791295
1148,a,b,W,9970,323,-62,-33,a,0,0,0,0,0,0,0,0,0,0,0,0,1,70.2353187506115
1149,a,b,W,18970,301,-27,-38,a,1,0,1,0,0,0,0,0,1000,1000,0,0,1,46.61544808322666
1150,a,b,W,13000,311,-50,-36,a,0,0,0,0,0,0,0,0,0,0,0,0,1,61.61168720299745
1151,a,b,N,14970,409,39,69,a,0,0,0,0,0,0,0,0,0,0,0,1,0,79.25906888173743
1152,a,b,N,14390,329,34,36,a,0,0,0,0,0,0,0,0,0,0,0,1,0,49.51767361255979
1153,a,b,N,6790,238,-37,-2,a,0,0,0,0,0,0,0,0,0,0,0,0,1,37.05401462729781
1154,a,b,W,38430,406,54,-10,a,0,0,0,0,0,0,0,0,0,0,0,0,0,54.91812087098393
1155,a,b,W,29380,381,18,-15,a,0,0,0,0,0,0,0,0,0,0,0,0,0,23.430749027719962
1156,a,b,W,35720,306,43,-32,a,0,0,0,0,0,0,0,0,0,0,0,0,0,53.600373133029585
1157,a,b,W,22990,395,-8,-12,a,0,0,0,0,0,0,0,0,0,0,0,0,1,14.422205101855956
1158,a,b,W,15190,367,-39,-18,a,0,0,0,0,0,0,0,0,0,0,0,0,1,42.95346318982906
1159,a,b,W,34750,368,36,-17,a,0,0,0,0,0,0,0,0,0,0,0,0,0,39.81205847478876
1160,a,b,W,84880,807,233,82,a,1,1,0,0,0,0,0,0,800,800,0,1,0,247.00809703327542
1161,a,b,W,45560,591,79,33,a,0,0,0,0,0,0,0,0,0,0,0,1,0,85.61541917201598
1162,a,b,W,36940,439,45,-1,a,0,0,0,0,0,0,0,0,0,0,0,0,0,45.0111097397076
1163,a,b,W,28960,444,14,0,a,1,1,0,0,0,0,0,0,300,300,0,0,0,14.0
1164,a,b,W,22260,493,-13,11,a,1,1,0,0,0,0,0,0,900,900,0,0,0,17.029386365926403
1165,a,b,W,14370,338,-44,-24,a,1,1,0,0,0,0,0,0,400,400,0,0,1,50.11985634456667
1166,a,b,W,16480,401,-35,-10,a,0,0,0,0,0,0,0,0,0,0,0,0,1,36.40054944640259
1167,a,b,N,14300,275,33,14,a,0,0,0,0,0,0,0,0,0,0,0,1,0,35.84689665786984
1168,a,b,N,12280,290,14,20,a,0,0,0,0,0,0,0,0,0,0,0,1,0,24.413111231467404
1169,a,b,N,11140,295,4,22,a,0,0,0,0,0,0,0,0,0,0,0,1,0,22.360679774997898
1170,a,b,N,4500,207,-58,-14,a,0,0,0,0,0,0,0,0,0,0,0,0,1,59.665735560705194
1171,a,b,N,7400,206,-31,-15,a,0,0,0,0,0,0,0,0,0,0,0,0,1,34.438350715445125
1172,a,b,N,9380,234,-13,-3,a,0,0,0,0,0,0,0,0,0,0,0,0,1,13.341664064126334
1173,a,b,N,11550,204,8,-16,a,1,1,0,0,0,0,0,0,600,600,0,0,0,17.88854381999832
1174,a,b,N,10070,243,-6,0,a,0,0,0,0,0,0,0,0,0,0,0,0,0,6.0
1175,a,b,N,5940,182,-41,-21,a,0,0,0,0,0,0,0,0,0,0,0,0,1,46.06517122512408
1176,a,b,N,7860,165,-21,-28,a,0,0,0,0,0,0,0,0,0,0,0,0,1,35.0
1177,a,b,N,5420,163,-46,-29,a,0,0,0,0,0,0,0,0,0,0,0,0,1,54.378304497290095
1178,a,b,N,7440,130,-26,-43,a,0,0,0,0,0,0,0,0,0,0,0,0,1,50.24937810560445
1179,a,b,N,8550,205,-15,-11,a,0,0,0,0,0,0,0,0,0,0,0,0,1,18.601075237738275
1180,a,b,N,11150,201,11,-12,a,0,0,0,0,0,0,0,0,0,0,0,0,0,16.278820596099706
1181,a,b,N,6510,187,-35,-19,a,0,0,0,0,0,0,0,0,0,0,0,0,1,39.824615503479755
1182,a,b,N,5000,163,-50,-29,a,0,0,0,0,0,0,0,0,0,0,0,0,1,57.8013840664737
1183,a,b,N,6550,163,-33,-29,a,0,0,0,0,0,0,0,0,0,0,0,0,1,43.93176527297759
1184,a,b,N,5880,175,-40,-24,a,0,0,0,0,0,0,0,0,0,0,0,0,1,46.647615158762406
1185,a,b,N,8290,229,-15,0,a,0,0,0,0,0,0,0,0,0,0,0,0,0,15.0
1186,a,b,N,6790,194,-30,-15,a,0,0,0,0,0,0,0,0,0,0,0,0,1,33.54101966249684
1187,a,b,N,7170,170,-27,-26,a,0,0,0,0,0,0,0,0,0,0,0,0,1,37.48332962798263
1188,a,b,N,8780,226,-10,-1,a,0,0,0,0,0,0,0,0,0,0,0,0,1,10.04987562112089
1189,a,b,W,16980,451,-30,-38,a,0,0,0,0,0,0,0,0,0,0,0,0,1,48.41487374764082
1190,a,b,W,21910,695,-10,-4,a,1,1,0,0,0,0,0,0,300,300,0,0,1,10.770329614269007
1191,a,b,W,28130,304,15,-28,a,1,0,1,0,0,0,0,0,6000,6000,0,0,0,31.76476034853718
1192,a,b,W,28210,618,15,47,a,0,0,0,0,0,0,0,0,0,0,0,1,0,49.33558553417604
1193,a,b,W,21060,242,-14,-42,a,0,0,0,0,0,0,0,0,0,0,1,0,1,44.27188724235731
1194,a,b,W,22130,390,-10,-7,a,2,1,0,1,0,0,0,0,30300,30000,0,0,1,12.206555615733702
1195,a,b,N,9860,324,7,46,a,0,0,0,0,0,0,0,0,0,0,0,1,0,46.52956049652737
1196,a,b,W,18830,201,-23,-52,a,0,0,0,0,0,0,0,0,0,0,0,0,1,56.859475903318
1197,a,b,W,34360,604,40,44,a,0,0,0,0,0,0,0,0,0,0,0,1,0,59.464274989274024
1198,a,b,N,15640,517,67,72,a,0,0,0,0,0,0,0,0,0,0,0,1,0,98.35141076771599
1199,b,b,N,19760,445,114,101,a,0,0,0,0,0,0,0,0,0,0,0,1,0,152.3056138164316
1200,b,b,N,11660,330,26,49,a,0,0,0,0,0,0,0,0,0,0,0,1,0,55.47071299343465
1201,b,b,W,17390,278,-31,-32,a,1,1,0,0,0,0,0,0,600,600,0,0,1,44.553338819890925
1202,b,b,W,41300,336,64,-17,a,1,0,1,0,0,0,0,0,4000,4000,0,0,0,66.21933252457322
1203,b,b,W,26880,317,6,-22,a,0,0,0,0,0,0,0,0,0,0,0,0,0,22.80350850198276
1204,b,b,W,30820,389,22,-4,a,0,0,0,0,0,0,0,0,0,0,0,0,0,22.360679774997898
1205,b,b,W,20610,274,-18,-33,a,0,0,0,0,0,0,0,0,0,0,0,0,1,37.589892258425
1206,b,b,W,47470,466,88,14,a,0,0,0,0,0,0,0,0,0,0,0,1,0,89.10667763978185
1207,b,a,W,49510,521,89,27,a,0,0,0,0,0,0,0,0,0,0,1,1,0,93.00537618869137
1208,b,a,W,87260,2457,275,258,a,1,0,0,1,0,0,0,0,80000,80000,0,1,0,377.07956720034565
1209,b,a,W,30060,1135,29,66,a,0,0,0,0,0,0,0,0,0,0,0,1,0,72.09022125087424
1210,b,a,N,23670,721,153,140,a,1,1,0,0,0,0,0,0,300,300,0,1,0,207.38611332488009
1211,b,a,N,15600,548,67,83,a,0,0,0,0,0,0,0,0,0,0,0,1,0,106.66770832824712
1212,b,a,W,13520,528,-42,-23,a,0,0,0,0,0,0,0,0,0,0,0,0,1,47.885279575251516
1213,b,a,W,16590,324,61,17,a,1,1,0,0,0,0,0,0,300,300,0,1,0,63.324560795950255
1214,b,a,W,10000,208,-62,-49,a,1,1,0,0,0,0,0,0,500,500,0,0,1,79.02531240052139
1215,b,a,W,19140,545,-10,-12,a,0,0,0,0,0,0,0,0,0,0,0,0,1,15.620499351813308
1216,b,a,W,34020,858,60,38,a,0,0,0,0,0,0,0,0,0,0,0,1,0,71.02112361825881
1217,b,a,W,25400,810,19,31,a,0,0,0,0,0,0,0,0,0,0,0,1,0,36.359317925395686
1218,b,a,W,19910,373,-24,-2,a,1,0,1,0,0,0,0,0,5000,5000,0,0,1,24.08318915758459
1219,b,a,W,15770,549,-26,-12,a,0,0,0,0,0,0,0,0,0,0,0,0,1,28.635642126552707
1220,b,a,W,19860,300,-24,-21,a,0,0,0,0,0,0,0,0,0,0,0,0,1,31.89043743820395
1221,b,a,W,35130,859,65,38,a,0,0,0,0,0,0,0,0,0,0,0,1,0,75.29276193632427
1222,b,a,W,26630,785,25,27,a,0,0,0,0,0,0,0,0,0,0,0,1,0,36.796738985948195
1223,b,a,N,15280,521,63,74,a,0,0,0,0,0,0,0,0,0,0,0,1,0,97.18538984847466
1224,b,a,N,10820,524,16,75,a,0,0,0,0,0,0,0,0,0,0,0,1,0,76.68767828015137
1225,b,a,N,7170,278,-23,-7,a,0,0,0,0,0,0,0,0,0,0,0,0,1,24.041630560342615
1226,b,a,W,14930,244,-46,-42,a,0,0,0,0,0,0,0,0,0,0,0,0,1,62.289646009589745
1227,b,a,W,20670,376,-25,-10,a,0,0,0,0,0,0,0,0,0,0,0,0,1,26.92582403567252
1228,b,a,W,17360,380,-37,-9,a,0,0,0,0,0,0,0,0,0,0,0,0,1,38.07886552931954
1229,b,a,W,12840,350,157,40,a,0,0,0,0,0,0,0,0,0,0,0,1,0,162.0154313638056
1230,b,a,W,28010,693,23,3,a,0,0,0,0,0,0,0,0,0,0,0,1,0,23.194827009486403
1231,b,a,N,17620,557,91,151,a,1,1,0,0,0,0,0,0,300,300,0,1,0,176.30087918101827
1232,b,a,W,12950,428,-38,-31,a,0,0,0,0,0,0,0,0,0,0,0,0,1,49.040799340956916
1233,b,a,W,17320,586,-17,-6,a,0,0,0,0,0,0,0,0,0,0,0,0,1,18.027756377319946
1234,b,a,W,28610,330,12,-15,a,2,1,1,0,0,0,0,0,6900,6000,0,0,0,19.209372712298546
1235,b,a,W,16170,414,-37,6,a,0,0,0,0,0,0,0,0,0,0,0,0,0,37.48332962798263
1236,b,a,W,15600,274,-39,-30,a,0,0,0,0,0,0,0,0,0,0,0,0,1,49.20365840057018
1237,b,a,W,52360,1004,150,61,a,0,0,0,0,0,0,0,0,0,0,0,1,0,161.92899678562824
1238,b,a,W,44960,1172,115,88,a,1,1,0,0,0,0,0,0,200,200,0,1,0,144.80676779764127
1239,a,a,W,18580,753,-7,25,a,0,0,0,0,0,0,0,0,0,0,0,0,0,25.96150997149434
1240,a,a,N,12240,452,33,104,a,0,0,0,0,0,0,0,0,0,0,0,1,0,109.11003620199197
1241,a,a,W,16840,318,-28,-17,a,0,0,0,0,0,0,0,0,0,0,0,0,1,32.7566787083184
1242,a,a,W,15820,382,-32,0,a,0,0,0,0,0,0,0,0,0,0,0,0,0,32.0
1243,a,a,W,17690,284,-24,-26,a,1,1,0,0,0,0,0,0,300,300,0,0,1,35.38361202590826
1244,a,a,W,15380,251,-34,-34,a,0,0,0,0,0,0,0,0,0,0,0,0,1,48.08326112068523
1245,a,a,N,9540,339,3,53,a,0,0,0,0,0,0,0,0,0,0,0,1,0,53.08483775994799
1246,a,a,N,18040,317,95,43,a,0,0,0,0,0,0,0,0,0,0,0,1,0,104.27847332982968
1247,a,a,N,8100,300,-12,35,a,0,0,0,0,0,0,0,0,0,0,0,0,0,37.0
1248,a,a,N,8690,262,-6,18,a,0,0,0,0,0,0,0,0,0,0,0,0,0,18.973665961010276
1249,a,a,N,7120,227,-23,2,a,0,0,0,0,0,0,0,0,0,0,0,0,0,23.08679276123039
1250,a,a,N,8380,234,-9,6,a,0,0,0,0,0,0,0,0,0,0,0,0,0,10.816653826391969
1251,a,a,N,5280,232,-43,5,a,0,0,0,0,0,0,0,0,0,0,0,0,0,43.289721643826724
1252,a,a,N,6260,268,-33,-11,a,0,0,0,0,0,0,0,0,0,0,0,0,1,34.785054261852174
1253,a,a,N,6170,187,-33,-16,a,0,0,0,0,0,0,0,0,0,0,0,0,1,36.6742416417845
1254,a,a,N,5510,157,-40,-29,a,0,0,0,0,0,0,0,0,0,0,0,0,1,49.4064773081425
1255,a,a,N,5780,163,-36,-25,a,0,0,0,0,0,0,0,0,0,0,0,0,1,43.829214001622255
1256,a,a,N,6390,138,-29,-36,a,0,0,0,0,0,0,0,0,0,0,0,0,1,46.22769732530488
1257,a,a,N,7340,213,-19,-28,a,0,0,0,0,0,0,0,0,0,0,0,0,1,33.83784863137726
1258,a,a,N,17730,134,97,-38,a,0,0,0,0,0,0,0,0,0,0,0,0,0,104.17773274553444
1259,a,a,N,650,80,-82,-28,a,0,0,0,0,0,0,0,0,0,0,0,0,1,86.64871608973787
1260,a,a,N,1400,58,-62,-47,a,0,0,0,0,0,0,0,0,0,0,0,0,1,77.80102827083971
1261,a,a,N,2390,50,-73,-77,a,0,0,0,0,0,0,0,0,0,0,0,0,1,106.10372283760829
1262,a,a,N,5760,65,-36,-70,a,0,0,0,0,0,0,0,0,0,0,0,0,1,78.71467461661771
1263,a,a,N,1910,87,-48,-20,a,0,0,0,0,0,0,0,0,0,0,0,0,1,52.0
1264,a,a,N,6220,76,-26,-65,a,0,0,0,0,0,0,0,0,0,0,0,0,1,70.00714249274856
1265,a,a,N,2770,45,-67,-79,a,0,0,0,0,0,0,0,0,0,0,0,0,1,103.58571330062848
1266,a,a,N,2940,65,-20,-40,a,0,0,0,0,0,0,0,0,0,0,0,0,1,44.721359549995796
1267,a,a,N,2960,91,-19,-16,a,0,0,0,0,0,0,0,0,0,0,0,0,1,24.839484696748443
1268,a,a,N,3990,231,66,98,a,0,0,0,0,0,0,0,0,0,0,0,1,0,118.15244390193544
1269,a,a,N,2840,115,18,-1,a,0,0,0,0,0,0,0,0,0,0,0,0,0,18.027756377319946
1270,a,a,N,5900,63,-30,-71,a,1,0,1,0,0,0,0,0,2000,2000,0,0,1,77.07788269017254
1271,a,a,N,6980,37,-10,-81,a,1,1,0,0,0,0,0,0,300,300,0,0,1,81.61494961096282
1272,a,a,N,3540,186,62,74,a,0,0,0,0,0,0,0,0,0,0,0,1,0,96.54014708917737
1273,a,a,W,10360,131,76,-49,a,0,0,0,0,0,0,0,0,0,0,0,0,0,90.4267659490264
1274,a,a,W,8820,243,50,-5,a,0,0,0,0,0,0,0,0,0,0,0,0,0,50.24937810560445
1275,a,a,W,2880,92,-74,-67,a,1,0,1,0,0,0,0,0,2000,2000,0,0,1,99.82484660644363
1276,a,a,W,15470,286,163,12,a,0,0,0,0,0,0,0,0,0,0,0,1,0,163.44112089679268
1277,a,a,W,15120,166,-35,-58,a,1,0,1,0,0,0,0,0,3000,3000,0,0,1,67.7421582177598
1278,a,a,W,14140,200,-39,-50,a,0,0,0,0,0,0,0,0,0,0,0,0,1,63.41135544995076
1279,a,a,W,8180,136,-64,-66,a,0,0,0,0,0,0,0,0,0,0,0,0,1,91.93475947648963
1280,a,a,W,16360,149,-28,-63,a,1,1,0,0,0,0,0,0,800,800,0,0,1,68.94200461257273
1281,a,a,W,8450,121,-63,-70,a,0,0,0,0,0,0,0,0,0,0,0,0,1,94.17536832951598
1282,a,a,W,7090,124,-69,-69,a,0,0,0,0,0,0,0,0,0,0,0,0,1,97.58073580374356
1283,a,a,W,15160,180,-33,-55,a,1,1,0,0,0,0,0,0,500,500,0,0,1,64.1404708432983
1284,a,a,W,22140,190,-2,-53,a,1,0,1,0,0,0,0,0,2000,2000,0,0,1,53.03772242470448
1285,a,a,W,17710,191,-22,-52,a,0,0,0,0,0,0,0,0,0,0,0,0,1,56.462376853972415
1286,a,a,W,16430,213,-27,-47,a,1,0,1,0,0,0,0,0,6000,6000,0,0,1,54.20332093147061
1287,a,a,W,38820,647,259,137,a,0,0,0,0,0,0,0,0,0,0,0,1,0,293.00170647967224
1288,a,a,W,27540,291,28,-24,a,0,0,0,0,0,0,0,0,0,0,0,0,0,36.87817782917155
1289,a,a,W,21280,217,-1,-43,a,0,0,0,0,0,0,0,0,0,0,0,0,1,43.01162633521314
1290,a,a,W,11570,166,-46,-56,a,0,0,0,0,0,0,0,0,0,0,0,0,1,72.47068372797375
1291,a,a,W,12350,296,101,21,a,0,0,0,0,0,0,0,0,0,0,0,1,0,103.16006979447037
1292,a,a,W,18850,215,-13,-43,a,0,0,0,0,0,0,0,0,0,0,0,0,1,44.9221548904324
1293,a,a,N,14000,160,81,-20,a,0,0,0,0,0,0,0,0,0,0,0,0,0,83.43260753446461
1294,a,a,N,12470,124,61,-38,a,0,0,0,0,0,0,0,0,0,0,0,0,0,71.8679344353238
1295,a,a,W,7100,227,-37,-19,a,0,0,0,0,0,0,0,0,0,0,0,0,1,41.593268686170845
1296,a,a,W,6020,129,-71,-64,a,0,0,0,0,0,0,0,0,0,0,0,0,1,95.58765610684259
1297,a,a,W,17800,436,58,56,a,0,0,0,0,0,0,0,0,0,0,0,1,0,80.62257748298549
1298,a,a,W,20500,717,82,157,a,0,0,0,0,0,0,0,0,0,0,0,1,0,177.12425017484196
1299,a,a,W,23210,264,12,-27,a,1,1,0,0,0,0,0,0,900,900,0,0,0,29.546573405388315
1300,a,a,W,14070,504,25,81,a,0,0,0,0,0,0,0,0,0,0,0,1,0,84.77027781009096
1301,a,a,W,24100,197,16,-45,a,0,0,0,0,0,0,0,0,0,0,0,0,0,47.75981574503821
1302,a,a,W,15380,418,37,50,a,0,0,0,0,0,0,0,0,0,0,0,1,0,62.20128616033595
1303,a,a,W,33560,590,194,111,a,0,0,0,0,0,0,0,0,0,0,0,1,0,223.5106261456041
1304,a,a,W,38560,741,237,166,a,1,0,1,0,0,0,0,0,7000,7000,0,1,0,289.35272592460575
1305,a,a,W,11440,505,0,81,a,0,0,0,0,0,0,0,0,0,0,0,0,0,81.0
1306,a,a,W,11720,178,-39,-47,a,1,1,0,0,0,0,0,0,700,700,0,0,1,61.07372593840988
1307,a,a,W,12740,203,-33,-39,a,0,0,0,0,0,0,0,0,0,0,0,0,1,51.088159097779204
1308,a,a,W,19820,527,73,89,a,0,0,0,0,0,0,0,0,0,0,0,1,0,115.10864433221339
1309,a,a,W,12400,402,9,44,a,0,0,0,0,0,0,0,0,0,0,0,1,0,44.91102314577124
1310,a,a,W,22900,332,20,-1,a,0,0,0,0,0,0,0,0,0,0,0,0,0,20.024984394500787
1311,a,b,W,11320,472,-6,56,b,0,0,0,0,0,0,0,0,0,0,0,0,0,56.32051136131489
1312,a,b,W,14770,241,-19,-24,a,0,0,0,0,0,0,0,0,0,0,0,0,1,30.610455730027933
1313,a,b,W,18170,408,50,35,b,0,0,0,0,0,0,0,0,0,0,0,1,0,61.032778078668514
1314,a,b,W,19300,509,60,69,b,0,0,0,0,0,0,0,0,0,0,0,1,0,91.43850392476902
1315,a,b,W,16640,407,38,35,b,0,0,0,0,0,0,0,0,0,0,0,1,0,51.66236541235796
1316,a,b,W,12370,346,2,15,b,0,0,0,0,0,0,0,0,0,0,0,1,0,15.132745950421556
1317,a,b,W,20720,284,13,-11,a,0,0,0,0,0,0,0,0,0,0,0,0,0,17.029386365926403
1318,a,b,W,12430,187,-32,-41,a,0,0,0,0,0,0,0,0,0,0,0,0,1,52.009614495783374
1319,a,b,W,6360,274,-51,-16,b,0,0,0,0,0,0,0,0,0,0,0,0,1,53.45091205957107
1320,a,b,W,7600,246,-42,-25,b,0,0,0,0,0,0,0,0,0,0,0,0,1,48.877397639399746
1321,a,b,W,8690,251,-34,-23,b,0,0,0,0,0,0,0,0,0,0,0,0,1,41.048751503547585
1322,a,b,W,10980,327,-16,0,b,0,0,0,0,0,0,0,0,0,0,0,0,0,16.0
1323,a,b,W,16110,402,23,23,b,0,0,0,0,0,0,0,0,0,0,0,1,0,32.526911934581186
1324,a,b,W,38880,689,197,110,b,1,0,1,0,0,0,0,0,2000,2000,0,1,0,225.63022847127553
1325,a,b,W,36230,822,177,151,b,1,0,1,0,0,0,0,0,8000,8000,0,1,0,232.65854809140367
1326,a,b,W,23800,540,82,65,b,0,0,0,0,0,0,0,0,0,0,0,1,0,104.63746938836012
1327,a,b,W,17590,500,36,53,b,0,0,0,0,0,0,0,0,0,0,0,1,0,64.07027391856539
1328,a,b,W,19810,209,21,-22,a,0,0,0,0,0,0,0,0,0,0,0,0,0,30.4138126514911
1329,a,b,W,12800,213,-22,-20,a,0,0,0,0,0,0,0,0,0,0,0,0,1,29.732137494637012
1330,a,b,W,26350,569,104,75,b,0,0,0,0,0,0,0,0,0,0,0,1,0,128.22246293064254
1331,a,b,W,25850,595,100,83,b,0,0,0,0,0,0,0,0,0,0,0,1,0,129.9576854210631
1332,a,b,W,24840,609,92,87,b,0,0,0,0,0,0,0,0,0,0,0,1,0,126.62148316932637
1333,a,b,W,19340,218,18,-19,a,1,0,1,0,0,0,0,0,3000,3000,0,0,0,26.1725046566048
1334,a,b,W,29060,660,125,103,b,1,1,0,0,0,0,0,0,300,300,0,1,0,161.96913286178943
1335,a,b,W,39970,831,196,147,b,0,0,0,0,0,0,0,0,0,0,0,1,0,245.0
1336,a,b,W,28920,659,114,96,b,0,0,0,0,0,0,0,0,0,0,0,1,0,149.03690818049066
1337,a,b,W,21860,283,39,14,a,1,0,1,0,0,0,0,0,4000,4000,0,1,0,41.43669871020132
1338,a,b,W,15180,196,-3,-21,a,0,0,0,0,0,0,0,0,0,0,0,0,1,21.213203435596427
1339,a,b,W,10150,326,-25,-3,b,0,0,0,0,0,0,0,0,0,0,0,0,1,25.179356624028344
1340,a,b,W,8260,343,-39,2,b,0,0,0,0,0,0,0,0,0,0,0,0,0,39.05124837953327
1341,a,b,W,27670,305,283,53,a,0,0,0,0,0,0,0,0,0,0,0,1,0,287.9201278132531
1342,a,b,W,32730,1209,353,506,b,0,0,0,0,0,0,0,0,0,0,0,1,0,616.9643425677046
1343,a,b,W,11090,639,54,249,a,0,0,0,0,0,0,0,0,0,0,0,1,0,254.78814729103863
1344,a,b,W,15740,278,8,-24,b,1,0,1,0,0,0,0,0,3000,3000,0,0,0,25.298221281347036
1345,a,b,W,10730,233,-26,-36,b,0,0,0,0,0,0,0,0,0,0,0,0,1,44.40720662234904
1346,a,b,W,26740,583,83,60,b,2,2,0,0,0,0,0,0,1400,800,0,1,0,102.41581909060729
1347,a,b,W,26960,514,85,41,b,0,0,0,0,0,0,0,0,0,0,0,1,0,94.37160589923221
1348,a,b,W,16540,213,2,-11,a,0,0,0,0,0,0,0,0,0,0,0,0,0,11.180339887498949
1349,a,b,W,13550,358,-7,-2,b,0,0,0,0,0,0,0,0,0,0,0,0,1,7.280109889280518
1350,a,b,W,23820,525,63,44,b,0,0,0,0,0,0,0,0,0,0,0,1,0,76.84399781375251
1351,a,b,W,21000,483,40,28,b,1,1,0,0,0,0,0,0,200,200,0,1,0,48.82622246293481
1352,a,b,W,31340,726,109,92,b,2,1,1,0,0,0,0,0,9500,9000,0,1,0,142.63590010933433
1353,a,b,W,22830,608,53,61,b,0,0,0,0,0,0,0,0,0,0,0,1,0,80.8084154033477
1354,a,b,W,25080,244,62,12,a,2,1,1,0,0,0,0,0,9500,9000,0,1,0,63.150613615387776
1355,a,b,W,12980,436,-13,16,b,0,0,0,0,0,0,0,0,0,0,0,0,0,20.615528128088304
1356,a,b,W,10270,306,-31,-19,b,0,0,0,0,0,0,0,0,0,0,0,0,1,36.359317925395686
1357,a,b,W,20910,546,179,233,b,0,0,0,0,0,0,0,0,0,0,0,1,0,293.8196725884773
1358,a,b,W,9410,383,-37,2,b,0,0,0,0,0,0,0,0,0,0,0,0,0,37.05401462729781
1359,a,b,W,41740,966,164,143,a,0,0,0,0,0,0,0,0,0,0,0,1,0,217.5890622251036
1360,a,b,W,22710,481,191,166,a,0,0,0,0,0,0,0,0,0,0,0,1,0,253.0553299181821
1361,a,b,W,15710,308,101,70,a,0,0,0,0,0,0,0,0,0,0,0,1,0,122.88612614937456
1362,a,b,W,15030,484,-5,22,a,0,0,0,0,0,0,0,0,0,0,0,0,0,22.561028345356956
1363,a,b,W,26860,458,244,153,a,0,0,0,0,0,0,0,0,0,0,0,1,0,288.00173610587836
1364,a,b,W,11630,481,-27,21,a,0,0,0,0,0,0,0,0,0,0,0,0,0,34.20526275297414
1365,a,b,W,24690,565,56,42,a,0,0,0,0,0,0,0,0,0,0,0,1,0,70.0
1366,a,b,W,14570,326,-8,-18,a,0,0,0,0,0,0,0,0,0,0,0,0,1,19.697715603592208
1367,a,b,N,10210,394,169,251,a,0,0,0,0,0,0,0,0,0,0,0,1,0,302.59213472924245
1368,a,b,N,8070,404,270,278,a,0,0,0,0,0,0,0,0,0,0,0,1,0,387.5358047974406
1369,a,b,W,15930,171,-2,-21,a,0,0,0,0,0,0,0,0,0,0,0,0,1,21.095023109728988
1370,a,b,W,33620,762,97,77,a,1,1,0,0,0,0,0,0,700,700,0,1,0,123.84667940643382
1371,a,b,W,32960,982,93,128,a,0,0,0,0,0,0,0,0,0,0,0,1,0,158.21820375671064
1372,a,b,W,22640,691,32,60,a,2,2,0,0,0,0,0,0,400,300,0,1,0,68.0
1373,a,b,W,31800,769,295,313,b,0,0,0,0,0,0,0,0,0,0,1,1,0,430.10928843725287
1374,a,b,W,16940,455,-1,6,a,1,0,0,1,0,0,0,0,30000,30000,0,0,0,6.082762530298219
1375,b,b,W,13880,507,-22,11,a,0,0,0,0,0,0,0,0,0,0,0,0,0,24.596747752497688
1376,b,b,W,18340,534,3,17,a,0,0,0,0,0,0,0,0,0,0,0,1,0,17.26267650163207
1377,b,b,W,19420,591,9,29,a,0,0,0,0,0,0,0,0,0,0,0,1,0,30.364452901377952
1378,b,b,W,21300,710,19,55,a,1,0,1,0,0,0,0,0,2000,2000,0,1,0,58.18934610390462
1379,b,b,W,23490,748,32,63,a,0,0,0,0,0,0,0,0,0,0,0,1,0,70.66116330771806
1380,b,b,W,17970,518,1,13,a,0,0,0,0,0,0,0,0,0,0,0,1,0,13.038404810405298
1381,b,b,W,17310,485,-3,6,a,0,0,0,0,0,0,0,0,0,0,0,0,0,6.708203932499369
1382,b,b,W,17730,568,-1,24,a,0,0,0,0,0,0,0,0,0,0,0,0,0,24.020824298928627
1383,b,b,W,25180,592,39,24,a,0,0,0,0,0,0,0,0,0,0,0,1,0,45.79301256742124
1384,b,b,W,32240,702,77,47,a,0,0,0,0,0,0,0,0,0,0,0,1,0,90.21086409075129
1385,b,b,W,21770,292,35,28,a,0,0,0,0,0,0,0,0,0,0,0,1,0,44.82186966202994
1386,b,b,W,19680,288,121,37,b,0,0,0,0,0,0,0,0,0,0,1,1,0,126.53062870309307
1387,b,b,W,22320,337,39,48,a,1,0,0,1,0,0,0,0,10000,10000,0,1,0,61.84658438426491
1388,b,b,W,15060,618,-17,29,a,0,0,0,0,0,0,0,0,0,0,0,0,0,33.61547262794322
1389,b,b,W,23020,669,27,40,a,0,0,0,0,0,0,0,0,0,0,0,1,0,48.25971404805462
1390,b,b,W,18850,587,4,23,a,0,0,0,0,0,0,0,0,0,0,0,1,0,23.345235059857504
1391,b,b,W,9090,511,-51,4,a,0,0,0,0,0,0,0,0,0,0,0,0,0,51.15662224971465
1392,b,b,N,10690,367,182,227,a,0,0,0,0,0,0,0,0,0,0,0,1,0,290.9518860567843
1393,b,b,N,11040,316,191,181,a,0,0,0,0,0,0,0,0,0,0,0,1,0,263.1387466717891
1394,b,b,W,19430,453,5,-8,a,1,1,0,0,0,0,0,0,600,600,0,0,0,9.433981132056603
1395,b,b,W,21300,257,33,10,a,0,0,0,0,0,0,0,0,0,0,0,1,0,34.48187929913333
1396,b,b,W,13200,199,-18,-15,a,0,0,0,0,0,0,0,0,0,0,0,0,1,23.430749027719962
1397,b,b,W,13770,254,-14,9,a,0,0,0,0,0,0,0,0,0,0,0,0,0,16.64331697709324
1398,b,b,W,33400,749,81,52,a,0,0,0,0,0,0,0,0,0,0,0,1,0,96.25487000666512
1399,a,b,W,46080,942,146,87,a,0,0,0,0,0,0,0,0,0,0,0,1,0,169.95587662684687
1400,a,b,W,27940,334,74,39,a,0,0,0,0,0,0,0,0,0,0,0,1,0,83.64807230295268
1401,a,b,W,17600,543,-6,8,a,0,0,0,0,0,0,0,0,0,0,0,0,0,10.0
1402,a,b,W,17050,476,-9,-5,a,0,0,0,0,0,0,0,0,0,0,0,0,1,10.295630140987
1403,a,b,W,10220,434,-45,-14,a,0,0,0,0,0,0,0,0,0,0,0,0,1,47.12748667179272
1404,a,b,W,14830,492,-21,-2,a,0,0,0,0,0,0,0,0,0,0,0,0,1,21.095023109728988
1405,a,b,W,23560,546,26,9,a,0,0,0,0,0,0,0,0,0,0,0,1,0,27.51363298439521
1406,a,b,W,34110,408,112,70,a,3,2,1,0,0,0,0,0,5300,4000,0,1,0,132.07573584879245
1407,a,b,W,26120,341,62,39,a,1,1,0,0,0,0,0,0,400,400,0,1,0,73.24616030891995
1408,a,b,W,11160,543,-41,7,a,0,0,0,0,0,0,0,0,0,0,0,0,0,41.593268686170845
1409,a,b,W,11830,201,-27,-18,a,0,0,0,0,0,0,0,0,0,0,0,0,1,32.449961479175904
1410,a,b,W,12150,361,-36,-29,a,0,0,0,0,0,0,0,0,0,0,0,0,1,46.22769732530488
1411,a,b,W,12180,351,-24,44,a,0,0,0,0,0,0,0,0,0,0,0,0,0,50.11985634456667
1412,a,b,W,14980,267,-7,9,a,0,0,0,0,0,0,0,0,0,0,0,0,0,11.40175425099138
1413,a,b,W,44150,951,134,88,a,0,0,0,0,0,0,0,0,0,0,0,1,0,160.31219541881399
1414,a,b,W,32670,476,103,95,a,1,1,0,0,0,0,0,0,800,800,0,1,0,140.12137595670404
1415,a,b,W,17470,643,-9,23,a,1,1,0,0,0,0,0,0,300,300,0,0,0,24.698178070456937
1416,a,b,N,12840,471,37,51,a,1,1,0,0,0,0,0,0,200,200,0,1,0,63.00793600809346
1417,a,b,N,12260,413,31,32,a,1,1,0,0,0,0,0,0,200,200,0,1,0,44.553338819890925
1418,a,b,N,6010,329,-36,5,a,0,0,0,0,0,0,0,0,0,0,0,0,0,36.345563690772494
1419,a,b,N,9450,349,1,12,a,0,0,0,0,0,0,0,0,0,0,0,1,0,12.041594578792296
1420,a,b,N,10890,283,16,-9,a,0,0,0,0,0,0,0,0,0,0,0,0,0,18.35755975068582
1421,a,b,N,7780,291,-17,-7,a,0,0,0,0,0,0,0,0,0,0,0,0,1,18.384776310850235
1422,a,b,N,9430,123,22,-38,a,1,1,0,0,0,0,0,0,400,400,0,0,0,43.9089968002003
1423,a,a,N,9220,277,-2,-11,a,0,0,0,0,0,0,0,0,0,0,0,0,1,11.180339887498949
1424,a,a,N,5590,261,-40,-16,a,1,1,0,0,0,0,0,0,300,300,0,0,1,43.08131845707603
1425,a,a,N,5030,125,-28,-29,a,0,0,0,0,0,0,0,0,0,0,0,0,1,40.311288741492746
1426,a,a,N,7330,102,5,-42,a,0,0,0,0,0,0,0,0,0,0,0,0,0,42.2965719651132
1427,a,a,N,5480,223,-21,27,a,0,0,0,0,0,0,0,0,0,0,0,0,0,34.20526275297414
1428,a,a,N,10970,342,17,9,a,1,1,0,0,0,0,0,0,500,500,0,1,0,19.235384061671343
1429,a,a,N,3320,98,-52,-44,a,0,0,0,0,0,0,0,0,0,0,0,0,1,68.11754546370561
1430,a,a,N,2910,80,-58,-54,a,0,0,0,0,0,0,0,0,0,0,0,0,1,79.2464510246358
1431,a,a,N,8510,104,22,-38,a,0,0,0,0,0,0,0,0,0,0,0,0,0,43.9089968002003
1432,a,a,N,7410,133,6,-20,a,0,0,0,0,0,0,0,0,0,0,0,0,0,20.8806130178211
1433,a,a,N,6470,98,-7,-41,a,0,0,0,0,0,0,0,0,0,0,0,0,1,41.593268686170845
1434,a,a,N,5840,102,-17,-39,a,0,0,0,0,0,0,0,0,0,0,0,0,1,42.5440947723653
1435,a,a,N,6980,85,0,-49,a,0,0,0,0,0,0,0,0,0,0,0,0,0,49.0
1436,a,a,N,4810,142,-49,-56,a,0,0,0,0,0,0,0,0,0,0,0,0,1,74.41102068914255
1437,a,a,N,8540,82,22,-51,a,2,1,1,0,0,0,0,0,2600,2000,0,0,0,55.54277630799526
1438,a,a,N,3580,84,-49,-50,a,0,0,0,0,0,0,0,0,0,0,0,0,1,70.00714249274856
1439,a,b,N,6450,163,-30,-48,a,0,0,0,0,0,0,0,0,0,0,0,0,1,56.60388679233962
1440,a,b,N,2000,130,-78,-58,a,0,0,0,0,0,0,0,0,0,0,0,0,1,97.20082304178294
1441,a,b,N,4120,67,-40,-59,a,0,0,0,0,0,0,0,0,0,0,0,0,1,71.28113354878694
1442,a,b,W,3560,83,-79,-67,a,0,0,0,0,0,0,0,0,0,0,0,0,1,103.58571330062848
1443,a,b,W,6340,102,-62,-60,a,0,0,0,0,0,0,0,0,0,0,0,0,1,86.27861844049197
1444,a,b,W,7680,253,-59,-60,a,0,0,0,0,0,0,0,0,0,0,0,0,1,84.1486779456457
1445,a,b,W,7920,178,-53,-30,a,0,0,0,0,0,0,0,0,0,0,0,0,1,60.90155991434045
1446,a,b,W,8720,175,-48,-31,a,0,0,0,0,0,0,0,0,0,0,0,0,1,57.14017850864661
1447,a,b,N,10920,136,58,-16,a,1,1,0,0,0,0,0,0,200,200,0,0,0,60.166435825965294
1448,a,b,N,9870,363,8,16,a,1,0,1,0,0,0,0,0,8000,8000,0,1,0,17.88854381999832
1449,a,b,N,6690,163,-3,0,a,0,0,0,0,0,0,0,0,0,0,0,0,0,3.0
1450,a,b,N,5820,308,-37,-1,a,0,0,0,0,0,0,0,0,0,0,0,0,1,37.013511046643494
1451,a,b,N,12520,321,37,3,a,0,0,0,0,0,0,0,0,0,0,0,1,0,37.12142238654117
1452,a,b,N,8820,280,-4,-10,a,0,0,0,0,0,0,0,0,0,0,0,0,1,10.770329614269007
1453,a,b,N,10540,321,15,3,a,0,0,0,0,0,0,0,0,0,0,0,1,0,15.297058540778355
1454,a,b,N,16010,446,75,43,a,0,0,0,0,0,0,0,0,0,0,0,1,0,86.45229898620394
1455,a,b,W,17610,228,5,-13,a,0,0,0,0,0,0,0,0,0,0,0,0,0,13.92838827718412
1456,a,b,W,13930,423,-26,-32,a,0,0,0,0,0,0,0,0,0,0,0,0,1,41.23105625617661
1457,a,b,N,15290,436,75,47,a,0,0,0,0,0,0,0,0,0,0,0,1,0,88.50988645343524
1458,a,b,N,14190,384,62,30,a,0,0,0,0,0,0,0,0,0,0,0,1,0,68.87670143089025
1459,a,b,N,11730,336,34,13,a,0,0,0,0,0,0,0,0,0,0,0,1,0,36.40054944640259
1460,a,b,W,9670,277,-48,-56,a,0,0,0,0,0,0,0,0,0,0,0,0,1,73.7563556583431
1461,a,b,W,14180,348,-24,-44,a,0,0,0,0,0,0,0,0,0,0,0,0,1,50.11985634456667
1462,a,b,W,48240,565,187,116,a,0,0,0,0,0,0,0,0,0,0,0,1,0,220.05681084665386
1463,a,b,W,5680,210,-66,-20,a,0,0,0,0,0,0,0,0,0,0,0,0,1,68.96375859826666
1464,a,b,W,9590,222,-49,-64,a,1,1,0,0,0,0,0,0,300,300,0,0,1,80.60397012554654
1465,a,b,W,5930,120,-65,-54,a,0,0,0,0,0,0,0,0,0,0,0,0,1,84.50443775329198
1466,a,b,W,4170,224,-78,-64,a,0,0,0,0,0,0,0,0,0,0,0,0,1,100.89598604503551
1467,a,b,W,30740,318,83,22,a,1,1,0,0,0,0,0,0,900,900,0,1,0,85.86617494683223
1468,a,b,W,29990,354,79,35,a,1,1,0,0,0,0,0,0,400,400,0,1,0,86.4060183089118
1469,a,b,W,16330,449,-13,-28,a,0,0,0,0,0,0,0,0,0,0,0,0,1,30.870698080866262
1470,a,b,W,17000,336,1,28,a,0,0,0,0,0,0,0,0,0,0,0,1,0,28.0178514522438
1471,a,a,W,9840,421,-43,-28,a,0,0,0,0,0,0,0,0,0,0,0,0,1,51.31276644267
1472,a,a,W,17050,404,-2,-30,a,1,1,0,0,0,0,0,0,700,700,0,0,1,30.066592756745816
1473,a,a,W,26220,707,51,22,a,0,0,0,0,0,0,0,0,0,0,0,1,0,55.54277630799526
1474,a,a,W,26800,657,54,13,a,0,0,0,0,0,0,0,0,0,0,0,1,0,55.54277630799526
1475,a,a,W,31690,656,82,13,a,0,0,0,0,0,0,0,0,0,0,0,1,0,83.02409288875127
1476,a,a,W,30110,868,73,49,a,1,0,1,0,0,0,0,0,4000,4000,0,1,0,87.92041856133307
1477,a,a,W,13710,613,-21,6,a,0,0,0,0,0,0,0,0,0,0,0,0,0,21.840329667841555
1478,a,a,W,15300,242,-2,-4,a,1,1,0,0,0,0,0,0,400,400,0,0,1,4.47213595499958
1479,a,a,W,15300,293,-2,15,a,0,0,0,0,0,0,0,0,0,0,0,0,0,15.132745950421556
1480,a,a,W,10100,295,-35,16,a,0,0,0,0,0,0,0,0,0,0,0,0,0,38.48376280978771
1481,a,a,N,10670,223,47,38,a,0,0,0,0,0,0,0,0,0,0,0,1,0,60.440052945046304
1482,a,a,N,9920,221,37,36,a,0,0,0,0,0,0,0,0,0,0,0,1,0,51.62363799656123
1483,a,a,N,5280,294,-40,-1,a,0,0,0,0,0,0,0,0,0,0,0,0,1,40.01249804748511
1484,a,a,N,11800,185,63,14,a,0,0,0,0,0,0,0,0,0,0,0,1,0,64.53681120105021
1485,a,a,N,22200,685,153,130,a,1,0,1,0,0,0,0,0,3000,3000,0,1,0,200.7710138441304
1486,a,a,N,19560,659,123,121,a,1,1,0,0,0,0,0,0,700,700,0,1,0,172.53985046939155
1487,a,a,W,17670,538,4,-3,a,0,0,0,0,0,0,0,0,0,0,1,0,0,5.0
1488,a,a,W,16290,463,-4,-17,a,1,0,0,1,0,0,0,0,20000,20000,0,0,1,17.46424919657298
1489,a,a,W,10160,437,-40,-21,a,0,0,0,0,0,0,0,0,0,0,0,0,1,45.17742799230607
1490,a,a,W,10050,342,-41,-39,a,0,0,0,0,0,0,0,0,0,0,0,0,1,56.586217403180434
1491,a,a,W,8210,351,-52,-37,a,0,0,0,0,0,0,0,0,0,0,0,0,1,63.8200595424354
1492,a,a,W,8880,309,-48,-44,a,0,0,0,0,0,0,0,0,0,0,0,0,1,65.11528238439882
1493,a,a,W,29730,472,283,120,a,0,0,0,0,0,0,0,0,0,0,0,1,0,307.3906309567681
1494,a,a,W,13540,437,-20,-21,a,0,0,0,0,0,0,0,0,0,0,0,0,1,29.0
1495,b,a,W,20860,470,180,131,a,0,0,0,0,0,0,0,0,0,0,1,1,0,222.62299971027252
1496,b,a,W,13960,293,-12,12,a,1,0,0,1,0,0,0,0,30000,30000,0,0,0,16.97056274847714
1497,b,a,W,24880,527,85,37,a,0,0,0,0,0,0,0,0,0,0,0,1,0,92.70382947861431
1498,b,a,W,33640,699,150,81,a,0,0,0,0,0,0,0,0,0,0,0,1,0,170.47287174210447
1499,b,a,W,29790,695,121,80,a,0,0,0,0,0,0,0,0,0,0,0,1,0,145.0551619212498
1500,b,a,W,29500,794,119,106,a,0,0,0,0,0,0,0,0,0,0,1,1,0,159.3643623900902
1501,b,a,W,26780,1003,99,160,a,1,0,0,1,0,0,0,0,60000,60000,0,1,0,188.1515346735179
1502,b,a,W,19370,715,44,85,a,0,0,0,0,0,0,0,0,0,0,0,1,0,95.71311299921238
1503,b,a,W,22910,629,72,62,a,0,0,0,0,0,0,0,0,0,0,0,1,0,95.01578816175763
1504,b,a,W,16240,673,22,74,a,0,0,0,0,0,0,0,0,0,0,0,1,0,77.20103626247513
1505,b,a,W,27960,740,110,91,a,0,0,0,0,0,0,0,0,0,0,0,1,0,142.76203977248295
1506,b,a,W,39760,783,198,102,a,1,1,0,0,0,0,0,0,900,900,0,1,0,222.72853431924702
1507,b,a,W,22460,732,69,89,a,1,1,0,0,0,0,0,0,400,400,0,1,0,112.61438629233834
1508,b,a,W,11320,514,-15,33,a,0,0,0,0,0,0,0,0,0,0,0,0,0,36.24913792078372
1509,b,a,W,16320,454,23,17,a,0,0,0,0,0,0,0,0,0,0,0,1,0,28.600699292150182
1510,b,a,W,23490,595,76,54,a,1,0,1,0,0,0,0,0,1000,1000,0,1,0,93.23089616645332
1511,b,a,W,13260,563,-8,36,a,0,0,0,0,0,0,0,0,0,0,0,0,0,36.87817782917155
1512,b,a,W,14300,431,0,4,a,2,0,2,0,0,0,0,0,8000,6000,0,0,0,4.0
1513,b,a,W,12160,364,-15,-12,a,0,0,0,0,0,0,0,0,0,0,0,0,1,19.209372712298546
1514,b,a,W,12030,308,-16,-26,a,0,0,0,0,0,0,0,0,0,0,0,0,1,30.528675044947494
1515,b,a,W,17050,367,19,-12,a,0,0,0,0,0,0,0,0,0,0,0,0,0,22.47220505424423
1516,b,a,W,62880,826,338,99,b,1,1,0,0,0,0,0,0,700,700,0,1,0,352.2002271435951
1517,b,a,W,45070,1016,214,145,a,0,0,0,0,0,0,0,0,0,0,0,1,0,258.4975821937219
1518,b,a,W,27960,804,95,94,a,0,0,0,0,0,0,0,0,0,0,0,1,0,133.64505228402584
1519,b,b,W,25930,631,70,43,b,0,0,0,0,0,0,0,0,0,0,0,1,0,82.15229759416349
1520,b,b,W,41230,487,152,70,a,1,1,0,0,0,0,0,0,400,400,0,1,0,167.3439571660716
1521,b,b,W,33430,518,105,80,a,0,0,0,0,0,0,0,0,0,0,0,1,0,132.00378782444085
1522,b,b,W,42220,515,159,79,a,0,0,0,0,0,0,0,0,0,0,1,1,0,177.54436065389405
1523,b,b,W,37590,1115,146,153,b,1,0,0,1,0,0,0,0,40000,40000,0,1,0,211.482859825566
1524,b,b,W,22450,568,47,29,b,0,0,0,0,0,0,0,0,0,0,0,1,0,55.226805085936306
1525,b,b,W,23790,589,56,34,b,0,0,0,0,0,0,0,0,0,0,0,1,0,65.5133574166368
1526,b,b,W,43780,529,168,84,a,1,0,1,0,0,0,0,0,1000,1000,0,1,0,187.82971010998233
1527,b,b,W,44010,961,167,109,b,1,1,0,0,0,0,0,0,500,500,0,1,0,199.42417105255822
1528,b,b,W,32500,873,97,90,b,1,1,0,0,0,0,0,0,300,300,0,1,0,132.32157798333574
1529,b,b,W,54860,989,233,115,b,0,0,0,0,0,0,0,0,0,0,0,1,0,259.83456275099354
1530,b,b,W,60140,800,267,181,a,2,0,2,0,0,0,0,0,3000,2000,0,1,0,322.56782232578627
1531,b,b,W,45520,1214,177,164,b,0,0,0,0,0,0,0,0,0,0,0,1,0,241.29857024027308
1532,b,b,W,72090,1139,338,147,b,0,0,0,0,0,0,0,0,0,0,0,1,0,368.5824195481928
1533,b,b,W,61310,931,274,227,b,1,0,1,0,0,0,0,0,3000,3000,0,1,0,355.81596366661233
1534,b,b,W,65800,1634,300,255,b,0,0,0,0,0,0,0,0,0,0,0,1,0,393.7321424522006
1535,b,b,W,40130,1324,120,162,b,2,2,0,0,0,0,0,0,1100,600,0,1,0,201.6035713969373
1536,b,b,N,30840,1022,235,235,b,0,0,0,0,0,0,0,0,0,0,0,1,0,332.34018715767735
1537,b,b,W,22820,833,25,65,b,0,0,0,0,0,0,0,0,0,0,0,1,0,69.6419413859206
1538,b,b,W,23750,442,32,44,b,1,1,0,0,0,0,0,0,600,600,0,1,0,54.405882034941776
1539,b,b,W,23260,746,27,48,b,0,0,0,0,0,0,0,0,0,0,0,1,0,55.072679252057455
1540,b,b,W,50860,982,178,94,b,0,0,0,0,0,0,0,0,0,0,0,1,0,201.2958022413781
1541,b,b,W,75890,1742,315,245,b,1,0,1,0,0,0,0,0,1000,1000,0,1,0,399.06139878469827
1542,b,b,W,48130,1330,163,163,b,0,0,0,0,0,0,0,0,0,0,0,1,0,230.5168106668145
1543,b,b,W,24490,1079,10,82,a,0,0,0,0,0,0,0,0,0,0,0,1,0,82.60750571225353
1544,b,b,W,32180,934,44,57,a,1,1,0,0,0,0,0,0,400,400,0,1,0,72.00694410957877
1545,b,b,W,40560,1130,82,90,a,2,2,0,0,0,0,0,0,1200,700,0,1,0,121.75385004179539
1546,b,b,W,50130,1613,125,172,a,2,2,0,0,0,0,0,0,1100,600,0,1,0,212.6240814207083
1547,b,b,W,58100,1267,161,113,a,1,1,0,0,0,0,0,0,300,300,0,1,0,196.69773765857096
1548,b,b,W,30610,1260,37,112,a,1,1,0,0,0,0,0,0,300,300,0,1,0,117.95338062132852
1549,b,b,W,61620,1211,176,104,a,0,0,0,0,0,0,0,0,0,0,1,1,0,204.4309174268902
1550,b,b,W,90960,2039,308,243,b,2,0,1,1,0,0,0,0,32000,30000,0,1,0,392.3174734828924
1551,b,b,W,91210,2362,267,255,a,0,0,0,0,0,0,0,0,0,0,0,1,0,369.2072588668863
1552,b,b,W,66780,2022,169,204,a,0,0,0,0,0,0,0,0,0,0,0,1,0,264.90941848111027
1553,b,b,W,46640,1439,88,116,a,0,0,0,0,0,0,0,0,0,0,1,1,0,145.60219778561037
1554,b,b,W,53730,1444,116,117,a,1,0,0,1,0,0,0,0,80000,80000,0,1,0,164.7573974060042
1555,b,b,W,56690,800,158,115,b,1,0,1,0,0,0,0,0,1000,1000,0,1,0,195.420060382756
1556,b,b,W,45680,1276,84,92,a,1,1,0,0,0,0,0,0,500,500,0,1,0,124.57929201917949
1557,b,b,W,63390,1039,188,179,a,1,0,1,0,0,0,0,0,7000,7000,0,1,0,259.5862091868518
1558,b,b,W,42350,1625,70,144,a,0,0,0,0,0,0,0,0,0,0,0,1,0,160.11246047700348
1559,b,b,N,32410,1205,252,295,b,0,0,0,0,0,0,0,0,0,0,0,1,0,387.98066962156764
1560,b,b,N,21540,862,134,182,b,2,1,1,0,0,0,0,0,4200,4000,0,1,0,226.00884938426637
1561,b,b,W,24510,845,-16,9,b,0,0,0,0,0,0,0,0,0,0,0,0,0,18.35755975068582
1562,b,b,W,47370,1333,62,71,b,0,0,0,0,0,0,0,0,0,0,0,1,0,94.26027795418386
1563,b,b,W,30730,890,5,14,b,0,0,0,0,0,0,0,0,0,0,0,1,0,14.866068747318506
1564,b,b,W,22550,859,-23,10,b,1,1,0,0,0,0,0,0,300,300,0,0,0,25.079872407968907
1565,b,b,W,19790,825,-32,6,b,1,1,0,0,0,0,0,0,400,400,0,0,0,32.55764119219941
1566,b,b,W,17960,780,-38,0,b,0,0,0,0,0,0,0,0,0,0,0,0,0,38.0
1567,b,b,W,20160,688,-40,-25,b,0,0,0,0,0,0,0,0,0,0,0,0,1,47.16990566028302
1568,b,b,W,9730,488,-71,-47,b,0,0,0,0,0,0,0,0,0,0,0,0,1,85.14693182963201
1569,b,b,W,21060,588,-37,-36,b,0,0,0,0,0,0,0,0,0,0,1,0,1,51.62363799656123
1570,b,b,W,74960,1471,124,60,b,1,0,0,1,0,0,0,0,10000,10000,0,1,0,137.7534028617805
1571,b,b,W,45650,664,55,34,b,0,0,0,0,0,0,0,0,0,0,0,1,0,64.66065264130884
1572,b,b,W,31160,1133,-7,23,b,1,0,1,0,0,0,0,0,5000,5000,0,0,0,24.041630560342615
1573,b,b,W,31240,836,-7,-9,b,1,0,1,0,0,0,0,0,2000,2000,0,0,1,11.40175425099138
1574,b,b,W,28930,948,-13,3,b,0,0,0,0,0,0,0,0,0,0,0,0,0,13.341664064126334
1575,b,b,N,25390,861,176,182,b,0,0,0,0,0,0,0,0,0,0,0,1,0,253.17977802344325
1576,b,b,N,16500,321,115,96,b,0,0,0,0,0,0,0,0,0,0,0,1,0,149.80320423809366
1577,b,b,W,18180,609,-47,-36,b,0,0,0,0,0,0,0,0,0,0,0,0,1,59.20304046246274
1578,b,b,W,23600,704,-31,-26,b,0,0,0,0,0,0,0,0,0,0,0,0,1,40.45985664828782
1579,b,b,W,21430,776,-37,-19,b,0,0,0,0,0,0,0,0,0,0,0,0,1,41.593268686170845
1580,b,b,W,69390,1107,104,16,b,2,1,1,0,0,0,0,0,3700,3000,0,1,0,105.22357150372724
1581,b,b,W,48330,1389,42,45,b,0,0,0,0,0,0,0,0,0,0,0,1,0,61.554853586049575
1582,b,b,W,63800,2116,88,121,b,0,0,0,0,0,0,0,0,0,0,0,1,0,149.61617559608987
1583,a,b,N,29720,482,287,195,a,0,0,0,0,0,0,0,0,0,0,0,1,0,346.97838549396704
1584,a,b,N,19500,678,112,122,a,0,0,0,0,0,0,0,0,0,0,0,1,0,165.61400906928134
1585,a,b,N,21780,944,136,209,a,0,0,0,0,0,0,0,0,0,0,0,1,0,249.35316320431951
1586,a,b,N,17390,720,89,136,a,0,0,0,0,0,0,0,0,0,0,0,1,0,162.53307355735325
1587,a,b,N,17670,255,130,56,a,0,0,0,0,0,0,0,0,0,0,0,1,0,141.54857823376398
1588,a,b,N,16460,586,79,92,a,0,0,0,0,0,0,0,0,0,0,0,1,0,121.26417442921878
1589,a,b,N,11240,554,22,82,a,0,0,0,0,0,0,0,0,0,0,0,1,0,84.8999411071645
1590,a,b,N,12300,424,34,39,a,0,0,0,0,0,0,0,0,0,0,0,1,0,51.73973328110612
1591,a,b,N,10900,176,34,4,a,1,1,0,0,0,0,0,0,700,700,0,1,0,34.23448553724738
1592,a,b,N,11230,383,19,22,a,0,0,0,0,0,0,0,0,0,0,0,1,0,29.068883707497267
1593,a,b,N,9870,360,5,14,a,0,0,0,0,0,0,0,0,0,0,0,1,0,14.866068747318506
1594,a,b,N,9450,325,0,3,a,0,0,0,0,0,0,0,0,0,0,0,0,0,3.0
1595,a,b,N,6330,327,-33,4,a,0,0,0,0,0,0,0,0,0,0,0,0,0,33.24154027718932
1596,a,b,N,14040,408,49,29,a,0,0,0,0,0,0,0,0,0,0,0,1,0,56.938563381947034
1597,a,b,N,12290,471,30,49,a,1,1,0,0,0,0,0,0,500,500,0,1,0,57.4543296888929
1598,a,b,N,8190,325,-13,3,a,0,0,0,0,0,0,0,0,0,0,0,0,0,13.341664064126334
1599,a,a,N,8390,33,262,-65,a,0,0,0,0,0,0,0,0,0,0,0,0,0,269.9425864883124
1600,a,a,N,5890,301,-43,-13,a,0,0,0,0,0,0,0,0,0,0,0,0,1,44.9221548904324
1601,a,a,N,4030,262,-61,-24,a,0,0,0,0,0,0,0,0,0,0,0,0,1,65.55150646628954
1602,a,a,N,7920,248,-23,-28,a,0,0,0,0,0,0,0,0,0,0,0,0,1,36.235341863986875
1603,a,a,N,6010,215,-41,-38,a,0,0,0,0,0,0,0,0,0,0,0,0,1,55.90169943749474
1604,a,a,N,8780,178,279,91,a,0,0,0,0,0,0,0,0,0,0,0,1,0,293.4655005277452
1605,a,a,N,9150,257,-11,-26,a,0,0,0,0,0,0,0,0,0,0,0,0,1,28.231188426986208
1606,a,a,N,7240,295,-29,-14,a,0,0,0,0,0,0,0,0,0,0,0,0,1,32.202484376209235
1607,a,a,N,6260,98,-26,-42,a,0,0,0,0,0,0,0,0,0,0,0,0,1,49.39635614091387
1608,a,a,N,7460,240,-28,-32,a,0,0,0,0,0,0,0,0,0,0,0,0,1,42.5205832509386
1609,a,a,N,8460,252,-18,-28,a,1,1,0,0,0,0,0,0,200,200,0,0,1,33.28663395418648
1610,a,a,W,27630,733,-23,-27,a,0,0,0,0,0,0,0,0,0,0,0,0,1,35.4682957019364
1611,a,a,W,24160,362,-23,-32,a,0,0,0,0,0,0,0,0,0,0,0,0,1,39.408120990476064
1612,a,a,W,25200,318,-20,-40,a,1,0,1,0,0,0,0,0,1000,1000,1,0,1,44.721359549995796
1613,a,a,W,94190,2191,161,117,a,5,2,1,2,0,0,0,0,116500,90000,0,1,0,199.0226117806718
1614,a,a,W,93020,2422,158,140,a,1,1,0,0,0,0,0,0,600,600,0,1,0,211.10187114282053
1615,b,a,W,46520,1587,25,52,a,0,0,0,0,0,0,0,0,0,0,0,1,0,57.697486947006624
1616,b,a,W,38530,1232,3,18,a,1,1,0,0,0,0,0,0,700,700,0,1,0,18.24828759089466
1617,b,a,W,27900,1158,-25,11,a,0,0,0,0,0,0,0,0,0,0,0,0,0,27.313000567495326
1618,b,a,W,59250,1452,59,39,a,1,1,0,0,0,0,0,0,500,500,0,1,0,70.7248188403477
1619,b,a,W,108280,2157,190,106,a,2,1,1,0,0,0,0,0,9500,9000,0,1,0,217.56838005555863
1620,b,a,W,59410,1552,59,48,a,2,2,0,0,0,0,0,0,900,600,0,1,0,76.05918747922567
1621,b,a,W,22840,842,146,311,b,0,0,0,0,0,0,0,0,0,0,0,1,0,343.56513210743606
1622,b,a,W,21200,794,-43,-24,a,1,1,0,0,0,0,0,0,200,200,0,0,1,49.24428900898052
1623,b,a,W,38330,1042,-1,-3,a,1,1,0,0,0,0,0,0,600,600,0,0,1,3.1622776601683795
1624,b,a,W,90650,2005,135,86,a,2,0,2,0,0,0,0,0,4000,3000,0,1,0,160.0656115472652
1625,b,a,W,49660,747,48,36,a,0,0,0,0,0,0,0,0,0,0,0,1,0,60.0
1626,b,a,W,27810,499,-17,-9,a,0,0,0,0,0,0,0,0,0,0,0,0,1,19.235384061671343
1627,b,a,W,16470,668,-57,-38,a,0,0,0,0,0,0,0,0,0,0,0,0,1,68.5054742338158
1628,b,a,W,35300,816,-9,-24,a,0,0,0,0,0,0,0,0,0,0,0,0,1,25.632011235952593
1629,b,a,W,66320,1644,72,53,a,2,0,2,0,0,0,0,0,6000,5000,0,1,0,89.40357934669059
1630,b,a,W,26460,554,-21,1,a,1,0,1,0,0,0,0,0,1000,1000,0,0,0,21.02379604162864
1631,b,b,W,16680,586,-59,-49,a,1,1,0,0,0,0,0,0,100,100,0,0,1,76.69419795525604
1632,b,b,W,20140,248,-43,-57,a,1,0,1,0,0,0,0,0,3000,3000,0,0,1,71.40028011149536
1633,b,b,W,14890,540,-64,-53,a,0,0,0,0,0,0,0,0,0,0,0,0,1,83.09632964216891
1634,b,b,W,29520,779,-28,-32,a,0,0,0,0,0,0,0,0,0,0,0,0,1,42.5205832509386
1635,b,b,W,55200,1259,35,9,a,1,0,1,0,0,0,0,0,4000,4000,1,1,0,36.138621999185304
1636,b,b,W,43900,853,24,48,a,1,0,0,1,0,0,0,0,80000,80000,0,1,0,53.665631459994955
1637,b,b,W,28150,1047,-31,-9,a,0,0,0,0,0,0,0,0,0,0,0,0,1,32.28002478313795
1638,b,b,W,18540,896,-55,-22,a,0,0,0,0,0,0,0,0,0,0,0,0,1,59.23681287847955
1639,b,b,N,16470,661,60,88,a,0,0,0,0,0,0,0,0,0,0,0,1,0,106.50821564555478
1640,b,b,N,16440,644,59,83,a,0,0,0,0,0,0,0,0,0,0,0,1,0,101.83319694480774
1641,b,b,N,10110,531,-2,51,a,0,0,0,0,0,0,0,0,0,0,0,0,0,51.03920062069938
1642,b,b,N,13330,443,29,26,a,0,0,0,0,0,0,0,0,0,0,0,1,0,38.948684188300895
1643,b,b,N,9910,431,-4,22,a,0,0,0,0,0,0,0,0,0,0,0,0,0,22.360679774997898
1644,b,b,N,21920,763,112,117,a,1,0,1,0,0,0,0,0,4000,4000,0,1,0,161.9660458244258
1645,b,b,N,10680,506,3,44,a,0,0,0,0,0,0,0,0,0,0,0,1,0,44.10215414239989
1646,b,b,W,15210,527,-64,-56,a,0,0,0,0,0,0,0,0,0,0,0,0,1,85.0411665018772
1647,b,b,N,38060,486,357,189,b,0,0,0,0,0,0,0,0,0,0,0,1,0,403.9430652950982
1648,b,b,N,20620,808,105,132,a,0,0,0,0,0,0,0,0,0,0,0,1,0,168.66831356244717
1649,b,b,N,17500,647,74,86,a,0,0,0,0,0,0,0,0,0,0,0,1,0,113.45483682946268
1650,b,b,W,35290,754,-16,-36,a,0,0,0,0,0,0,0,0,0,0,0,0,1,39.395431207184416
1651,b,b,W,55570,560,54,-6,a,2,1,1,0,0,0,0,0,3100,3000,0,0,0,54.3323108288245
1652,b,b,W,29710,473,-18,-20,a,0,0,0,0,0,0,0,0,0,0,0,0,1,26.90724809414742
1653,b,b,W,46880,523,30,-12,a,0,0,0,0,0,0,0,0,0,0,0,0,0,32.31098884280702
1654,b,b,W,77870,271,626,18,b,0,0,0,0,0,0,0,0,0,0,0,1,0,626.2587324740471
1655,b,b,W,82030,349,681,57,b,3,3,0,0,0,0,0,0,1300,600,0,1,0,683.3812991295562
1656,b,b,W,21320,402,-38,-30,a,0,0,0,0,0,0,0,0,0,0,0,0,1,48.41487374764082
1657,b,b,W,17300,656,-56,-43,a,1,0,1,0,0,0,0,0,7000,7000,0,0,1,70.60453243241541
1658,b,b,W,19760,328,-42,-43,a,0,0,0,0,0,0,0,0,0,0,0,0,1,60.108235708594876
1659,b,b,W,47670,507,40,-11,a,0,0,0,0,0,0,0,0,0,0,0,0,0,41.48493702538308
1660,b,b,W,40280,840,284,278,a,0,0,0,0,0,0,0,0,0,0,0,1,0,397.4166579296847
1661,b,b,W,19290,859,-51,-25,a,1,1,0,0,0,0,0,0,200,200,0,0,1,56.79788728465171
1662,b,b,W,59210,705,73,23,a,2,0,2,0,0,0,0,0,4000,2000,0,1,0,76.53757247260981
1663,a,a,W,31590,377,175,74,a,0,0,0,0,0,0,0,0,0,0,0,1,0,190.0026315607234
1664,a,a,W,24650,332,-29,-41,a,0,0,0,0,0,0,0,0,0,0,0,0,1,50.21951811795888
1665,a,a,W,19370,351,-44,-38,a,0,0,0,0,0,0,0,0,0,0,0,0,1,58.137767414994535
1666,a,a,W,48710,547,41,-3,a,0,0,0,0,0,0,0,0,0,0,0,0,0,41.10960958218893
1667,a,a,W,42860,588,24,5,a,0,0,0,0,0,0,0,0,0,0,0,1,0,24.515301344262525
1668,a,a,W,33930,486,-2,-14,a,1,0,1,0,0,0,0,0,4000,4000,0,0,1,14.142135623730951
1669,a,a,W,40070,501,16,-11,a,0,0,0,0,0,0,0,0,0,0,1,0,0,19.4164878389476
1670,a,a,W,56650,693,64,23,a,1,0,0,1,0,0,0,0,10000,10000,0,1,0,68.00735254367721
1671,a,b,W,45530,736,37,37,a,0,0,0,0,0,0,0,0,0,0,0,1,0,52.32590180780452
1672,a,b,W,37520,843,13,57,a,0,0,0,0,0,0,0,0,0,0,0,1,0,58.463663928973865
1673,a,b,W,64380,844,94,57,a,4,3,1,0,0,0,0,0,4200,3000,1,1,0,109.9317970379817
1674,a,b,W,67200,945,102,76,a,2,0,1,1,0,0,0,0,12000,10000,0,1,0,127.20062892926276
1675,a,b,W,35910,636,8,19,a,0,0,0,0,0,0,0,0,0,0,0,1,0,20.615528128088304
1676,a,b,W,40610,672,22,25,a,0,0,0,0,0,0,0,0,0,0,0,1,0,33.301651610693426
1677,a,b,W,13330,671,-64,-39,a,0,0,0,0,0,0,0,0,0,0,0,0,1,74.94664769020693
1678,a,b,W,12440,333,-63,-38,a,0,0,0,0,0,0,0,0,0,0,0,0,1,73.57309290766564
1679,a,b,W,12600,266,-60,-47,a,0,0,0,0,0,0,0,0,0,0,0,0,1,76.21679604916491
1680,a,b,W,44800,350,253,52,b,0,0,0,0,0,0,0,0,0,0,0,1,0,258.28859827719845
1681,a,b,W,12000,379,-5,64,b,0,0,0,0,0,0,0,0,0,0,0,0,0,64.19501538281614
1682,a,b,W,18510,289,-42,-42,a,0,0,0,0,0,0,0,0,0,0,0,0,1,59.39696961966999
1683,a,b,W,37110,484,17,-3,a,1,0,1,0,0,0,0,0,1000,1000,0,0,0,17.26267650163207
1684,a,b,W,65790,822,107,64,a,1,0,1,0,0,0,0,0,7000,7000,0,1,0,124.67958934805648
1685,a,b,W,28230,513,-11,3,a,0,0,0,0,0,0,0,0,0,0,0,0,0,11.40175425099138
1686,a,b,W,21520,477,-32,-5,a,0,0,0,0,0,0,0,0,0,0,0,0,1,32.38826948140329
1687,a,b,W,35450,567,6,8,a,2,2,0,0,0,0,0,0,600,500,1,1,0,10.0
1688,a,b,W,49930,1525,43,49,a,2,1,0,1,0,0,0,0,10200,10000,0,1,0,65.19202405202648
1689,a,b,W,28780,1294,-18,26,a,0,0,0,0,0,0,0,0,0,0,0,0,0,31.622776601683793
1690,a,b,W,22900,481,-32,-8,a,0,0,0,0,0,0,0,0,0,0,0,0,1,32.984845004941285
1691,a,b,W,43270,673,29,28,a,0,0,0,0,0,0,0,0,0,0,1,1,0,40.311288741492746
1692,a,b,N,135210,3261,1245,838,b,2,0,1,0,1,0,0,0,208000,200000,0,1,0,1500.7561427493808
1693,a,b,N,54770,1913,445,450,c,0,0,0,0,0,0,0,0,0,0,0,1,0,632.8704448779387
1694,a,b,N,30110,1068,199,207,b,1,0,1,0,0,0,0,0,2000,2000,0,1,0,287.14108030722457
1695,b,b,W,26990,769,-20,-24,a,0,0,0,0,0,0,0,0,0,0,0,0,1,31.240998703626616
1696,b,b,W,36970,1033,9,3,a,0,0,0,0,0,0,0,0,0,0,0,1,0,9.486832980505138
1697,b,b,W,31160,623,-6,20,a,1,1,0,0,0,0,0,0,400,400,0,0,0,20.8806130178211
1698,b,b,W,40770,910,20,-10,a,0,0,0,0,0,0,0,0,0,0,0,0,0,22.360679774997898
1699,b,b,W,51560,1088,52,8,a,0,0,0,0,0,0,0,0,0,0,0,1,0,52.61178575186362
1700,b,b,W,37610,1004,11,0,a,0,0,0,0,0,0,0,0,0,0,0,0,0,11.0
1701,b,b,W,36100,608,8,17,a,0,0,0,0,0,0,0,0,0,0,1,1,0,18.788294228055936
1702,b,b,N,32600,880,224,153,a,2,1,0,1,0,0,0,0,60500,60000,0,1,0,271.26555254952666
1703,a,b,W,18820,396,-45,-28,a,0,0,0,0,0,0,0,0,0,0,1,0,1,53.0
1704,a,b,W,25710,365,-25,-33,a,1,0,0,1,0,0,0,0,10000,10000,0,0,1,41.400483088968905
1705,a,b,W,14000,286,-59,-48,a,0,0,0,0,0,0,0,0,0,0,0,0,1,76.05918747922567
1706,a,b,W,18680,586,-47,-44,a,2,1,1,0,0,0,0,0,2500,2000,0,0,1,64.38167441127949
1707,a,b,W,37440,686,7,-35,a,0,0,0,0,0,0,0,0,0,0,0,0,0,35.6931365951495
1708,a,b,W,36460,902,4,-14,a,0,0,0,0,0,0,0,0,0,0,0,0,0,14.560219778561036
1709,a,b,W,20610,670,-41,-36,a,0,0,0,0,0,0,0,0,0,0,0,0,1,54.56189146281496
1710,a,b,W,21350,376,-38,-31,a,0,0,0,0,0,0,0,0,0,0,0,0,1,49.040799340956916
1711,a,b,W,39850,714,13,-32,a,1,1,0,0,0,0,0,0,300,300,0,0,0,34.539832078341085
1712,a,b,W,39410,1146,12,9,a,1,0,1,0,0,0,0,0,3000,3000,0,1,0,15.0
1713,a,b,W,28440,405,-19,-27,a,0,0,0,0,0,0,0,0,0,0,0,0,1,33.015148038438355
1714,a,b,W,21750,635,-38,-40,a,0,0,0,0,0,0,0,0,0,0,0,0,1,55.17245689653489
1715,a,b,W,68830,633,96,13,a,2,0,2,0,0,0,0,0,5000,3000,0,1,0,96.87620966986684
1716,a,b,W,29550,486,-16,-13,a,0,0,0,0,0,0,0,0,0,0,0,0,1,20.615528128088304
1717,a,b,W,23710,387,-32,-31,a,1,0,1,0,0,0,0,0,1000,1000,0,0,1,44.553338819890925
1718,a,b,W,24650,391,-30,-30,a,0,0,0,0,0,0,0,0,0,0,0,0,1,42.42640687119285
1719,b,b,W,31030,534,-8,0,a,1,1,0,0,0,0,0,0,600,600,0,0,0,8.0
1720,b,b,N,19200,418,131,149,a,0,0,0,0,0,0,0,0,0,0,0,1,0,198.39858870465787
1721,b,b,N,23200,366,179,118,a,0,0,0,0,0,0,0,0,0,0,0,1,0,214.39449619801343
1722,b,b,N,10820,426,8,22,a,1,0,1,0,0,0,0,0,3000,3000,0,1,0,23.40939982143925
1723,b,b,W,13360,383,-59,-61,a,0,0,0,0,0,0,0,0,0,0,0,0,1,84.86459803710851
1724,b,b,W,58460,540,73,1,a,2,1,1,0,0,0,0,0,3900,3000,1,1,0,73.00684899377592
1725,b,b,W,26370,524,73,119,a,1,0,0,1,0,0,0,0,30000,30000,0,1,0,139.60659010233005
1726,b,b,N,13110,417,57,148,a,0,0,0,0,0,0,0,0,0,0,0,1,0,158.59697348940804
1727,b,a,N,11010,319,32,90,a,0,0,0,0,0,0,0,0,0,0,0,1,0,95.51963149007642
1728,b,a,N,15840,275,90,64,a,1,0,1,0,0,0,0,0,4000,4000,0,1,0,110.43550153822818
1729,b,a,N,12650,214,52,27,a,0,0,0,0,0,0,0,0,0,0,0,1,0,58.59180830116101
1730,b,a,N,10020,370,0,6,a,0,0,0,0,0,0,0,0,0,0,0,0,0,6.0
1731,b,a,W,11390,233,-66,-55,a,0,0,0,0,0,0,0,0,0,0,0,0,1,85.9127464349732
1732,b,a,W,19890,236,-40,-55,a,1,0,1,0,0,0,0,0,8000,8000,1,0,1,68.00735254367721
1733,b,a,W,56940,769,72,48,a,1,0,0,1,0,0,0,0,40000,40000,0,1,0,86.53323061113575
1734,b,a,W,27390,674,-17,30,a,0,0,0,0,0,0,0,0,0,0,0,0,0,34.48187929913333
1735,b,a,W,26940,429,-18,-17,a,0,0,0,0,0,0,0,0,0,0,0,0,1,24.758836806279895
1736,b,a,N,15760,318,89,89,a,0,0,0,0,0,0,0,0,0,0,0,1,0,125.86500705120545
1737,b,a,N,13160,271,58,61,a,0,0,0,0,0,0,0,0,0,0,0,1,0,84.17244204607586
1738,b,a,W,20550,381,-37,-26,a,0,0,0,0,0,0,0,0,0,0,1,0,1,45.221676218380054
1739,b,a,W,28510,805,-7,-13,a,1,0,0,1,0,0,0,0,10000,10000,0,0,1,14.7648230602334
1740,b,a,W,26210,619,-20,20,a,0,0,0,0,0,0,0,0,0,0,1,0,0,28.284271247461902
1741,b,a,N,18840,434,126,158,a,1,0,0,0,1,0,0,0,300000,300000,0,1,0,202.08908926510605
1742,b,a,N,18440,398,122,137,a,1,1,0,0,0,0,0,0,200,200,0,1,0,183.44754018519845
1743,b,a,N,11080,343,33,104,a,0,0,0,0,0,0,0,0,0,0,0,1,0,109.11003620199197
1744,b,a,N,16380,736,63,112,a,0,0,0,0,0,0,0,0,0,0,0,1,0,128.50291825480073
1745,b,a,W,27440,635,-5,-28,a,1,1,0,0,0,0,0,0,400,400,0,0,1,28.442925306655784
1746,b,a,W,44980,597,45,19,a,0,0,0,0,0,0,0,0,0,0,0,1,0,48.84669896727925
1747,b,a,W,31430,553,1,10,a,1,1,0,0,0,0,0,0,600,600,0,1,0,10.04987562112089
1748,b,a,W,21660,433,-30,-14,a,0,0,0,0,0,0,0,0,0,0,0,0,1,33.1058907144937
1749,b,a,W,38220,1192,33,35,a,1,0,1,0,0,0,0,0,6000,6000,0,1,0,48.104053883222775
1750,b,a,N,20040,777,99,123,a,0,0,0,0,0,0,0,0,0,0,0,1,0,157.8923684032892
1751,a,a,N,9660,511,-4,47,a,0,0,0,0,0,0,0,0,0,0,0,0,0,47.16990566028302
1752,a,a,N,11020,589,10,69,a,0,0,0,0,0,0,0,0,0,0,0,1,0,69.72087205421343
1753,a,a,N,10410,422,4,21,a,0,0,0,0,0,0,0,0,0,0,0,1,0,21.37755832643195
1754,a,a,N,15040,458,50,32,a,1,1,0,0,0,0,0,0,400,400,0,1,0,59.36328831862332
1755,a,a,N,5600,344,-44,-1,a,0,0,0,0,0,0,0,0,0,0,0,0,1,44.01136216933077
1756,a,a,N,7560,513,-25,47,a,1,1,0,0,0,0,0,0,300,300,0,0,0,53.23532661682466
1757,a,a,N,10370,402,3,16,a,0,0,0,0,0,0,0,0,0,0,0,1,0,16.278820596099706
1758,a,a,N,8850,361,-12,4,a,0,0,0,0,0,0,0,0,0,0,0,0,0,12.649110640673518
1759,a,a,N,5640,296,-47,-21,a,0,0,0,0,0,0,0,0,0,0,0,0,1,51.478150704935004
1760,a,a,N,6700,347,-36,-7,a,0,0,0,0,0,0,0,0,0,0,0,0,1,36.6742416417845
1761,a,a,N,10140,176,12,-5,a,0,0,0,0,0,0,0,0,0,0,0,0,0,13.0
1762,a,a,N,7290,185,-20,0,a,0,0,0,0,0,0,0,0,0,0,1,0,0,20.0
1763,a,a,N,9030,342,-14,-8,a,1,0,0,1,0,0,0,0,80000,80000,0,0,1,16.1245154965971
1764,a,a,N,3380,262,-68,-30,a,0,0,0,0,0,0,0,0,0,0,0,0,1,74.32361670424818
1765,a,a,N,5180,167,-43,-10,a,0,0,0,0,0,0,0,0,0,0,0,0,1,44.14748010928823
1766,a,a,N,10300,144,13,-22,a,0,0,0,0,0,0,0,0,0,0,0,0,0,25.553864678361276
1767,b,a,N,5350,162,-49,-57,a,0,0,0,0,0,0,0,0,0,0,0,0,1,75.16648189186454
1768,b,a,N,5520,171,-38,-8,a,0,0,0,0,0,0,0,0,0,0,0,0,1,38.8329756778952
1769,b,a,N,7300,159,210,83,a,0,0,0,0,0,0,0,0,0,0,0,1,0,225.80744009000236
1770,b,a,N,7510,141,-15,-24,a,0,0,0,0,0,0,0,0,0,0,0,0,1,28.30194339616981
1771,b,a,N,4340,129,-51,-31,a,0,0,0,0,0,0,0,0,0,0,0,0,1,59.682493245507096
1772,b,a,N,6850,355,191,309,b,0,0,0,0,0,0,0,0,0,0,0,1,0,363.2657429486023
1773,b,a,N,8880,112,-15,-71,a,1,0,1,0,0,0,0,0,7000,7000,0,0,1,72.56721022610694
1774,b,a,N,3270,118,-69,-69,a,0,0,0,0,0,0,0,0,0,0,0,0,1,97.58073580374356
1775,b,a,N,2940,123,-72,-68,a,0,0,0,0,0,0,0,0,0,0,0,0,1,99.03534722511958
1776,b,a,N,3610,107,-65,-72,a,0,0,0,0,0,0,0,0,0,0,0,0,1,97.0
1777,b,a,N,6450,112,-38,-71,a,0,0,0,0,0,0,0,0,0,0,0,0,1,80.52949770115296
1778,b,a,W,9360,157,-69,-68,a,0,0,0,0,0,0,0,0,0,0,0,0,1,96.87620966986684
1779,b,a,N,8980,189,-14,-50,a,0,0,0,0,0,0,0,0,0,0,0,0,1,51.92301994298868
1780,b,a,N,9340,153,-10,-60,a,0,0,0,0,0,0,0,0,0,0,0,0,1,60.8276253029822
1781,b,a,N,9680,210,-7,-45,a,0,0,0,0,0,0,0,0,0,0,0,0,1,45.5411901469428
1782,b,a,N,26510,445,155,17,a,1,1,0,0,0,0,0,0,900,900,0,1,0,155.92947123619703
1783,b,a,W,34120,519,14,5,a,1,1,0,0,0,0,0,0,400,400,0,1,0,14.866068747318506
1784,b,a,W,37340,683,25,38,a,0,0,0,0,0,0,0,0,0,0,0,1,0,45.48626166217664
1785,b,a,W,25550,451,-8,-47,a,0,0,0,0,0,0,0,0,0,0,0,0,1,47.67598976424087
1786,b,a,W,58850,679,113,-20,a,3,3,0,0,0,0,0,0,1300,800,1,0,0,114.75626344561765
1787,b,a,W,42330,661,53,-22,a,1,0,0,1,0,0,0,0,20000,20000,0,0,0,57.38466694161429
1788,b,a,W,53990,718,80,45,a,1,0,1,0,0,0,0,0,4000,4000,0,1,0,91.7877987534291
1789,b,a,W,18470,505,-38,2,a,0,0,0,0,0,0,0,0,0,0,0,0,0,38.05259518088089
1790,b,a,W,12870,364,-57,-26,a,0,0,0,0,0,0,0,0,0,0,0,0,1,62.64982043070834
1791,b,a,W,26300,520,-9,6,a,1,0,1,0,0,0,0,0,7000,7000,0,0,0,10.816653826391969
1792,b,a,W,36530,700,27,42,a,0,0,0,0,0,0,0,0,0,0,0,1,0,49.92995093127971
1793,b,a,W,71730,1093,149,122,a,0,0,0,0,0,0,0,0,0,0,0,1,0,192.57466084612483
1794,b,a,W,34490,594,20,21,a,0,0,0,0,0,0,0,0,0,0,0,1,0,29.0
1795,b,a,W,14390,455,-50,-8,a,1,0,1,0,0,0,0,0,1000,1000,0,0,1,50.635955604688654
1796,b,a,W,53700,573,87,16,a,0,0,0,0,0,0,0,0,0,0,0,1,0,88.45903006477066
1797,b,a,W,70980,1157,161,37,a,2,0,2,0,0,0,0,0,10000,6000,0,1,0,165.19685227025363
1798,b,a,N,35440,930,304,384,b,0,0,0,0,0,0,0,0,0,0,0,1,0,489.76729168044693
1799,b,b,N,37600,833,329,334,b,0,0,0,0,0,0,0,0,0,0,0,1,0,468.825127312946
1800,b,b,N,21780,428,110,13,a,1,0,1,0,0,0,0,0,8000,8000,0,1,0,110.76551810017412
1801,b,b,W,17370,365,-37,-54,a,0,0,0,0,0,0,0,0,0,0,0,0,1,65.45991139621256
1802,b,b,W,17580,406,-38,-16,a,0,0,0,0,0,0,0,0,0,0,0,0,1,41.23105625617661
1803,b,b,W,21900,276,128,71,a,1,1,0,0,0,0,0,0,600,600,0,1,0,146.37281168304446
1804,b,b,W,38350,532,36,10,a,0,0,0,0,0,0,0,0,0,0,0,1,0,37.36308338453881
1805,b,b,W,44640,743,58,54,a,0,0,0,0,0,0,0,0,0,0,0,1,0,79.2464510246358
1806,b,b,W,27960,591,-1,23,a,1,0,1,0,0,0,0,0,2000,2000,0,0,0,23.021728866442675
1807,b,b,W,23770,519,-21,0,a,1,1,0,0,0,0,0,0,500,500,0,0,0,21.0
1808,b,b,W,59820,855,100,65,a,2,2,0,0,0,0,0,0,600,300,0,1,0,119.26860441876563
1809,b,b,W,48020,688,61,33,a,0,0,0,0,0,0,0,0,0,0,0,1,0,69.35416353759881
1810,b,b,W,25450,504,-15,-3,a,0,0,0,0,0,0,0,0,0,0,0,0,1,15.297058540778355
1811,b,b,W,64790,909,117,76,a,1,0,1,0,0,0,0,0,8000,8000,0,1,0,139.51702405083043
1812,b,b,W,34090,601,14,16,a,0,0,0,0,0,0,0,0,0,0,0,1,0,21.2602916254693
1813,b,b,W,25130,455,-13,-42,a,1,0,1,0,0,0,0,0,1000,1000,0,0,1,43.965895873961216
1814,b,b,W,34820,550,16,6,a,0,0,0,0,0,0,0,0,0,0,0,1,0,17.08800749063506
1815,a,b,W,69880,855,144,72,a,2,2,0,0,0,0,0,0,1200,800,0,1,0,160.99689437998487
1816,a,b,W,40900,776,43,57,a,1,1,0,0,0,0,0,0,400,400,0,1,0,71.40028011149536
1817,a,b,W,57040,754,99,52,a,1,0,1,0,0,0,0,0,3000,3000,0,1,0,111.8257573191436
1818,a,b,W,69240,857,142,73,a,0,0,0,0,0,0,0,0,0,0,0,1,0,159.66527487215245
1819,a,b,W,43030,625,50,26,a,1,1,0,0,0,0,0,0,300,300,0,1,0,56.356011214421486
1820,a,b,W,34170,610,19,23,a,1,1,0,0,0,0,0,0,500,500,0,1,0,29.832867780352597
1821,a,b,N,24530,626,180,226,a,0,0,0,0,0,0,0,0,0,0,0,1,0,288.9221348391293
1822,a,b,N,17930,347,668,323,c,0,0,0,0,0,0,0,0,0,0,0,1,0,741.9925875640538
1823,a,b,N,16060,335,83,74,a,0,0,0,0,0,0,0,0,0,0,0,1,0,111.19802156513397
1824,a,b,N,24150,364,176,90,a,1,0,1,0,0,0,0,0,5000,5000,0,1,0,197.6765034089788
1825,a,b,W,17300,367,-40,-27,a,0,0,0,0,0,0,0,0,0,0,0,0,1,48.25971404805462
1826,a,b,W,59840,696,124,7,a,2,1,1,0,0,0,0,0,6300,6000,1,1,0,124.19742348374221
1827,a,b,W,52200,828,95,27,a,1,0,0,1,0,0,0,0,10000,10000,0,1,0,98.76234100101111
1828,a,b,W,29800,627,12,-4,a,0,0,0,0,0,0,0,0,0,0,0,0,0,12.649110640673518
1829,a,b,W,55310,644,107,-1,a,3,2,1,0,0,0,0,0,4900,4000,0,0,0,107.00467279516349
1830,a,b,W,40480,639,51,-2,a,0,0,0,0,0,0,0,0,0,0,0,0,0,51.03920062069938
1831,a,b,W,32830,1134,17,75,b,0,0,0,0,0,0,0,0,0,0,0,1,0,76.90253571892151
1832,a,b,W,34660,516,23,-20,b,0,0,0,0,0,0,0,0,0,0,0,0,0,30.479501308256342
1833,a,b,W,35940,609,28,-6,b,0,0,0,0,0,0,0,0,0,0,0,0,0,28.635642126552707
1834,a,b,W,25490,546,-18,2,a,0,0,0,0,0,0,0,0,0,0,0,0,0,18.110770276274835
1835,a,b,W,22830,467,-19,-28,b,1,1,0,0,0,0,0,0,500,500,0,0,1,33.83784863137726
1836,a,b,W,66030,812,112,52,a,0,0,0,0,0,0,0,0,0,0,1,1,0,123.48279232346505
1837,a,b,W,67360,1525,139,135,b,2,1,0,1,0,0,0,0,80200,80000,0,1,0,193.7679023987203
1838,a,b,W,35800,722,27,11,b,0,0,0,0,0,0,0,0,0,0,0,1,0,29.154759474226502
1839,b,b,W,21220,540,-26,-14,b,0,0,0,0,0,0,0,0,0,0,1,0,1,29.5296461204668
1840,b,b,W,32780,677,15,8,b,1,0,0,1,0,0,0,0,10000,10000,0,1,0,17.0
1841,b,b,W,51410,922,80,47,b,0,0,0,0,0,0,0,0,0,0,0,1,0,92.78469701410896
1842,b,b,W,30220,592,6,-6,b,1,1,0,0,0,0,0,0,100,100,0,0,0,8.48528137423857
1843,b,b,W,23050,428,-19,-32,b,0,0,0,0,0,0,0,0,0,0,0,0,1,37.21558813185679
1844,b,b,N,21190,402,105,6,b,1,0,1,0,0,0,0,0,6000,6000,0,1,0,105.17128885774862
1845,b,b,N,44240,678,327,79,b,0,0,0,0,0,0,0,0,0,0,0,1,0,336.4074909986399
1846,b,b,N,26360,459,154,21,b,2,2,0,0,0,0,0,0,700,500,0,1,0,155.42522317822161
1847,b,b,N,12780,376,23,-1,b,0,0,0,0,0,0,0,0,0,0,0,0,0,23.021728866442675
1848,b,b,N,13010,322,26,-15,b,0,0,0,0,0,0,0,0,0,0,0,0,0,30.01666203960727
1849,b,b,N,10600,268,2,-29,b,0,0,0,0,0,0,0,0,0,0,0,0,0,29.068883707497267
1850,b,b,N,7590,233,-27,-38,b,0,0,0,0,0,0,0,0,0,0,0,0,1,46.61544808322666
1851,b,b,N,11330,204,9,-46,b,0,0,0,0,0,0,0,0,0,0,0,0,0,46.87216658103186
1852,b,b,N,6890,204,-34,-46,b,0,0,0,0,0,0,0,0,0,0,0,0,1,57.201398584300364
1853,b,b,N,8620,172,-17,-55,b,0,0,0,0,0,0,0,0,0,0,0,0,1,57.56735185849702
1854,b,b,N,4070,173,-61,-54,b,0,0,0,0,0,0,0,0,0,0,0,0,1,81.46778504415104
1855,b,b,N,7400,169,-28,-54,b,0,0,0,0,0,0,0,0,0,0,0,0,1,60.8276253029822
1856,b,b,N,6660,153,-35,-58,b,0,0,0,0,0,0,0,0,0,0,0,0,1,67.7421582177598
1857,b,b,N,9980,145,-3,-60,b,0,0,0,0,0,0,0,0,0,0,0,0,1,60.07495318350236
1858,b,b,N,6710,164,-35,-55,b,0,0,0,0,0,0,0,0,0,0,0,0,1,65.19202405202648
1859,b,b,N,8330,113,-19,-69,b,0,0,0,0,0,0,0,0,0,0,0,0,1,71.56814934033156
1860,b,b,N,2970,142,-71,-61,b,0,0,0,0,0,0,0,0,0,0,0,0,1,93.60555539069249
1861,b,b,N,4690,126,-55,-65,b,0,0,0,0,0,0,0,0,0,0,0,0,1,85.14693182963201
1862,b,b,N,3080,123,-70,-66,b,0,0,0,0,0,0,0,0,0,0,0,0,1,96.20810776644555
1863,a,b,N,11920,141,21,-60,a,1,1,0,0,0,0,0,0,800,800,0,0,0,63.56886030125127
1864,a,b,N,5680,127,-43,-64,a,0,0,0,0,0,0,0,0,0,0,0,0,1,77.10382610480494
1865,a,b,N,4890,162,97,88,a,0,0,0,0,0,0,0,0,0,0,0,1,0,130.96946208945045
1866,a,b,N,10320,172,4,-51,a,0,0,0,0,0,0,0,0,0,0,0,0,0,51.15662224971465
1867,a,b,N,22610,242,193,30,a,0,0,0,0,0,0,0,0,0,0,0,1,0,195.3176899310454
1868,a,b,N,2410,109,-76,-69,a,0,0,0,0,0,0,0,0,0,0,0,0,1,102.6498904042279
1869,a,b,N,8690,92,-12,-74,a,1,0,1,0,0,0,0,0,4000,4000,0,0,1,74.96665925596525
1870,a,b,N,4530,98,-54,-72,a,0,0,0,0,0,0,0,0,0,0,0,0,1,90.0
1871,a,b,N,4040,92,-57,-72,a,0,0,0,0,0,0,0,0,0,0,0,0,1,91.8313671900838
1872,a,b,N,6920,100,-26,-69,a,0,0,0,0,0,0,0,0,0,0,0,0,1,73.7360156233031
1873,a,b,N,4230,126,-55,-61,a,0,0,0,0,0,0,0,0,0,0,0,0,1,82.13403679352427
1874,a,b,W,22820,311,-25,-51,a,0,0,0,0,0,0,0,0,0,0,0,0,1,56.79788728465171
1875,a,b,W,20760,326,-32,-49,a,0,0,0,0,0,0,0,0,0,0,0,0,1,58.52349955359813
1876,a,b,W,27150,441,-11,-31,a,0,0,0,0,0,0,0,0,0,0,0,0,1,32.89376840679705
1877,a,b,W,66520,685,118,7,a,0,0,0,0,0,0,0,0,0,0,0,1,0,118.20744477400736
1878,a,b,W,24360,444,-20,-31,a,0,0,0,0,0,0,0,0,0,0,0,0,1,36.89173349139343
1879,a,a,W,18160,378,-43,-41,a,0,0,0,0,0,0,0,0,0,0,0,0,1,59.413803110051795
1880,a,a,W,17860,321,-44,-50,a,1,1,0,0,0,0,0,0,400,400,0,0,1,66.60330322138685
1881,a,a,W,75050,675,134,5,a,3,0,3,0,0,0,0,0,13000,8000,0,1,0,134.09325113517085
1882,a,a,W,80100,867,150,35,a,2,1,1,0,0,0,0,0,1500,1000,0,1,0,154.02921800749363
1883,a,a,W,27740,423,-13,-34,a,0,0,0,0,0,0,0,0,0,0,0,0,1,36.40054944640259
1884,a,a,W,32430,527,1,-18,a,0,0,0,0,0,0,0,0,0,0,0,0,0,18.027756377319946
1885,a,a,W,30750,508,-4,-21,a,0,0,0,0,0,0,0,0,0,0,0,0,1,21.37755832643195
1886,a,a,W,64920,690,103,7,a,1,0,1,0,0,0,0,0,1000,1000,0,1,0,103.23759005323593
1887,a,a,W,36930,534,14,-13,a,0,0,0,0,0,0,0,0,0,0,0,0,0,19.1049731745428
1888,a,a,N,18890,386,102,19,a,1,1,0,0,0,0,0,0,400,400,0,1,0,103.75451797391764
1889,a,a,W,46400,652,43,7,a,0,0,0,0,0,0,0,0,0,0,0,1,0,43.56604182158393
1890,a,a,W,96760,1125,197,84,a,0,0,0,0,0,0,0,0,0,0,0,1,0,214.1611542740653
1891,a,a,W,40350,645,24,5,a,0,0,0,0,0,0,0,0,0,0,0,1,0,24.515301344262525
1892,a,a,W,90240,1080,177,77,a,0,0,0,0,0,0,0,0,0,0,0,1,0,193.02331465395574
1893,a,a,W,104340,1269,221,108,a,0,0,0,0,0,0,0,0,0,0,0,1,0,245.97764126033894
1894,a,a,W,32620,718,0,17,a,0,0,0,0,0,0,0,0,0,0,0,0,0,17.0
1895,a,a,N,22480,508,227,195,a,0,0,0,0,0,0,0,0,0,0,0,1,0,299.2557434703635
1896,a,a,N,28710,454,207,40,a,1,0,1,0,0,0,0,0,4000,4000,0,1,0,210.8293148497144
1897,a,a,N,29310,445,214,38,a,0,0,0,0,0,0,0,0,0,0,0,1,0,217.34764779035453
1898,a,a,W,19910,568,-42,-3,a,0,0,0,0,0,0,0,0,0,0,0,0,1,42.1070065428546
1899,a,a,W,12250,342,-64,-41,a,0,0,0,0,0,0,0,0,0,0,0,0,1,76.00657866263946
1900,a,a,W,15080,306,-56,-48,a,0,0,0,0,0,0,0,0,0,0,0,0,1,73.7563556583431
1901,a,a,W,17180,310,-50,-47,a,0,0,0,0,0,0,0,0,0,0,0,0,1,68.62215385719105
1902,a,a,W,36680,513,47,3,a,0,0,0,0,0,0,0,0,0,0,0,1,0,47.095647357266465
1903,a,a,N,14170,381,52,18,a,0,0,0,0,0,0,0,0,0,0,0,1,0,55.02726596879042
1904,a,a,N,18790,322,101,0,a,0,0,0,0,0,0,0,0,0,0,0,0,0,101.0
1905,a,a,W,14580,321,-60,-47,a,0,0,0,0,0,0,0,0,0,0,0,0,1,76.21679604916491
1906,a,a,W,22530,328,-39,-46,a,1,1,0,0,0,0,0,0,400,400,0,0,1,60.30754513325841
1907,a,a,W,18440,403,-50,-34,a,0,0,0,0,0,0,0,0,0,0,0,0,1,60.4648658313239
1908,a,a,W,64990,802,77,32,a,1,0,1,0,0,0,0,0,4000,4000,0,1,0,83.38465086573187
1909,a,a,W,36860,681,0,12,a,1,0,1,0,0,0,0,0,3000,3000,0,0,0,12.0
1910,a,a,W,18130,463,-51,-24,a,0,0,0,0,0,0,0,0,0,0,0,0,1,56.36488268416781
1911,a,a,N,14610,373,56,15,a,0,0,0,0,0,0,0,0,0,0,0,1,0,57.97413216254298
1912,a,a,N,10040,300,7,-7,a,0,0,0,0,0,0,0,0,0,0,0,0,0,9.899494936611665
1913,a,a,W,11410,250,-67,-57,a,0,0,0,0,0,0,0,0,0,0,0,0,1,87.96590248499699
1914,a,a,N,14020,251,50,-22,a,0,0,0,0,0,0,0,0,0,0,0,0,0,54.62600113499065
1915,a,a,N,12170,226,30,-30,a,0,0,0,0,0,0,0,0,0,0,0,0,0,42.42640687119285
1916,a,a,N,10040,216,7,-33,a,0,0,0,0,0,0,0,0,0,0,0,0,0,33.734255586866
1917,a,a,W,9710,248,-72,-57,a,0,0,0,0,0,0,0,0,0,0,0,0,1,91.8313671900838
1918,a,a,W,55230,904,57,56,a,0,0,0,0,0,0,0,0,0,0,0,1,0,79.90619500389191
1919,a,a,W,19580,439,-44,-24,a,0,0,0,0,0,0,0,0,0,0,0,0,1,50.11985634456667
1920,a,a,N,15640,326,67,1,a,1,1,0,0,0,0,0,0,200,200,0,1,0,67.00746227100382
1921,a,a,N,13610,262,46,-19,a,0,0,0,0,0,0,0,0,0,0,0,0,0,49.76946855251722
1922,a,a,N,9280,294,35,71,a,0,0,0,0,0,0,0,0,0,0,0,1,0,79.1580697086532
1923,a,a,N,9000,241,31,40,a,0,0,0,0,0,0,0,0,0,0,0,1,0,50.60632371551998
1924,a,a,N,23440,514,151,59,a,1,0,1,0,0,0,0,0,8000,8000,0,1,0,162.1172415260018
1925,a,a,N,6660,274,-29,-15,a,0,0,0,0,0,0,0,0,0,0,0,0,1,32.64965543462902
1926,a,a,N,5480,236,-20,37,a,0,0,0,0,0,0,0,0,0,0,0,0,0,42.05948168962618
1927,a,a,N,8030,224,31,42,a,0,0,0,0,0,0,0,0,0,0,0,1,0,52.20153254455275
1928,a,a,N,4170,181,-49,-34,a,0,0,0,0,0,0,0,0,0,0,0,0,1,59.64059020499378
1929,a,a,N,7160,182,-13,-34,a,0,0,0,0,0,0,0,0,0,0,0,0,1,36.40054944640259
1930,a,a,N,13640,210,123,33,a,0,0,0,0,0,0,0,0,0,0,0,1,0,127.34991166074674
1931,a,a,N,4310,172,-30,9,a,0,0,0,0,0,0,0,0,0,0,0,0,0,31.32091952673165
1932,a,a,N,3250,127,-47,-20,a,0,0,0,0,0,0,0,0,0,0,0,0,1,51.07837115648854
1933,a,a,N,3520,107,-42,-32,a,0,0,0,0,0,0,0,0,0,0,0,0,1,52.80151512977634
1934,a,a,N,2270,78,-82,-69,a,0,0,0,0,0,0,0,0,0,0,0,0,1,107.16809226630845
1935,a,a,N,6130,111,-28,-59,a,0,0,0,0,0,0,0,0,0,0,0,0,1,65.30696746902278
1936,a,a,N,3470,84,-59,-69,a,0,0,0,0,0,0,0,0,0,0,0,0,1,90.78546139112804
1937,a,a,N,9680,139,14,-48,a,1,1,0,0,0,0,0,0,700,700,0,0,0,50.0
1938,a,a,N,8680,188,31,7,a,0,0,0,0,0,0,0,0,0,0,0,1,0,31.78049716414141
1939,a,a,N,2440,104,-71,-61,a,0,0,0,0,0,0,0,0,0,0,0,0,1,93.60555539069249
1940,a,a,N,1350,112,-80,-36,a,0,0,0,0,0,0,0,0,0,0,0,0,1,87.72684879784524
1941,a,a,N,5440,126,-18,-28,a,1,1,0,0,0,0,0,0,300,300,0,0,1,33.28663395418648
1942,a,a,N,9990,118,17,-56,a,1,0,1,0,0,0,0,0,1000,1000,0,0,0,58.52349955359813
1943,a,a,N,2960,108,-76,-57,a,0,0,0,0,0,0,0,0,0,0,0,0,1,95.0
1944,a,a,N,7020,98,-44,-61,a,0,0,0,0,0,0,0,0,0,0,0,0,1,75.21303078589507
1945,a,a,N,6130,129,-27,-50,a,0,0,0,0,0,0,0,0,0,0,0,0,1,56.824290580701486
1946,a,a,W,7320,177,-71,-65,a,0,0,0,0,0,0,0,0,0,0,0,0,1,96.26006440887103
1947,a,a,W,5710,195,-77,-61,a,0,0,0,0,0,0,0,0,0,0,0,0,1,98.2344135219425
1948,a,a,W,7430,196,-70,-61,a,0,0,0,0,0,0,0,0,0,0,0,0,1,92.84934033152847
1949,a,a,W,22220,415,-5,-11,a,1,0,1,0,0,0,0,0,7000,7000,0,0,1,12.083045973594572
1950,a,a,W,26400,510,13,9,a,0,0,0,0,0,0,0,0,0,0,0,1,0,15.811388300841896
1951,a,a,W,11610,315,-21,3,a,0,0,0,0,0,0,0,0,0,0,0,0,0,21.213203435596427
1952,a,a,W,14580,308,-42,-38,a,0,0,0,0,0,0,0,0,0,0,0,0,1,56.639209034025185
1953,a,a,W,20760,324,41,6,a,1,1,0,0,0,0,0,0,400,400,1,1,0,41.43669871020132
1954,a,a,W,28380,628,14,26,a,1,0,0,1,0,0,0,0,20000,20000,0,1,0,29.5296461204668
1955,a,a,W,42140,525,187,72,a,1,0,1,0,0,0,0,0,5000,5000,0,1,0,200.38213493223392
1956,a,a,W,20350,439,39,44,a,0,0,0,0,0,0,0,0,0,0,0,1,0,58.7962583843564
1957,a,a,W,31810,514,27,3,a,1,1,0,0,0,0,0,0,100,100,0,1,0,27.16615541441225
1958,a,a,W,44190,696,201,129,a,1,0,1,0,0,0,0,0,2000,2000,0,1,0,238.83467084994172
1959,b,a,W,28290,527,100,79,a,0,0,0,0,0,0,0,0,0,0,0,1,0,127.4401820463232
1960,b,a,W,25090,383,78,30,a,0,0,0,0,0,0,0,0,0,0,0,1,0,83.57032966310472
1961,b,a,W,16750,398,19,35,a,0,0,0,0,0,0,0,0,0,0,0,1,0,39.824615503479755
1962,b,a,W,21650,348,53,18,a,0,0,0,0,0,0,0,0,0,0,0,1,0,55.97320787662612
1963,b,a,W,27320,453,17,-4,a,0,0,0,0,0,0,0,0,0,0,1,0,0,17.46424919657298
1964,b,a,W,60930,866,101,72,a,1,0,0,1,0,0,0,0,10000,10000,0,1,0,124.03628501370073
1965,b,a,W,19660,644,-16,36,a,0,0,0,0,0,0,0,0,0,0,0,0,0,39.395431207184416
1966,b,a,W,21000,466,-10,-1,a,0,0,0,0,0,0,0,0,0,0,0,0,1,10.04987562112089
1967,b,a,W,13600,368,-11,20,a,1,1,0,0,0,0,0,0,800,800,0,0,0,22.825424421026653
1968,b,a,W,18780,337,-35,-32,a,2,1,1,0,0,0,0,0,9900,9000,0,0,1,47.4236228055175
1969,b,a,W,19920,400,-15,-15,a,0,0,0,0,0,0,0,0,0,0,0,0,1,21.213203435596427
1970,b,a,W,20050,295,-14,-37,a,0,0,0,0,0,0,0,0,0,0,0,0,1,39.56008088970496
1971,b,a,W,18420,255,-21,-46,a,0,0,0,0,0,0,0,0,0,0,0,0,1,50.566787519082126
1972,b,a,W,36100,350,54,-26,a,1,1,0,0,0,0,0,0,100,100,0,0,0,59.93329625508679
1973,b,a,W,57010,535,144,14,a,1,1,0,0,0,0,0,0,600,600,0,1,0,144.6789549312546
1974,b,a,W,56060,600,140,27,a,0,0,0,0,0,0,0,0,0,0,0,1,0,142.57980221616245
1975,b,a,W,31320,407,35,-13,a,1,0,1,0,0,0,0,0,2000,2000,0,0,0,37.33630940518894
1976,b,a,W,26330,386,13,-18,a,0,0,0,0,0,0,0,0,0,0,0,0,0,22.20360331117452
1977,b,a,W,19640,302,-16,-36,a,0,0,0,0,0,0,0,0,0,0,0,0,1,39.395431207184416
1978,b,a,W,41260,529,77,13,a,0,0,0,0,0,0,0,0,0,0,0,1,0,78.08969202141856
1979,b,a,W,60320,632,159,35,a,1,0,1,0,0,0,0,0,3000,3000,0,1,0,162.8066337714775
1980,b,a,W,47840,594,106,27,a,0,0,0,0,0,0,0,0,0,0,0,1,0,109.38464243210744
1981,b,a,W,18690,401,-20,-15,a,1,1,0,0,0,0,0,0,700,700,0,0,1,25.0
1982,b,a,W,35830,407,54,-13,a,0,0,0,0,0,0,0,0,0,0,0,0,0,55.54277630799526
1983,a,a,W,30650,424,29,-8,a,1,0,1,0,0,0,0,0,4000,4000,0,0,0,30.083217912982647
1984,a,a,W,38400,555,62,21,a,2,0,2,0,0,0,0,0,12000,8000,0,1,0,65.45991139621256
1985,a,a,W,48560,726,105,58,a,0,0,0,0,0,0,0,0,0,0,1,1,0,119.95415791042844
1986,a,a,W,42210,662,78,44,a,2,0,1,1,0,0,0,0,33000,30000,0,1,0,89.55445270895244
1987,a,a,W,48390,532,104,16,a,0,0,0,0,0,0,0,0,0,0,0,1,0,105.22357150372724
1988,a,a,W,33310,541,40,18,a,0,0,0,0,0,0,0,0,0,0,0,1,0,43.86342439892262
1989,a,a,W,65760,772,177,68,a,0,0,0,0,0,0,0,0,0,0,0,1,0,189.61276328348785
1990,a,a,W,24300,508,2,11,a,0,0,0,0,0,0,0,0,0,0,0,1,0,11.180339887498949
1991,b,b,W,22010,380,-11,-16,b,0,0,0,0,0,0,0,0,0,0,0,0,1,19.4164878389476
1992,b,b,W,17290,278,-30,-39,b,1,0,1,0,0,0,0,0,4000,4000,0,0,1,49.20365840057018
1993,b,b,W,14460,271,-42,-40,b,0,0,0,0,0,0,0,0,0,0,0,0,1,58.0
1994,b,b,W,47200,562,91,24,b,0,0,0,0,0,0,0,0,0,0,0,1,0,94.11163583744573
1995,b,b,W,26750,408,8,-10,b,0,0,0,0,0,0,0,0,0,0,0,0,0,12.806248474865697
1996,b,b,W,19120,389,-23,-14,b,0,0,0,0,0,0,0,0,0,0,0,0,1,26.92582403567252
1997,b,b,W,21400,391,-14,-14,b,1,1,0,0,0,0,0,0,300,300,0,0,1,19.79898987322333
1998,b,b,W,62860,596,154,31,b,3,3,0,0,0,0,0,0,1300,500,0,1,0,157.08914666519772
1999,b,b,W,60490,788,129,70,b,1,1,0,0,0,0,0,0,600,600,0,1,0,146.76852523616907
2000,b,b,W,33960,593,29,28,b,1,0,1,0,0,0,0,0,4000,4000,0,1,0,40.311288741492746
2001,b,b,W,20080,370,-24,-20,b,0,0,0,0,0,0,0,0,0,0,0,0,1,31.240998703626616
2002,b,b,W,45330,648,72,40,b,2,2,0,0,0,0,0,0,900,600,1,1,0,82.365041127896
2003,b,b,W,69230,955,162,106,b,2,0,1,1,0,0,0,0,34000,30000,0,1,0,193.59752064528098
2004,b,b,W,28360,781,7,68,b,0,0,0,0,0,0,0,0,0,0,0,1,0,68.3593446428504
2005,b,b,W,14190,453,-46,-2,b,0,0,0,0,0,0,0,0,0,0,0,0,1,46.04345773288535
2006,b,b,W,15760,570,-40,23,b,1,1,0,0,0,0,0,0,300,300,0,0,0,46.14108798023731
2007,b,b,W,20640,517,-23,14,a,0,0,0,0,0,0,0,0,0,0,0,0,0,26.92582403567252
2008,b,b,W,32500,566,21,24,a,0,0,0,0,0,0,0,0,0,0,0,1,0,31.89043743820395
2009,b,b,W,47600,763,78,68,a,0,0,0,0,0,0,0,0,0,0,0,1,0,103.47946656221224
2010,b,b,W,24750,548,-8,21,a,0,0,0,0,0,0,0,0,0,0,0,0,0,22.47220505424423
2011,b,b,W,24500,488,-9,7,a,0,0,0,0,0,0,0,0,0,0,0,0,0,11.40175425099138
2012,b,b,W,63670,846,138,86,a,0,0,0,0,0,0,0,0,0,0,0,1,0,162.60381299342276
2013,b,b,W,67810,1002,153,120,a,0,0,0,0,0,0,0,0,0,0,0,1,0,194.4453650771856
2014,b,b,W,30150,691,13,52,a,0,0,0,0,0,0,0,0,0,0,0,1,0,53.600373133029585
2015,b,b,W,18490,451,-34,-4,a,0,0,0,0,0,0,0,0,0,0,0,0,1,34.23448553724738
2016,b,b,W,12670,350,-55,-25,a,0,0,0,0,0,0,0,0,0,0,0,0,1,60.41522986797286
2017,b,b,W,13590,359,-51,-23,a,1,0,1,0,0,0,0,0,1000,1000,0,0,1,55.94640292279746
2018,b,b,W,27040,347,-3,-26,a,1,1,0,0,0,0,0,0,200,200,0,0,1,26.1725046566048
2019,b,b,W,20890,386,-25,-18,a,0,0,0,0,0,0,0,0,0,0,0,0,1,30.805843601498726
2020,b,b,W,42700,700,53,49,a,1,1,0,0,0,0,0,0,400,400,0,1,0,72.18032973047436
2021,b,b,W,87060,1043,212,122,a,2,1,1,0,0,0,0,0,2800,2000,0,1,0,244.59762877019065
2022,b,b,W,43420,623,56,33,a,2,2,0,0,0,0,0,0,500,400,0,1,0,65.0
2023,b,b,W,34930,459,19,-6,a,0,0,0,0,0,0,0,0,0,0,0,0,0,19.924858845171276
2024,b,b,W,64830,916,121,88,a,1,0,1,0,0,0,0,0,6000,6000,0,1,0,149.61617559608987
2025,b,b,W,64490,755,120,55,a,0,0,0,0,0,0,0,0,0,0,0,1,0,132.00378782444085
2026,b,b,W,34620,661,18,36,a,0,0,0,0,0,0,0,0,0,0,0,1,0,40.24922359499622
2027,b,b,W,48950,744,67,53,a,0,0,0,0,0,0,0,0,0,0,0,1,0,85.42833253669417
2028,b,b,W,59950,815,105,67,a,0,0,0,0,0,0,0,0,0,0,0,1,0,124.55520864259351
2029,b,b,W,38590,716,32,47,a,0,0,0,0,0,0,0,0,0,0,0,1,0,56.859475903318
2030,b,b,W,25050,451,-14,-7,a,0,0,0,0,0,0,0,0,0,0,0,0,1,15.652475842498529
2031,a,a,W,23930,426,-20,-13,a,0,0,0,0,0,0,0,0,0,0,0,0,1,23.853720883753127
2032,a,a,W,37480,660,25,35,a,0,0,0,0,0,0,0,0,0,0,0,1,0,43.01162633521314
2033,a,a,W,41410,630,38,29,a,0,0,0,0,0,0,0,0,0,0,0,1,0,47.80167361086848
2034,a,a,W,59640,722,98,47,a,2,2,0,0,0,0,0,0,600,400,0,1,0,108.6876257906115
2035,a,a,W,26210,512,-13,4,a,0,0,0,0,0,0,0,0,0,0,0,0,0,13.601470508735444
2036,a,a,W,29730,539,-1,10,a,1,1,0,0,0,0,0,0,200,200,0,0,0,10.04987562112089
2037,a,a,W,26280,404,-13,-18,a,0,0,0,0,0,0,0,0,0,0,0,0,1,22.20360331117452
2038,a,a,N,40370,755,223,202,a,0,0,0,0,0,0,0,0,0,0,0,1,0,300.8870219866586
2039,a,a,N,20740,510,66,104,a,0,0,0,0,0,0,0,0,0,0,0,1,0,123.17467272130257
2040,a,a,N,13520,363,8,45,a,0,0,0,0,0,0,0,0,0,0,0,1,0,45.70557952810576
2041,a,a,W,24890,363,-26,-32,a,1,1,0,0,0,0,0,0,500,500,0,0,1,41.23105625617661
2042,a,a,W,31720,423,-6,-21,a,1,1,0,0,0,0,0,0,300,300,0,0,1,21.840329667841555
2043,a,a,W,19240,370,-43,-31,a,0,0,0,0,0,0,0,0,0,0,0,0,1,53.009433122794285
2044,a,a,W,25630,423,-24,-21,a,0,0,0,0,0,0,0,0,0,0,0,0,1,31.89043743820395
2045,a,a,W,21040,402,-38,-25,a,1,1,0,0,0,0,0,0,300,300,0,0,1,45.48626166217664
2046,a,a,W,32810,524,-3,-2,a,0,0,0,0,0,0,0,0,0,0,1,0,1,3.605551275463989
2047,a,a,W,33330,482,-5,-12,a,2,1,0,1,0,0,0,0,40200,40000,0,0,1,13.0
2048,a,a,W,50840,719,46,32,a,1,0,1,0,0,0,0,0,7000,7000,0,1,0,56.0357029044876
2049,a,a,W,31430,484,-10,-11,a,0,0,0,0,0,0,0,0,0,0,0,0,1,14.866068747318506
2050,a,a,W,22810,508,-35,-7,a,0,0,0,0,0,0,0,0,0,0,0,0,1,35.6931365951495
2051,a,a,W,32220,513,-8,-6,a,2,1,1,0,0,0,0,0,2300,2000,0,0,1,10.0
2052,a,a,W,49480,579,42,6,a,0,0,0,0,0,0,0,0,0,0,0,1,0,42.42640687119285
2053,a,a,W,28350,467,-19,-15,a,0,0,0,0,0,0,0,0,0,0,0,0,1,24.20743687382041
2054,a,a,W,23160,393,-34,-28,a,0,0,0,0,0,0,0,0,0,0,0,0,1,44.04543109109048
2055,b,a,W,37570,539,8,0,a,0,0,0,0,0,0,0,0,0,0,0,0,0,8.0
2056,b,a,W,27480,441,-21,-18,a,1,0,1,0,0,0,0,0,4000,4000,0,0,1,27.65863337187866
2057,b,a,W,16830,396,-14,-18,a,0,0,0,0,0,0,0,0,0,0,0,0,1,22.80350850198276
2058,b,a,W,44330,485,27,-10,a,0,0,0,0,0,0,0,0,0,0,0,0,0,28.792360097775937
2059,b,a,W,28360,434,-19,-20,a,0,0,0,0,0,0,0,0,0,0,0,0,1,27.586228448267445
2060,b,a,W,28240,460,-19,-15,a,0,0,0,0,0,0,0,0,0,0,0,0,1,24.20743687382041
2061,b,a,W,31620,520,-9,-4,a,0,0,0,0,0,0,0,0,0,0,0,0,1,9.848857801796104
2062,b,a,W,22850,515,-13,-10,a,0,0,0,0,0,0,0,0,0,0,0,0,1,16.401219466856727
2063,b,a,W,14710,321,-58,-42,a,1,0,1,0,0,0,0,0,2000,2000,0,0,1,71.61005515987263
2064,b,a,N,11210,323,-10,29,a,0,0,0,0,0,0,0,0,0,0,0,0,0,30.675723300355934
2065,b,a,N,16690,267,34,7,a,1,1,0,0,0,0,0,0,800,800,0,1,0,34.713109915419565
2066,b,a,N,15610,246,25,-2,a,0,0,0,0,0,0,0,0,0,0,0,0,0,25.079872407968907
2067,b,a,W,20330,413,-42,-25,a,0,0,0,0,0,0,0,0,0,0,0,0,1,48.877397639399746
2068,b,a,W,18920,330,-46,-40,a,1,1,0,0,0,0,0,0,200,200,0,0,1,60.959002616512684
2069,b,a,W,30130,403,-15,-27,a,0,0,0,0,0,0,0,0,0,0,0,0,1,30.886890422961002
2070,b,a,W,20660,335,-42,-39,a,1,1,0,0,0,0,0,0,200,200,0,0,1,57.3149195236284
2071,b,a,W,14110,280,-59,-49,a,0,0,0,0,0,0,0,0,0,0,0,0,1,76.69419795525604
2072,b,a,W,36910,455,6,-18,a,0,0,0,0,0,0,0,0,0,0,0,0,0,18.973665961010276
2073,b,a,W,37620,520,8,-6,a,0,0,0,0,0,0,0,0,0,0,0,0,0,10.0
2074,b,a,W,24100,392,-31,-29,a,0,0,0,0,0,0,0,0,0,0,0,0,1,42.44997055358225
2075,b,a,W,39120,651,13,18,a,2,2,0,0,0,0,0,0,1000,900,0,1,0,22.20360331117452
2076,b,a,W,54070,696,56,26,a,0,0,0,0,0,0,0,0,0,0,0,1,0,61.741396161732524
2077,b,a,W,32490,595,-7,7,a,0,0,0,0,0,0,0,0,0,0,0,0,0,9.899494936611665
2078,b,a,W,31800,585,-9,6,a,1,1,0,0,0,0,0,0,100,100,0,0,0,10.816653826391969
2079,a,a,W,28060,470,-14,-11,a,0,0,0,0,0,0,0,0,0,0,0,0,1,17.804493814764857
2080,a,a,W,42090,794,30,50,a,2,2,0,0,0,0,0,0,400,200,0,1,0,58.309518948453004
2081,a,a,W,34390,646,6,22,a,0,0,0,0,0,0,0,0,0,0,0,1,0,22.80350850198276
2082,a,a,N,39770,870,218,248,a,0,0,0,0,0,0,0,0,0,0,0,1,0,330.1938824387878
2083,a,a,N,12560,469,0,88,a,0,0,0,0,0,0,0,0,0,0,0,0,0,88.0
2084,a,a,N,15840,436,27,74,a,0,0,0,0,0,0,0,0,0,0,0,1,0,78.77182237323191
2085,a,a,N,10690,297,-14,19,a,0,0,0,0,0,0,0,0,0,0,0,0,0,23.600847442411894
2086,a,a,N,8460,223,-32,-11,a,0,0,0,0,0,0,0,0,0,0,0,0,1,33.83784863137726
2087,a,a,N,6530,266,-48,6,a,0,0,0,0,0,0,0,0,0,0,0,0,0,48.373546489791295
2088,a,a,N,9010,255,-28,2,a,0,0,0,0,0,0,0,0,0,0,0,0,0,28.071337695236398
2089,a,a,N,4720,186,-62,-26,a,0,0,0,0,0,0,0,0,0,0,0,0,1,67.23094525588644
2090,a,a,N,10250,177,-18,-29,a,0,0,0,0,0,0,0,0,0,0,0,0,1,34.132096331752024
2091,a,a,N,9890,210,-21,-16,a,0,0,0,0,0,0,0,0,0,0,0,0,1,26.40075756488817
2092,a,a,N,11330,246,-9,-2,a,0,0,0,0,0,0,0,0,0,0,0,0,1,9.219544457292887
2093,a,a,N,4140,186,-67,-26,a,0,0,0,0,0,0,0,0,0,0,0,0,1,71.8679344353238
2094,a,a,N,9700,216,-22,-14,a,0,0,0,0,0,0,0,0,0,0,0,0,1,26.076809620810597
2095,a,a,N,6860,282,-45,13,a,0,0,0,0,0,0,0,0,0,0,0,0,0,46.84015371452148
2096,a,a,N,5470,237,-56,-5,a,0,0,0,0,0,0,0,0,0,0,0,0,1,56.22277118748239
2097,a,a,N,4620,175,-63,-30,a,0,0,0,0,0,0,0,0,0,0,0,0,1,69.77822009767804
2098,a,a,N,3120,190,-75,-24,a,0,0,0,0,0,0,0,0,0,0,0,0,1,78.74642849044012
2099,a,a,N,4160,189,-67,-24,a,0,0,0,0,0,0,0,0,0,0,0,0,1,71.16881339463234
2100,a,a,N,5280,178,-29,-16,a,0,0,0,0,0,0,0,0,0,0,0,0,1,33.12099032335839
2101,a,a,N,5310,287,-58,15,a,0,0,0,0,0,0,0,0,0,0,0,0,0,59.90826320300064
2102,a,a,N,7060,241,-44,-4,a,0,0,0,0,0,0,0,0,0,0,0,0,1,44.181444068749045
2103,a,a,N,8810,262,-27,6,a,0,0,0,0,0,0,0,0,0,0,0,0,0,27.65863337187866
2104,a,a,N,8170,274,-32,11,a,0,0,0,0,0,0,0,0,0,0,0,0,0,33.83784863137726
2105,a,a,N,7080,260,-41,5,a,0,0,0,0,0,0,0,0,0,0,0,0,0,41.30375285612676
2106,a,a,N,9260,266,-23,8,a,0,0,0,0,0,0,0,0,0,0,0,0,0,24.351591323771842
2107,a,a,N,12070,296,0,20,a,1,1,0,0,0,0,0,0,100,100,0,0,0,20.0
2108,a,a,N,8440,261,-30,6,a,0,0,0,0,0,0,0,0,0,0,0,0,0,30.59411708155671
2109,a,a,N,6880,250,-43,1,a,0,0,0,0,0,0,0,0,0,0,0,0,0,43.01162633521314
2110,a,a,N,15870,312,31,26,a,1,0,1,0,0,0,0,0,4000,4000,0,1,0,40.45985664828782
2111,a,a,N,12400,313,9,28,a,0,0,0,0,0,0,0,0,0,0,0,1,0,29.410882339705484
2112,a,a,N,6160,258,-46,6,a,0,0,0,0,0,0,0,0,0,0,0,0,0,46.389654018972806
2113,a,a,N,22470,307,98,26,a,1,1,0,0,0,0,0,0,300,300,0,1,0,101.39033484509261
2114,a,a,N,8180,273,-28,12,a,0,0,0,0,0,0,0,0,0,0,0,0,0,30.463092423455635
2115,a,a,N,10730,205,-5,-16,a,0,0,0,0,0,0,0,0,0,0,0,0,1,16.76305461424021
2116,a,a,N,7090,220,-38,-10,a,0,0,0,0,0,0,0,0,0,0,0,0,1,39.293765408777
2117,a,a,N,10720,271,-5,11,a,1,1,0,0,0,0,0,0,300,300,0,0,0,12.083045973594572
2118,a,a,N,7660,221,-32,-9,a,0,0,0,0,0,0,0,0,0,0,0,0,1,33.24154027718932
2119,a,a,N,7360,213,-4,-10,a,0,0,0,0,0,0,0,0,0,0,0,0,1,10.770329614269007
2120,a,a,N,8320,213,9,-10,a,0,0,0,0,0,0,0,0,0,0,0,0,0,13.45362404707371
2121,a,a,N,7160,228,-6,-4,a,0,0,0,0,0,0,0,0,0,0,0,0,1,7.211102550927978
2122,a,a,W,13990,307,-58,-43,a,0,0,0,0,0,0,0,0,0,0,0,0,1,72.20110802473879
2123,a,a,W,14650,325,-56,-40,a,1,1,0,0,0,0,0,0,300,300,0,0,1,68.81860213634101
2124,a,a,W,30000,631,-9,17,a,2,1,1,0,0,0,0,0,8300,8000,0,0,0,19.235384061671343
2125,a,a,W,29690,636,-10,18,a,1,1,0,0,0,0,0,0,800,800,0,0,0,20.591260281974
2126,a,a,W,34900,946,6,76,a,1,0,1,0,0,0,0,0,4000,4000,0,1,0,76.23647421018367
2127,a,a,W,48930,769,54,46,a,0,0,0,0,0,0,0,0,0,0,0,1,0,70.9365914038728
2128,a,a,W,38530,952,21,81,a,0,0,0,0,0,0,0,0,0,0,0,1,0,83.67795408588812
2129,a,a,W,21480,537,-32,2,a,0,0,0,0,0,0,0,0,0,0,0,0,0,32.0624390837628
2130,a,a,W,25480,484,-20,-8,a,1,0,1,0,0,0,0,0,7000,7000,0,0,1,21.540659228538015
2131,a,a,W,43290,663,36,26,a,0,0,0,0,0,0,0,0,0,0,0,1,0,44.40720662234904
2132,a,a,W,27230,430,-14,-18,a,0,0,0,0,0,0,0,0,0,0,0,0,1,22.80350850198276
2133,a,a,W,49440,491,56,-7,a,3,1,2,0,0,0,0,0,9300,6000,0,0,0,56.43580423808985
2134,a,a,W,33900,682,7,29,a,0,0,0,0,0,0,0,0,0,0,0,1,0,29.832867780352597
2135,a,a,W,25680,515,-14,2,a,0,0,0,0,0,0,0,0,0,0,0,0,0,14.142135623730951
2136,a,a,W,10320,311,-65,-38,a,0,0,0,0,0,0,0,0,0,0,0,0,1,75.29276193632427
2137,a,a,W,11860,292,-60,-42,a,0,0,0,0,0,0,0,0,0,0,0,0,1,73.23933369440222
2138,a,a,W,14010,340,-53,-32,a,1,1,0,0,0,0,0,0,600,600,0,0,1,61.91122676865643
2139,a,a,W,16320,297,-45,-41,a,0,0,0,0,0,0,0,0,0,0,0,0,1,60.876925020897694
2140,a,a,W,23190,368,-22,-27,a,0,0,0,0,0,0,0,0,0,0,0,0,1,34.828149534535996
2141,a,a,W,48600,562,64,12,a,0,0,0,0,0,0,0,0,0,0,0,1,0,65.11528238439882
2142,a,a,W,28660,471,-3,-6,a,1,1,0,0,0,0,0,0,600,600,0,0,1,6.708203932499369
2143,a,a,W,17370,379,-42,-26,a,0,0,0,0,0,0,0,0,0,0,0,0,1,49.39635614091387
2144,a,a,W,21900,370,-27,-28,a,0,0,0,0,0,0,0,0,0,0,0,0,1,38.897300677553446
2145,a,a,W,74470,655,148,28,a,0,0,0,0,0,0,0,0,0,0,0,1,0,150.62536307010186
2146,a,a,W,40770,522,36,2,a,1,0,1,0,0,0,0,0,8000,8000,0,1,0,36.05551275463989
2147,a,a,W,14210,469,-53,-8,a,0,0,0,0,0,0,0,0,0,0,0,0,1,53.600373133029585
2148,a,a,W,15080,351,-50,-32,a,0,0,0,0,0,0,0,0,0,0,0,0,1,59.36328831862332
2149,a,a,W,28140,443,-6,-14,a,0,0,0,0,0,0,0,0,0,0,0,0,1,15.231546211727817
2150,a,a,W,42010,601,40,17,a,0,0,0,0,0,0,0,0,0,0,0,1,0,43.46262762420146
2151,a,a,W,28450,528,3,9,a,0,0,0,0,0,0,0,0,0,0,0,1,0,9.486832980505138
2152,a,a,W,77740,758,182,57,a,2,1,1,0,0,0,0,0,1200,1000,1,1,0,190.71706793048176
2153,a,a,W,39900,573,45,19,a,1,0,0,1,0,0,0,0,40000,40000,0,1,0,48.84669896727925
2154,a,a,W,31220,530,13,10,a,0,0,0,0,0,0,0,0,0,0,0,1,0,16.401219466856727
2155,a,a,W,46540,729,69,51,a,1,1,0,0,0,0,0,0,300,300,1,1,0,85.80209787645055
2156,a,a,W,64150,872,133,81,a,1,0,0,1,0,0,0,0,20000,20000,0,1,0,155.72411502397438
2157,a,a,W,45940,702,67,45,a,0,0,0,0,0,0,0,0,0,0,0,1,0,80.7093550959243
2158,a,a,W,27350,602,-1,25,a,1,1,0,0,0,0,0,0,200,200,0,0,0,25.019992006393608
2159,b,a,W,10220,408,-62,-14,a,0,0,0,0,0,0,0,0,0,0,0,0,1,63.56099432828282
2160,b,a,W,24400,352,-10,-25,a,1,0,1,0,0,0,0,0,2000,2000,0,0,1,26.92582403567252
2161,b,a,W,17120,332,-37,-30,a,0,0,0,0,0,0,0,0,0,0,0,0,1,47.634021455258214
2162,b,a,W,35540,487,31,3,a,0,0,0,0,0,0,0,0,0,0,0,1,0,31.144823004794873
2163,b,a,W,53660,627,97,33,a,3,2,1,0,0,0,0,0,2100,1000,0,1,0,102.45974819410792
2164,b,a,W,31560,491,16,4,a,1,0,1,0,0,0,0,0,2000,2000,0,1,0,16.492422502470642
2165,b,a,W,45910,656,69,39,a,0,0,0,0,0,0,0,0,0,0,0,1,0,79.25906888173743
2166,b,a,W,54920,801,102,70,a,1,1,0,0,0,0,0,0,200,200,0,1,0,123.70933675353692
2167,b,a,W,71360,827,143,67,a,2,1,1,0,0,0,0,0,4700,4000,0,1,0,157.91770008456936
2168,b,a,W,34740,563,18,13,a,0,0,0,0,0,0,0,0,0,0,0,1,0,22.20360331117452
2169,b,a,W,39830,636,36,28,a,0,0,0,0,0,0,0,0,0,0,0,1,0,45.60701700396552
2170,b,a,W,55130,800,88,61,a,0,0,0,0,0,0,0,0,0,0,0,1,0,107.07474025184464
2171,b,a,W,42060,740,43,49,a,0,0,0,0,0,0,0,0,0,0,0,1,0,65.19202405202648
2172,b,a,W,56550,1092,93,120,a,0,0,0,0,0,0,0,0,0,0,0,1,0,151.81897114655993
2173,b,a,W,65930,869,125,75,a,0,0,0,0,0,0,0,0,0,0,0,1,0,145.7737973711325
2174,b,a,W,29370,694,0,40,a,0,0,0,0,0,0,0,0,0,0,0,0,0,40.0
2175,b,b,W,74380,895,153,80,a,0,0,0,0,0,0,0,0,0,0,0,1,0,172.6528308484978
2176,b,b,W,63190,840,115,69,a,2,2,0,0,0,0,0,0,600,400,0,1,0,134.1118935814419
2177,b,b,W,90090,1132,207,128,a,1,0,1,0,0,0,0,0,4000,4000,0,1,0,243.37830634631345
2178,b,b,W,134070,1283,357,159,b,0,0,0,0,0,0,0,0,0,0,0,1,0,390.8068576675696
2179,b,b,W,100960,1183,244,138,b,1,1,0,0,0,0,0,0,100,100,0,1,0,280.3212442894758
2180,b,b,W,124380,1220,324,146,c,0,0,0,0,0,0,0,0,0,0,0,1,0,355.3758573679422
2181,b,b,W,162810,1768,455,256,c,2,2,0,0,0,0,0,0,700,500,0,1,0,522.0737495795015
2182,b,b,W,69450,1412,137,185,b,0,0,0,0,0,0,0,0,0,0,0,1,0,230.20425712831639
2183,a,c,N,47250,961,517,305,c,1,1,0,0,0,0,0,0,200,200,0,1,0,600.2616096336664
2184,a,c,N,33530,747,338,215,c,1,0,1,0,0,0,0,0,1000,1000,0,1,0,400.5858210171698
2185,a,c,N,25050,678,227,186,c,0,0,0,0,0,0,0,0,0,0,0,1,0,293.47061181658376
2186,a,c,N,24940,543,226,129,c,2,1,1,0,0,0,0,0,2500,2000,0,1,0,260.2249027283899
2187,a,c,N,24740,530,223,123,c,1,0,1,0,0,0,0,0,7000,7000,0,1,0,254.67233850577492
2188,a,c,N,24620,490,222,106,c,1,1,0,0,0,0,0,0,400,400,0,1,0,246.0081299469593
2189,a,c,W,34360,730,10,39,c,0,0,0,0,0,0,0,0,0,0,0,1,0,40.26164427839479
2190,a,c,W,101280,1116,223,112,c,1,1,0,0,0,0,0,0,700,700,0,1,0,249.545587017683
2191,a,c,W,53180,1048,34,70,c,0,0,0,0,0,0,0,0,0,0,0,1,0,77.82030583337487
2192,a,c,W,34900,798,-12,30,c,0,0,0,0,0,0,0,0,0,0,0,0,0,32.31098884280702
2193,a,c,W,71540,608,80,-1,c,2,0,2,0,0,0,0,0,4000,2000,0,0,0,80.00624975587844
2194,a,c,W,60300,575,52,-7,c,0,0,0,0,0,0,0,0,0,0,0,0,0,52.46903848937962
2195,a,c,W,43730,832,10,35,c,0,0,0,0,0,0,0,0,0,0,0,1,0,36.40054944640259
2196,a,c,W,52680,985,33,60,c,1,0,1,0,0,0,0,0,3000,3000,0,1,0,68.47627326307996
2197,a,c,W,40750,725,3,18,c,0,0,0,0,0,0,0,0,0,0,0,1,0,18.24828759089466
2198,a,c,W,37660,658,-5,7,c,0,0,0,0,0,0,0,0,0,0,0,0,0,8.602325267042627
2199,a,c,W,26590,552,-34,-13,c,0,0,0,0,0,0,0,0,0,0,0,0,1,36.40054944640259
2200,a,c,W,63410,767,57,21,c,1,1,0,0,0,0,0,0,600,600,0,1,0,60.74537019394976
2201,a,c,W,51740,847,28,33,c,1,1,0,0,0,0,0,0,200,200,0,1,0,43.278170016764804
2202,a,c,W,27950,702,-31,10,c,0,0,0,0,0,0,0,0,0,0,0,0,0,32.57299494980466
2203,a,c,W,37170,881,-8,39,c,0,0,0,0,0,0,0,0,0,0,0,0,0,39.81205847478876
2204,a,c,W,38620,719,-4,13,c,1,1,0,0,0,0,0,0,500,500,0,0,0,13.601470508735444
2205,a,c,W,54500,757,35,19,c,0,0,0,0,0,0,0,0,0,0,0,1,0,39.824615503479755
2206,a,c,W,43740,1056,9,66,c,0,0,0,0,0,0,0,0,0,0,0,1,0,66.61080993352356
2207,a,c,W,22210,658,-48,0,b,0,0,0,0,0,0,0,0,0,0,0,0,0,48.0
2208,a,c,W,52510,917,23,39,b,1,0,1,0,0,0,0,0,4000,4000,0,1,0,45.27692569068709
2209,a,c,W,67230,1155,57,75,b,2,1,1,0,0,0,0,0,3500,3000,1,1,0,94.2019108086455
2210,a,c,W,95180,1144,122,73,b,2,0,1,1,0,0,0,0,27000,20000,1,1,0,142.1724305201258
2211,a,c,W,151920,1132,255,71,b,2,1,0,1,0,0,0,0,20300,20000,0,1,0,264.6998299961675
2212,a,c,W,106030,988,148,49,b,0,0,0,0,0,0,0,0,0,0,0,1,0,155.90060936378666
2213,a,c,W,81430,886,90,34,b,0,0,0,0,0,0,0,0,0,0,0,1,0,96.20810776644555
2214,a,c,W,124850,1014,191,53,b,0,0,0,0,0,0,0,0,0,0,0,1,0,198.21705274773913
2215,b,c,W,68040,1049,50,51,b,1,0,1,0,0,0,0,0,4000,4000,0,1,0,71.42128534267638
2216,b,c,W,57440,538,27,-23,b,0,0,0,0,0,0,0,0,0,0,0,0,0,35.4682957019364
2217,b,c,W,111380,952,146,37,b,1,1,0,0,0,0,0,0,400,400,0,1,0,150.6154042586614
2218,b,c,W,84510,1049,87,51,b,1,1,0,0,0,0,0,0,200,200,0,1,0,100.84641788382967
2219,b,c,W,52690,684,16,-2,b,1,0,1,0,0,0,0,0,2000,2000,0,0,0,16.1245154965971
2220,b,c,W,87250,1048,93,51,b,1,1,0,0,0,0,0,0,500,500,0,1,0,106.06601717798213
2221,b,c,W,39900,984,-12,41,b,1,0,1,0,0,0,0,0,4000,4000,0,0,0,42.720018726587654
2222,b,c,W,45020,936,-1,35,b,1,0,1,0,0,0,0,0,1000,1000,0,0,0,35.014282800023196
2223,b,b,W,31630,577,-37,-21,a,0,0,0,0,0,0,0,0,0,0,0,0,1,42.5440947723653
2224,b,b,W,40670,608,-19,-17,a,1,1,0,0,0,0,0,0,200,200,0,0,1,25.495097567963924
2225,b,b,W,49420,819,-2,12,a,0,0,0,0,0,0,0,0,0,0,0,0,0,12.165525060596439
2226,b,b,W,25250,668,-50,-9,a,1,0,1,0,0,0,0,0,4000,4000,0,0,1,50.80354318352215
2227,b,b,W,27900,598,-45,-18,a,1,1,0,0,0,0,0,0,300,300,0,0,1,48.46648326421054
2228,b,b,W,59950,865,19,18,a,1,1,0,0,0,0,0,0,700,700,0,1,0,26.1725046566048
2229,b,b,W,44410,1113,-12,52,a,1,0,1,0,0,0,0,0,4000,4000,0,0,0,53.36665625650534
2230,b,b,N,16930,792,121,234,a,1,1,0,0,0,0,0,0,200,200,1,1,0,263.4331034627197
2231,b,b,W,7770,300,-57,-33,a,1,0,0,1,0,0,0,0,20000,20000,0,0,1,65.86349520030045
2232,b,b,W,19860,732,9,64,a,1,0,1,0,0,0,0,0,3000,3000,0,1,0,64.6297145282261
2233,b,b,W,12220,465,-78,-41,a,0,0,0,0,0,0,0,0,0,0,0,0,1,88.11923740024082
2234,b,b,W,25430,634,-11,-17,a,0,0,0,0,0,0,0,0,0,0,0,0,1,20.248456731316587
2235,b,b,W,31610,860,10,12,a,0,0,0,0,0,0,0,0,0,0,0,1,0,15.620499351813308
2236,b,b,W,57440,879,4,12,a,0,0,0,0,0,0,0,0,0,0,0,1,0,12.649110640673518
2237,b,b,W,54660,1287,90,68,a,0,0,0,0,0,0,0,0,0,0,0,1,0,112.8007092176286
2238,b,b,W,49030,1026,71,34,a,0,0,0,0,0,0,0,0,0,0,0,1,0,78.7210264160726
2239,b,a,W,68600,1052,138,33,a,1,1,0,0,0,0,0,0,900,900,0,1,0,141.89080308462562
2240,b,a,W,29560,1067,2,35,a,0,0,0,0,0,0,0,0,0,0,0,1,0,35.05709628591621
2241,b,a,W,19990,669,-64,-18,a,0,0,0,0,0,0,0,0,0,0,0,0,1,66.48308055437865
2242,b,a,W,28900,692,0,-13,a,0,0,0,0,0,0,0,0,0,0,0,0,0,13.0
2243,b,a,W,65350,1081,18,33,a,0,0,0,0,0,0,0,0,0,0,0,1,0,37.589892258425
2244,b,a,W,81480,1112,182,40,a,1,1,0,0,0,0,0,0,300,300,0,1,0,186.34376834227646
2245,b,a,W,43860,947,52,20,a,0,0,0,0,0,0,0,0,0,0,0,1,0,55.71355310873648
2246,b,a,W,60730,797,110,1,a,2,1,1,0,0,0,0,0,3600,3000,0,1,0,110.00454536063498
2247,b,a,W,70450,1244,145,58,a,0,0,0,0,0,0,0,0,0,0,0,1,0,156.16977940690063
2248,b,a,W,34140,792,19,0,a,1,1,0,0,0,0,0,0,500,500,0,0,0,19.0
2249,b,a,W,56900,761,98,-4,a,2,1,1,0,0,0,0,0,2700,2000,0,0,0,98.08159868191383
2250,b,a,W,59360,1033,107,31,a,2,1,1,0,0,0,0,0,2400,2000,1,1,0,111.40017953306898
2251,b,a,W,39100,868,36,10,a,1,0,0,1,0,0,0,0,30000,30000,0,1,0,37.36308338453881
2252,b,a,N,37050,649,435,239,b,0,0,0,0,0,0,0,0,0,0,0,1,0,496.33254980909726
2253,b,a,N,26830,584,287,205,a,0,0,0,0,0,0,0,0,0,0,0,1,0,352.6953359487477
2254,b,a,N,24870,507,259,165,b,0,0,0,0,0,0,0,0,0,0,0,1,0,307.09281984442424
2255,b,a,W,23710,481,-25,-42,a,0,0,0,0,0,0,0,0,0,0,0,0,1,48.877397639399746
2256,b,a,W,37670,488,19,-41,a,0,0,0,0,0,0,0,0,0,0,0,0,0,45.18849411078001
2257,b,a,W,29480,510,-7,-39,a,0,0,0,0,0,0,0,0,0,0,0,0,1,39.6232255123179
2258,b,a,W,77040,772,143,-7,a,1,0,1,0,0,0,0,0,2000,2000,0,0,0,143.17122615944868
2259,b,a,W,48980,1007,54,21,a,0,0,0,0,0,0,0,0,0,0,0,1,0,57.9396237474839
2260,b,a,W,76610,987,141,19,a,0,0,0,0,0,0,0,0,0,0,0,1,0,142.27438279606065
2261,b,a,W,99010,1360,82,62,a,3,1,2,0,0,0,0,0,4200,2000,1,1,0,102.80077820717118
2262,b,a,W,78580,1327,147,60,a,1,0,0,1,0,0,0,0,40000,40000,0,1,0,158.7734234687909
2263,b,b,W,68690,1038,37,-17,b,0,0,0,0,0,0,0,0,0,0,0,0,0,40.718546143004666
2264,b,b,N,23040,482,201,103,a,0,0,0,0,0,0,0,0,0,0,0,1,0,225.85393509965684
2265,b,b,N,38900,697,56,12,b,0,0,0,0,0,0,0,0,0,0,0,1,0,57.271284253105414
2266,b,b,N,35370,656,41,5,c,1,1,0,0,0,0,0,0,200,200,0,1,0,41.30375285612676
2267,b,b,N,30810,591,23,-5,c,1,1,0,0,0,0,0,0,200,200,0,0,0,23.53720459187964
2268,b,b,N,19640,556,-21,-11,b,0,0,0,0,0,0,0,0,0,0,0,0,1,23.706539182259394
2269,b,b,N,24020,462,-4,-26,b,0,0,0,0,0,0,0,0,0,0,0,0,1,26.30589287593181
2270,b,b,N,31780,538,27,-14,b,0,0,0,0,0,0,0,0,0,0,0,0,0,30.4138126514911
2271,b,b,N,23880,488,-4,-22,a,0,0,0,0,0,0,0,0,0,0,0,0,1,22.360679774997898
2272,b,b,N,19820,362,-21,-42,a,0,0,0,0,0,0,0,0,0,0,0,0,1,46.95742752749558
2273,b,b,N,9530,178,-24,-29,a,0,0,0,0,0,0,0,0,0,0,0,0,1,37.64306044943742
2274,b,b,N,6930,68,-45,-73,a,0,0,0,0,0,0,0,0,0,0,0,0,1,85.75546629807339
2275,b,b,N,6200,211,-50,-16,a,0,0,0,0,0,0,0,0,0,0,0,0,1,52.49761899362675
2276,b,b,N,4600,105,-63,-58,a,0,0,0,0,0,0,0,0,0,0,0,0,1,85.63293758829018
2277,b,b,N,13040,103,4,-59,a,1,0,1,0,0,0,0,0,3000,3000,0,0,0,59.135437767890075
2278,b,b,N,15210,133,22,-47,a,1,1,0,0,0,0,0,0,700,700,0,0,0,51.894122981316485
2279,b,b,N,7540,133,-40,-47,a,0,0,0,0,0,0,0,0,0,0,0,0,1,61.71709649683789
2280,b,b,N,2580,94,-79,-62,a,0,0,0,0,0,0,0,0,0,0,0,0,1,100.42410069301094
2281,b,b,N,5660,93,-55,-63,a,0,0,0,0,0,0,0,0,0,0,0,0,1,83.6301381082203
2282,b,b,W,22720,181,-9,-64,a,0,0,0,0,0,0,0,0,0,0,0,0,1,64.6297145282261
2283,b,b,W,36940,375,48,-25,a,0,0,0,0,0,0,0,0,0,0,0,0,0,54.120236510939236
2284,b,b,W,65960,496,164,-1,a,2,1,1,0,0,0,0,0,2200,2000,0,0,0,164.00304875214974
2285,b,b,W,49120,485,96,-3,a,0,0,0,0,0,0,0,0,0,0,1,0,0,96.04686356149273
2286,b,b,W,93280,747,273,49,a,3,0,2,1,0,0,0,0,16000,10000,0,1,0,277.3625785862253
2287,a,b,W,36410,519,46,4,a,0,0,0,0,0,0,0,0,0,0,0,1,0,46.17358552246078
2288,a,b,W,32660,290,31,-42,a,0,0,0,0,0,0,0,0,0,0,0,0,0,52.20153254455275
2289,a,b,W,48110,433,92,-13,a,0,0,0,0,0,0,0,0,0,0,0,0,0,92.91393867445294
2290,a,b,W,52020,576,108,15,a,1,1,0,0,0,0,0,0,100,100,0,1,0,109.03669107231748
2291,a,b,W,54900,426,120,-15,a,0,0,0,0,0,0,0,0,0,0,0,0,0,120.93386622447825
2292,a,b,W,32920,363,32,-27,a,0,0,0,0,0,0,0,0,0,0,1,0,0,41.86884283091664
2293,a,b,W,48050,531,92,6,a,2,0,1,0,1,0,0,0,205000,200000,0,1,0,92.19544457292888
2294,a,b,N,39280,726,214,190,a,0,0,0,0,0,0,0,0,0,0,0,1,0,286.174771774173
2295,b,b,W,38240,410,47,-15,a,1,1,0,0,0,0,0,0,100,100,0,0,0,49.33558553417604
2296,b,b,W,36650,414,41,-14,a,0,0,0,0,0,0,0,0,0,0,0,0,0,43.32435804486894
2297,b,b,W,17720,266,-32,-45,a,0,0,0,0,0,0,0,0,0,0,0,0,1,55.21775076911409
2298,b,b,W,40620,398,56,-18,a,0,0,0,0,0,0,0,0,0,0,1,0,0,58.82176467941097
2299,b,b,W,52380,469,101,-3,a,1,0,0,1,0,0,0,0,20000,20000,0,0,0,101.04454463255303
2300,b,b,W,20420,315,-22,-35,a,0,0,0,0,0,0,0,0,0,0,0,0,1,41.340053217188775
2301,b,b,W,21070,266,-19,-45,a,0,0,0,0,0,0,0,0,0,0,0,0,1,48.84669896727925
2302,b,b,W,12850,193,-51,-60,a,0,0,0,0,0,0,0,0,0,0,0,0,1,78.74642849044012
2303,a,b,W,8450,164,-70,-66,a,0,0,0,0,0,0,0,0,0,0,0,0,1,96.20810776644555
2304,a,b,W,13320,153,-52,-68,a,1,0,1,0,0,0,0,0,3000,3000,0,0,1,85.60373823613078
2305,a,b,W,9060,165,-67,-66,a,0,0,0,0,0,0,0,0,0,0,0,0,1,94.04786015641186
2306,a,b,W,58570,481,110,0,a,1,1,0,0,0,0,0,0,400,400,0,0,0,110.0
2307,a,b,W,31460,396,13,-18,a,0,0,0,0,0,0,0,0,0,0,0,0,0,22.20360331117452
2308,a,b,W,30980,480,11,0,a,0,0,0,0,0,0,0,0,0,0,0,0,0,11.0
2309,a,b,W,30180,375,8,-22,a,1,0,1,0,0,0,0,0,2000,2000,0,0,0,23.40939982143925
2310,a,b,W,45450,491,63,2,a,1,1,0,0,0,0,0,0,400,400,0,1,0,63.0317380372777
2311,a,a,W,18590,320,-34,-31,a,0,0,0,0,0,0,0,0,0,0,1,0,1,46.010868281309364
2312,a,a,W,32470,388,15,-17,a,1,0,0,1,0,0,0,0,80000,80000,0,0,0,22.67156809750927
2313,a,a,W,61200,625,116,34,a,0,0,0,0,0,0,0,0,0,0,0,1,0,120.88010589009261
2314,a,a,W,57200,773,102,66,a,2,0,2,0,0,0,0,0,5000,3000,0,1,0,121.49074038789952
2315,a,a,W,37580,574,33,23,a,0,0,0,0,0,0,0,0,0,0,0,1,0,40.22437072223753
2316,a,a,W,21680,368,-24,-21,a,0,0,0,0,0,0,0,0,0,0,0,0,1,31.89043743820395
2317,a,a,W,23170,348,-18,-25,a,0,0,0,0,0,0,0,0,0,0,0,0,1,30.805843601498726
2318,a,a,W,35570,505,25,9,a,0,0,0,0,0,0,0,0,0,0,0,1,0,26.570660511172846
2319,b,a,W,32030,350,12,-22,a,0,0,0,0,0,0,0,0,0,0,0,0,0,25.059928172283335
2320,b,a,W,76200,766,166,71,a,0,0,0,0,0,0,0,0,0,0,0,1,0,180.54639292990598
2321,b,a,W,28500,446,-1,-1,a,0,0,0,0,0,0,0,0,0,0,0,0,1,1.4142135623730951
2322,b,a,W,33590,457,17,2,a,0,0,0,0,0,0,0,0,0,0,0,1,0,17.11724276862369
2323,b,a,W,27420,400,-4,-11,a,1,1,0,0,0,0,0,0,700,700,0,0,1,11.704699910719626
2324,b,a,W,73160,654,155,46,a,1,0,1,0,0,0,0,0,3000,3000,0,1,0,161.68178623456632
2325,b,a,W,33780,525,18,17,a,0,0,0,0,0,0,0,0,0,0,0,1,0,24.758836806279895
2326,b,a,N,27200,402,118,61,a,0,0,0,0,0,0,0,0,0,0,0,1,0,132.83448347473634
2327,b,a,W,21510,334,-28,-25,a,0,0,0,0,0,0,0,0,0,0,0,0,1,37.53664875824692
2328,b,a,W,17880,237,-40,-47,a,1,0,1,0,0,0,0,0,3000,3000,0,0,1,61.71709649683789
2329,b,a,W,19180,289,-36,-35,a,0,0,0,0,0,0,0,0,0,0,0,0,1,50.20956084253277
2330,b,a,W,34800,450,17,1,a,2,1,1,0,0,0,0,0,3200,3000,0,1,0,17.029386365926403
2331,b,a,W,35010,390,18,-13,a,0,0,0,0,0,0,0,0,0,0,0,0,0,22.20360331117452
2332,b,a,W,9140,335,-69,-25,a,0,0,0,0,0,0,0,0,0,0,0,0,1,73.38937252763509
2333,b,a,W,23260,483,-22,8,a,0,0,0,0,0,0,0,0,0,0,0,0,0,23.40939982143925
2334,b,a,W,55120,713,85,59,a,2,1,1,0,0,0,0,0,9200,9000,0,1,0,103.46980235798269
2335,b,a,W,16450,378,-48,-16,a,0,0,0,0,0,0,0,0,0,0,0,0,1,50.59644256269407
2336,b,a,W,20660,400,-34,-11,a,1,1,0,0,0,0,0,0,400,400,0,0,1,35.73513677041127
2337,b,a,W,30140,426,-4,-5,a,4,1,3,0,0,0,0,0,11900,6000,0,0,1,6.4031242374328485
2338,b,a,W,52120,695,66,55,a,1,0,1,0,0,0,0,0,2000,2000,0,1,0,85.9127464349732
2339,b,a,W,25850,504,-18,13,a,0,0,0,0,0,0,0,0,0,0,0,0,0,22.20360331117452
2340,b,a,W,25160,411,-20,-8,a,0,0,0,0,0,0,0,0,0,0,1,0,1,21.540659228538015
2341,b,a,W,23860,389,-24,-13,a,1,0,0,1,0,0,0,0,40000,40000,0,0,1,27.294688127912362
2342,b,a,W,58660,728,87,63,a,2,1,1,0,0,0,0,0,2400,2000,0,1,0,107.41508273980894
2343,b,a,W,41060,555,30,27,a,0,0,0,0,0,0,0,0,0,0,0,1,0,40.36087214122113
2344,b,a,W,22440,483,-29,10,a,0,0,0,0,0,0,0,0,0,0,0,0,0,30.675723300355934
2345,b,a,W,24660,360,-22,-18,a,1,1,0,0,0,0,0,0,400,400,0,0,1,28.42534080710379
2346,b,a,W,43350,611,37,40,a,0,0,0,0,0,0,0,0,0,0,0,1,0,54.48853090330111
2347,b,a,W,17170,356,-46,-19,a,1,1,0,0,0,0,0,0,500,500,0,0,1,49.76946855251722
2348,b,a,W,60710,782,92,79,a,3,1,2,0,0,0,0,0,4800,2000,0,1,0,121.26417442921878
2349,b,a,N,28290,478,126,91,a,0,0,0,0,0,0,0,0,0,0,0,1,0,155.42522317822161
2350,b,a,N,22710,385,82,54,a,0,0,0,0,0,0,0,0,0,0,0,1,0,98.18350166906862
2351,b,a,W,9510,258,-71,-41,a,0,0,0,0,0,0,0,0,0,0,0,0,1,81.98780397107853
2352,b,a,W,16260,220,-50,-50,a,2,1,1,0,0,0,0,0,3500,3000,0,0,1,70.71067811865476
2353,b,a,W,10530,177,-67,-60,a,0,0,0,0,0,0,0,0,0,0,0,0,1,89.9388681271896
2354,b,a,W,47700,535,48,22,a,0,0,0,0,0,0,0,0,0,0,0,1,0,52.80151512977634
2355,b,a,W,34570,446,7,2,a,2,1,1,0,0,0,0,0,3300,3000,0,1,0,7.280109889280518
2356,b,a,W,7810,236,-76,-46,a,0,0,0,0,0,0,0,0,0,0,0,0,1,88.83692925805124
2357,b,a,W,23170,354,-28,-19,a,1,1,0,0,0,0,0,0,600,600,0,0,1,33.83784863137726
2358,b,a,W,15650,316,-52,-28,a,0,0,0,0,0,0,0,0,0,0,0,0,1,59.0592922409336
2359,b,a,W,24140,285,-27,-35,a,0,0,0,0,0,0,0,0,0,0,0,0,1,44.204072210600685
2360,b,a,W,44990,508,36,16,a,2,1,1,0,0,0,0,0,5500,5000,0,1,0,39.395431207184416
2361,b,a,W,25910,424,-22,-3,a,1,1,0,0,0,0,0,0,900,900,0,0,1,22.20360331117452
2362,b,a,W,18310,317,-45,-27,a,0,0,0,0,0,0,0,0,0,0,0,0,1,52.478567053607705
2363,b,a,W,54980,544,66,24,a,2,1,1,0,0,0,0,0,1400,1000,0,1,0,70.22819946431775
2364,b,a,W,26080,420,-21,-4,a,2,0,2,0,0,0,0,0,4000,2000,0,0,1,21.37755832643195
2365,b,a,N,8520,254,-32,2,a,0,0,0,0,0,0,0,0,0,0,0,0,0,32.0624390837628
2366,b,a,W,19160,376,-42,-14,a,0,0,0,0,0,0,0,0,0,0,0,0,1,44.27188724235731
2367,a,a,W,26620,356,-18,-15,a,0,0,0,0,0,0,0,0,0,0,0,0,1,23.430749027719962
2368,a,a,W,27780,386,-15,-8,a,1,0,1,0,0,0,0,0,5000,5000,0,0,1,17.0
2369,a,a,W,28920,472,-11,13,a,1,1,0,0,0,0,0,0,200,200,0,0,0,17.029386365926403
2370,a,a,W,24360,351,-25,-16,a,2,2,0,0,0,0,0,0,1300,900,0,0,1,29.68164415931166
2371,a,a,W,11210,296,-66,-29,a,0,0,0,0,0,0,0,0,0,0,0,0,1,72.09022125087424
2372,a,a,W,42220,382,29,-9,a,1,0,1,0,0,0,0,0,8000,8000,0,0,0,30.364452901377952
2373,a,a,W,14590,865,45,90,a,0,0,0,0,0,0,0,0,0,0,0,1,0,100.62305898749054
2374,a,a,W,9160,300,-72,-28,a,0,0,0,0,0,0,0,0,0,0,0,0,1,77.25283166331187
2375,a,a,W,6800,224,-79,-47,a,0,0,0,0,0,0,0,0,0,0,0,0,1,91.92388155425118
2376,a,a,W,7000,131,-40,-56,a,1,0,1,0,0,0,0,0,1000,1000,0,0,1,68.81860213634101
2377,a,a,W,7030,202,-78,-53,a,0,0,0,0,0,0,0,0,0,0,0,0,1,94.30270409696638
2378,a,a,W,35420,290,11,-32,a,1,1,0,0,0,0,0,0,900,900,0,0,0,33.83784863137726
2379,a,a,W,53590,527,68,24,a,1,1,0,0,0,0,0,0,900,900,0,1,0,72.11102550927978
2380,a,a,W,19390,469,-39,10,a,0,0,0,0,0,0,0,0,0,0,0,0,0,40.26164427839479
2381,a,a,W,19680,411,-38,-3,a,2,0,2,0,0,0,0,0,10000,8000,0,0,1,38.118237105091836
2382,a,a,W,67040,785,111,84,a,2,2,0,0,0,0,0,0,1600,900,0,1,0,139.20129309744217
2383,a,b,W,32270,631,8,52,a,1,1,0,0,0,0,0,0,500,500,0,1,0,52.61178575186362
2384,a,b,W,19810,364,-34,-12,a,0,0,0,0,0,0,0,0,0,0,0,0,1,36.05551275463989
2385,a,b,W,38360,759,29,83,a,1,0,1,0,0,0,0,0,7000,7000,0,1,0,87.92041856133307
2386,a,b,W,34230,551,15,33,a,1,0,1,0,0,0,0,0,2000,2000,0,1,0,36.24913792078372
2387,a,b,W,44500,660,49,59,a,2,2,0,0,0,0,0,0,1100,700,0,1,0,76.69419795525604
2388,a,b,W,22260,422,-25,2,a,0,0,0,0,0,0,0,0,0,0,0,0,0,25.079872407968907
2389,a,b,W,28280,498,-5,20,a,1,0,1,0,0,0,0,0,5000,5000,0,0,0,20.615528128088304
2390,a,b,W,32050,645,7,56,a,1,1,0,0,0,0,0,0,300,300,0,1,0,56.43580423808985
2391,a,b,W,30990,525,5,25,a,0,0,0,0,0,0,0,0,0,0,0,1,0,25.495097567963924
2392,a,b,W,20260,722,-19,-42,a,0,0,0,0,0,0,0,0,0,0,0,0,1,46.09772228646444
2393,a,b,W,32110,427,9,2,a,1,1,0,0,0,0,0,0,200,200,0,1,0,9.219544457292887
2394,a,b,W,32460,469,10,12,a,0,0,0,0,0,0,0,0,0,0,0,1,0,15.620499351813308
2395,a,b,W,25480,429,-14,2,a,0,0,0,0,0,0,0,0,0,0,0,0,0,14.142135623730951
2396,a,b,W,25460,412,-14,-2,a,0,0,0,0,0,0,0,0,0,0,0,0,1,14.142135623730951
2397,a,b,W,36770,657,25,57,a,1,0,1,0,0,0,0,0,1000,1000,0,1,0,62.24146527838174
2398,a,b,W,20580,436,-30,4,a,0,0,0,0,0,0,0,0,0,0,0,0,0,30.265491900843113
2399,a,b,N,13550,326,8,30,a,0,0,0,0,0,0,0,0,0,0,0,1,0,31.04834939252005
2400,a,b,N,21510,290,72,16,a,1,0,1,0,0,0,0,0,3000,3000,0,1,0,73.7563556583431
2401,a,b,N,13200,505,6,102,a,1,0,1,0,0,0,0,0,9000,9000,0,1,0,102.17631819555841
2402,a,b,W,34350,462,15,5,a,0,0,0,0,0,0,0,0,0,0,1,1,0,15.811388300841896
2403,a,b,N,30820,786,147,214,a,2,0,1,0,1,0,0,0,206000,200000,0,1,0,259.6247291765559
2404,a,b,N,20040,402,60,61,a,0,0,0,0,0,0,0,0,0,0,0,1,0,85.56284240252891
2405,a,b,N,9980,295,-20,18,a,0,0,0,0,0,0,0,0,0,0,0,0,0,26.90724809414742
2406,a,b,W,29160,435,-2,-1,a,0,0,0,0,0,0,0,0,0,0,0,0,1,2.23606797749979
2407,b,b,W,21760,391,-25,-11,a,1,0,1,0,0,0,0,0,1000,1000,0,0,1,27.313000567495326
2408,b,b,W,20160,317,-30,-28,a,1,1,0,0,0,0,0,0,300,300,0,0,1,41.036569057366385
2409,b,b,W,24370,428,-16,-3,a,1,0,1,0,0,0,0,0,2000,2000,0,0,1,16.278820596099706
2410,b,b,W,15560,264,-46,-40,a,0,0,0,0,0,0,0,0,0,0,0,0,1,60.959002616512684
2411,b,b,W,25760,410,-11,-7,a,1,1,0,0,0,0,0,0,200,200,0,0,1,13.038404810405298
2412,b,b,W,42340,515,46,17,a,0,0,0,0,0,0,0,0,0,0,0,1,0,49.040799340956916
2413,b,b,W,21950,375,-24,-15,a,1,0,1,0,0,0,0,0,2000,2000,0,0,1,28.30194339616981
2414,b,b,N,10030,244,-20,-2,a,0,0,0,0,0,0,0,0,0,0,0,0,1,20.09975124224178
2415,b,b,N,12540,211,0,-16,a,0,0,0,0,0,0,0,0,0,0,0,0,0,16.0
2416,b,b,W,23860,269,-11,-38,a,1,1,0,0,0,0,0,0,200,200,0,0,1,39.56008088970496
2417,b,b,W,24950,344,-7,-21,a,1,1,0,0,0,0,0,0,300,300,0,0,1,22.135943621178654
2418,b,b,W,37950,527,41,22,a,1,0,1,0,0,0,0,0,8000,8000,0,1,0,46.52956049652737
2419,b,b,N,11540,285,-8,14,a,0,0,0,0,0,0,0,0,0,0,0,0,0,16.1245154965971
2420,b,b,N,12480,260,0,4,a,0,0,0,0,0,0,0,0,0,0,0,0,0,4.0
2421,b,b,N,4330,160,-65,-36,a,0,0,0,0,0,0,0,0,0,0,0,0,1,74.30343195303969
2422,b,b,N,12520,184,0,-26,a,0,0,0,0,0,0,0,0,0,0,0,0,0,26.0
2423,a,b,N,2480,145,-80,-40,a,0,0,0,0,0,0,0,0,0,0,0,0,1,89.44271909999159
2424,a,b,N,6260,114,-49,-53,a,0,0,0,0,0,0,0,0,0,0,0,0,1,72.18032973047436
2425,a,b,N,5690,100,-53,-59,a,0,0,0,0,0,0,0,0,0,0,0,0,1,79.30952023559341
2426,a,b,N,3530,131,-71,-46,a,0,0,0,0,0,0,0,0,0,0,0,0,1,84.59905436823747
2427,a,b,N,4560,112,-63,-54,a,0,0,0,0,0,0,0,0,0,0,0,0,1,82.97590011563598
2428,a,b,N,4650,104,-62,-57,a,0,0,0,0,0,0,0,0,0,0,0,0,1,84.21995013059554
2429,a,b,W,3590,203,-69,-60,a,0,0,0,0,0,0,0,0,0,0,0,0,1,91.43850392476902
2430,a,b,N,22930,328,88,36,a,0,0,0,0,0,0,0,0,0,0,0,1,0,95.0789145920377
2431,a,a,N,13880,248,9,2,a,0,0,0,0,0,0,0,0,0,0,0,1,0,9.219544457292887
2432,a,a,N,11780,159,-7,-35,a,1,1,0,0,0,0,0,0,300,300,0,0,1,35.6931365951495
2433,a,a,N,12200,580,105,310,b,0,0,0,0,0,0,0,0,0,0,0,1,0,327.29955698106284
2434,a,a,N,4580,100,-64,-59,a,0,0,0,0,0,0,0,0,0,0,0,0,1,87.04596486914255
2435,a,a,N,3420,74,-73,-70,a,0,0,0,0,0,0,0,0,0,0,0,0,1,101.13851887386922
2436,a,a,N,2930,408,-77,67,a,0,0,0,0,0,0,0,0,0,0,0,0,0,102.06860437960343
2437,a,a,N,3130,72,-75,-71,a,0,0,0,0,0,0,0,0,0,0,0,0,1,103.27632836231156
2438,a,a,N,3160,73,-75,-70,a,0,0,0,0,0,0,0,0,0,0,0,0,1,102.59142264341595
2439,a,a,N,4400,67,-64,-71,a,0,0,0,0,0,0,0,0,0,0,0,0,1,95.58765610684259
2440,a,a,N,1910,46,-84,-80,a,0,0,0,0,0,0,0,0,0,0,0,0,1,116.0
2441,a,a,N,1400,51,-88,-78,a,0,0,0,0,0,0,0,0,0,0,0,0,1,117.5925167687128
2442,a,a,N,3000,72,-75,-69,a,0,0,0,0,0,0,0,0,0,0,0,0,1,101.91172650877817
2443,a,a,N,3540,53,-71,-77,a,0,0,0,0,0,0,0,0,0,0,0,0,1,104.7377677822093
2444,a,a,N,2520,83,-85,-75,a,0,0,0,0,0,0,0,0,0,0,0,0,1,113.35784048754634
2445,a,a,N,4870,39,-15,-71,a,1,0,1,0,0,0,0,0,6000,6000,0,0,1,72.56721022610694
2446,a,a,N,3860,53,-68,-77,a,0,0,0,0,0,0,0,0,0,0,0,0,1,102.7277956543408
2447,a,a,N,1330,54,-88,-76,a,0,0,0,0,0,0,0,0,0,0,0,0,1,116.27553482998907
2448,a,a,N,1620,55,-85,-72,a,0,0,0,0,0,0,0,0,0,0,1,0,1,111.39569111954016
2449,a,a,W,9890,89,-63,-79,a,1,0,0,1,0,0,0,0,20000,20000,0,0,1,101.04454463255303
2450,a,a,W,4150,262,-64,-49,a,0,0,0,0,0,0,0,0,0,0,0,0,1,80.60397012554654
2451,a,a,W,7870,141,-71,-67,a,1,1,0,0,0,0,0,0,700,700,0,0,1,97.62171889492625
2452,a,a,W,20380,338,-24,-22,a,1,1,0,0,0,0,0,0,200,200,0,0,1,32.55764119219941
2453,a,a,W,26660,486,-1,12,a,0,0,0,0,0,0,0,0,0,0,0,0,0,12.041594578792296
2454,a,a,W,25050,353,-7,-19,a,0,0,0,0,0,0,0,0,0,0,0,0,1,20.248456731316587
2455,b,a,W,12950,343,-12,-9,a,0,0,0,0,0,0,0,0,0,0,0,0,1,15.0
2456,b,a,W,29720,368,12,-14,a,1,0,1,0,0,0,0,0,4000,4000,0,0,0,18.439088914585774
2457,b,a,W,11480,260,-57,-39,a,0,0,0,0,0,0,0,0,0,0,0,0,1,69.06518659932803
2458,b,a,W,12220,249,-54,-42,a,0,0,0,0,0,0,0,0,0,0,0,0,1,68.41052550594829
2459,b,a,W,5890,166,-60,-56,a,0,0,0,0,0,0,0,0,0,0,0,0,1,82.07313811473277
2460,b,a,W,7240,164,-51,-57,a,0,0,0,0,0,0,0,0,0,0,0,0,1,76.48529270389177
2461,b,a,W,6580,161,-75,-63,a,0,0,0,0,0,0,0,0,0,0,0,0,1,97.94896630388705
2462,b,a,W,28590,387,8,-10,a,2,2,0,0,0,0,0,0,1300,900,0,0,0,12.806248474865697
2463,b,a,W,16820,244,-32,-39,a,0,0,0,0,0,0,0,0,0,0,0,0,1,50.44799302251776
2464,b,a,W,15650,664,45,42,a,1,1,0,0,0,0,0,0,800,800,0,1,0,61.554853586049575
2465,b,a,W,9820,167,-60,-58,a,0,0,0,0,0,0,0,0,0,0,0,0,1,83.45058418010026
2466,b,a,W,16220,753,50,61,a,0,0,0,0,0,0,0,0,0,0,0,1,0,78.87331614684399
2467,b,a,W,7340,166,-53,-54,a,0,0,0,0,0,0,0,0,0,0,0,0,1,75.66372975210778
2468,b,a,W,13390,203,-14,-43,a,0,0,0,0,0,0,0,0,0,0,0,0,1,45.221676218380054
2469,b,a,W,32310,465,31,16,a,0,0,0,0,0,0,0,0,0,0,0,1,0,34.88552708502482
2470,b,a,W,15190,208,-38,-48,a,1,1,0,0,0,0,0,0,700,700,0,0,1,61.220911460055866
2471,b,a,N,5700,135,-50,-40,a,0,0,0,0,0,0,0,0,0,0,0,0,1,64.03124237432849
2472,b,a,N,9640,130,-16,-42,a,1,0,1,0,0,0,0,0,5000,5000,0,0,1,44.94441010848846
2473,b,a,N,4380,134,-60,-31,a,0,0,0,0,0,0,0,0,0,0,0,0,1,67.53517601961218
2474,b,a,W,9940,142,-56,-62,a,0,0,0,0,0,0,0,0,0,0,0,0,1,83.54639429682169
2475,b,a,W,11550,152,-49,-60,a,1,1,0,0,0,0,0,0,100,100,0,0,1,77.46612162745726
2476,b,a,W,9050,436,-10,1,a,0,0,0,0,0,0,0,0,0,0,0,0,0,10.04987562112089
2477,b,a,W,7060,150,-69,-60,a,0,0,0,0,0,0,0,0,0,0,0,0,1,91.43850392476902
2478,b,a,W,18980,247,-16,-34,a,0,0,0,0,0,0,0,0,0,0,0,0,1,37.57658845611187
2479,a,a,W,16030,236,-28,-36,a,2,1,1,0,0,0,0,0,5200,5000,0,0,1,45.60701700396552
2480,a,a,W,10870,220,-51,-40,a,0,0,0,0,0,0,0,0,0,0,0,0,1,64.81512169239521
2481,a,a,W,9790,422,-4,-6,a,0,0,0,0,0,0,0,0,0,0,0,0,1,7.211102550927978
2482,a,a,W,11660,209,-47,-43,a,1,1,0,0,0,0,0,0,400,400,0,0,1,63.702433234531945
2483,a,a,W,25920,369,17,0,a,0,0,0,0,0,0,0,0,0,0,0,0,0,17.0
2484,a,a,W,20570,346,-7,-6,a,0,0,0,0,0,0,0,0,0,0,0,0,1,9.219544457292887
2485,a,a,W,11740,278,-47,-25,a,0,0,0,0,0,0,0,0,0,0,0,0,1,53.23532661682466
2486,a,a,W,8160,148,-51,-57,a,1,1,0,0,0,0,0,0,300,300,0,0,1,76.48529270389177
2487,a,a,W,11890,475,23,10,a,0,0,0,0,0,0,0,0,0,0,0,1,0,25.079872407968907
2488,a,a,W,10080,349,11,40,a,1,0,1,0,0,0,0,0,3000,3000,0,1,0,41.48493702538308
2489,a,a,W,8620,239,-58,-31,a,0,0,0,0,0,0,0,0,0,0,0,0,1,65.76473218982953
2490,a,a,W,19740,888,103,105,a,0,0,0,0,0,0,0,0,0,0,0,1,0,147.08500943332058
2491,a,a,W,5600,119,-63,-63,a,0,0,0,0,0,0,0,0,0,0,0,0,1,89.09545442950498
2492,a,a,N,10590,442,223,218,a,0,0,0,0,0,0,0,0,0,0,0,1,0,311.8541325684173
2493,a,a,N,11380,290,0,30,a,0,0,0,0,0,0,0,0,0,0,0,0,0,30.0
2494,a,a,N,5640,193,-48,0,a,0,0,0,0,0,0,0,0,0,0,0,0,0,48.0
2495,a,a,N,8710,126,-24,-44,a,0,0,0,0,0,0,0,0,0,0,0,0,1,50.11985634456667
2496,a,a,N,6760,136,-41,-39,a,1,0,1,0,0,0,0,0,1000,1000,0,0,1,56.586217403180434
2497,a,a,N,5130,115,-55,-49,a,0,0,0,0,0,0,0,0,0,0,0,0,1,73.66138744281159
2498,a,a,W,9940,226,-49,-32,a,1,1,0,0,0,0,0,0,500,500,0,0,1,58.52349955359813
2499,a,a,W,19170,430,-1,29,a,0,0,0,0,0,0,0,0,0,0,0,0,0,29.017236257093817
2500,a,a,W,13070,282,-11,-12,a,0,0,0,0,0,0,0,0,0,0,0,0,1,16.278820596099706
2501,a,a,W,8210,247,-44,-23,a,0,0,0,0,0,0,0,0,0,0,0,0,1,49.64876634922564
2502,a,a,W,17250,228,-11,-32,a,1,0,1,0,0,0,0,0,2000,2000,0,0,1,33.83784863137726
2503,a,a,W,8620,201,-51,-37,a,0,0,0,0,0,0,0,0,0,0,0,0,1,63.00793600809346
2504,a,a,W,15290,315,-13,-1,a,1,1,0,0,0,0,0,0,400,400,0,0,1,13.038404810405298
2505,a,a,W,27320,414,220,79,a,1,1,0,0,0,0,0,0,200,200,0,1,0,233.75414434828744
2506,a,a,W,23650,212,34,-33,a,2,2,0,0,0,0,0,0,1100,700,0,0,0,47.38143096192854
2507,a,a,W,17570,471,0,48,a,1,1,0,0,0,0,0,0,700,700,0,0,0,48.0
2508,a,a,W,23580,462,34,46,a,1,0,1,0,0,0,0,0,6000,6000,0,1,0,57.201398584300364
2509,a,a,W,8670,216,-51,-32,a,0,0,0,0,0,0,0,0,0,0,0,0,1,60.207972893961475
2510,a,a,W,10730,542,16,30,a,0,0,0,0,0,0,0,0,0,0,0,1,0,34.0
2511,a,a,W,24320,427,56,51,a,0,0,0,0,0,0,0,0,0,0,0,1,0,75.7429864739964
2512,a,a,W,23960,539,54,91,a,0,0,0,0,0,0,0,0,0,0,0,1,0,105.8158778255891
2513,a,a,W,10910,269,-30,-5,a,1,0,1,0,0,0,0,0,1000,1000,1,0,1,30.4138126514911
2514,a,a,W,21050,458,72,70,a,1,0,0,1,0,0,0,0,60000,60000,0,1,0,100.41912168506553
2515,a,a,W,18370,486,18,72,a,0,0,0,0,0,0,0,0,0,0,0,1,0,74.21590126111789
2516,a,a,W,18780,498,21,76,a,1,0,1,0,0,0,0,0,3000,3000,0,1,0,78.84795495128583
2517,a,a,W,8080,294,-48,4,a,0,0,0,0,0,0,0,0,0,0,0,0,0,48.16637831516918
2518,a,a,W,12080,310,-22,10,a,1,0,1,0,0,0,0,0,4000,4000,0,0,0,24.166091947189145
2519,b,a,N,5990,141,-45,-27,a,0,0,0,0,0,0,0,0,0,0,0,0,1,52.478567053607705
2520,b,a,N,6940,186,-39,-17,a,1,0,1,0,0,0,0,0,2000,2000,0,0,1,42.5440947723653
2521,b,a,N,5120,121,-55,-46,a,0,0,0,0,0,0,0,0,0,0,0,0,1,71.7007670809734
2522,b,a,W,15530,237,33,-6,a,0,0,0,0,0,0,0,0,0,0,0,0,0,33.54101966249684
2523,b,a,W,36410,646,152,142,a,0,0,0,0,0,0,0,0,0,0,1,1,0,208.00961516237658
2524,b,a,W,14050,271,-3,2,a,1,0,0,0,1,0,0,0,300000,300000,0,0,0,3.605551275463989
2525,b,a,W,10280,228,-12,-10,a,0,0,0,0,0,0,0,0,0,0,0,0,1,15.620499351813308
2526,b,a,W,17500,324,21,22,a,0,0,0,0,0,0,0,0,0,0,0,1,0,30.4138126514911
2527,b,a,N,7590,227,-34,1,a,0,0,0,0,0,0,0,0,0,0,0,0,0,34.0147027033899
2528,b,a,N,8910,209,-22,-7,a,0,0,0,0,0,0,0,0,0,0,0,0,1,23.08679276123039
2529,b,a,N,7460,189,-31,-2,a,0,0,0,0,0,0,0,0,0,0,0,0,1,31.064449134018133
2530,b,a,W,9890,183,-29,-31,a,0,0,0,0,0,0,0,0,0,0,0,0,1,42.44997055358225
2531,b,a,N,8520,216,-21,12,a,0,0,0,0,0,0,0,0,0,0,0,0,0,24.186773244895647
2532,b,a,N,9340,148,-18,-34,a,0,0,0,0,0,0,0,0,0,0,0,0,1,38.47076812334269
2533,b,a,N,2580,115,-77,-49,a,0,0,0,0,0,0,0,0,0,0,0,0,1,91.26883367283708
2534,b,a,N,2600,116,-76,-40,a,0,0,0,0,0,0,0,0,0,0,0,0,1,85.88364221433555
2535,b,a,N,4140,111,-59,-41,a,0,0,0,0,0,0,0,0,0,0,0,0,1,71.84705978674423
2536,b,a,N,8170,119,-20,-37,a,1,0,1,0,0,0,0,0,2000,2000,0,0,1,42.05948168962618
2537,b,a,N,6780,112,-33,-40,a,0,0,0,0,0,0,0,0,0,0,0,0,1,51.85556864985669
2538,b,a,N,4400,120,-57,-36,a,0,0,0,0,0,0,0,0,0,0,0,0,1,67.4166151627327
2539,b,a,W,13070,189,13,-23,a,0,0,0,0,0,0,0,0,0,0,0,0,0,26.419689627245813
2540,b,a,W,36870,579,163,119,a,1,0,1,0,0,0,0,0,5000,5000,0,1,0,201.81674856165927
2541,b,a,W,16940,288,47,18,a,0,0,0,0,0,0,0,0,0,0,0,1,0,50.32891812864648
2542,b,a,N,11190,245,10,31,a,0,0,0,0,0,0,0,0,0,0,0,1,0,32.57299494980466
2543,a,a,N,9070,195,-11,4,a,0,0,0,0,0,0,0,0,0,0,1,0,0,11.704699910719626
2544,a,a,N,9840,217,-6,6,a,1,0,0,1,0,0,0,0,10000,10000,0,0,0,8.48528137423857
2545,a,a,N,12960,194,27,3,a,0,0,0,0,0,0,0,0,0,0,0,1,0,27.16615541441225
2546,a,a,W,41970,592,220,130,a,0,0,0,0,0,0,0,0,0,0,0,1,0,255.53864678361276
2547,a,a,W,25650,553,96,115,a,0,0,0,0,0,0,0,0,0,0,0,1,0,149.80320423809366
2548,a,a,W,20750,329,88,42,a,1,1,0,0,0,0,0,0,700,700,0,1,0,97.50897394599124
2549,a,a,W,17280,394,32,53,a,1,1,0,0,0,0,0,0,100,100,0,1,0,61.91122676865643
2550,a,a,W,76490,1203,484,367,b,0,0,0,0,0,0,0,0,0,0,0,1,0,607.4084293126002
2551,a,a,W,28600,601,120,130,a,0,0,0,0,0,0,0,0,0,0,0,1,0,176.91806012954132
2552,a,a,W,22890,283,104,23,a,0,0,0,0,0,0,0,0,0,0,0,1,0,106.51291001564083
2553,a,a,W,32580,494,150,89,a,3,3,0,0,0,0,0,0,1600,700,0,1,0,174.4161689752415
2554,a,a,W,28000,572,115,119,a,0,0,0,0,0,0,0,0,0,0,1,1,0,165.48715962273326
2555,a,a,W,29320,526,125,101,a,1,0,0,1,0,0,0,0,90000,90000,0,1,0,160.70469812671936
2556,a,a,W,32210,510,147,95,a,1,1,0,0,0,0,0,0,600,600,0,1,0,175.025712396779
2557,a,a,W,12140,317,8,38,a,0,0,0,0,0,0,0,0,0,0,0,1,0,38.8329756778952
2558,a,a,W,10590,256,-19,-2,a,0,0,0,0,0,0,0,0,0,0,0,0,1,19.1049731745428
2559,b,a,N,8560,210,-18,2,a,0,0,0,0,0,0,0,0,0,0,0,0,0,18.110770276274835
2560,b,a,N,8470,203,-17,8,a,0,0,0,0,0,0,0,0,0,0,0,0,0,18.788294228055936
2561,b,a,N,7220,218,-29,16,a,0,0,0,0,0,0,0,0,0,0,0,0,0,33.12099032335839
2562,b,a,N,11700,181,15,-4,a,0,0,0,0,0,0,0,0,0,0,0,0,0,15.524174696260024
2563,b,a,N,6970,154,-33,-25,a,0,0,0,0,0,0,0,0,0,0,0,0,1,41.400483088968905
2564,b,a,W,6920,158,-41,-32,a,0,0,0,0,0,0,0,0,0,0,0,0,1,52.009614495783374
2565,b,a,W,17200,262,47,14,a,0,0,0,0,0,0,0,0,0,0,0,1,0,49.040799340956916
2566,b,a,W,42640,576,264,150,a,0,0,0,0,0,0,0,0,0,0,0,1,0,303.63794229311986
2567,b,a,W,15130,372,18,51,a,0,0,0,0,0,0,0,0,0,0,0,1,0,54.08326913195984
2568,b,a,W,15740,222,4,-27,a,1,0,1,0,0,0,0,0,6000,6000,0,0,0,27.294688127912362
2569,b,a,W,12470,227,-2,-8,a,0,0,0,0,0,0,0,0,0,0,0,0,1,8.246211251235321
2570,b,a,W,19290,268,28,-12,a,1,0,1,0,0,0,0,0,1000,1000,0,0,0,30.463092423455635
2571,b,a,W,24620,362,63,18,a,0,0,0,0,0,0,0,0,0,0,0,1,0,65.52098900352466
2572,b,a,W,13460,229,-11,-25,a,0,0,0,0,0,0,0,0,0,0,0,0,1,27.313000567495326
2573,b,a,W,14660,229,-3,-25,a,0,0,0,0,0,0,0,0,0,0,0,0,1,25.179356624028344
2574,b,a,W,37560,493,149,61,a,1,1,0,0,0,0,0,0,200,200,0,1,0,161.00310556011024
2575,b,a,W,27740,443,81,41,a,0,0,0,0,0,0,0,0,0,0,0,1,0,90.78546139112804
2576,b,a,W,15460,249,15,-2,a,0,0,0,0,0,0,0,0,0,0,0,0,0,15.132745950421556
2577,b,a,W,22060,275,64,8,a,0,0,0,0,0,0,0,0,0,0,0,1,0,64.4980619863884
2578,b,a,W,16330,270,7,-14,a,0,0,0,0,0,0,0,0,0,0,0,0,0,15.652475842498529
2579,b,a,W,28910,307,115,20,a,0,0,0,0,0,0,0,0,0,0,0,1,0,116.72617529928752
2580,b,a,W,81410,785,432,151,b,0,0,0,0,0,0,0,0,0,0,0,1,0,457.62976301809744
2581,b,a,W,42110,555,213,118,a,0,0,0,0,0,0,0,0,0,0,0,1,0,243.50154003619772
2582,b,a,W,26960,540,101,112,a,0,0,0,0,0,0,0,0,0,0,0,1,0,150.81445554057476
2583,a,a,W,16130,322,2,2,a,0,0,0,0,0,0,0,0,0,0,0,1,0,2.8284271247461903
2584,a,a,W,12750,235,-10,-10,a,0,0,0,0,0,0,0,0,0,0,0,0,1,14.142135623730951
